timestamp,team_id,split_type,opponent_team_id,as_of_date,season,status,n_players,elapsed_seconds
2026-07-20T22:14:43.653323,1610612737,overall,,2023-10-24,2023-24,empty,0,2.279
2026-07-20T22:14:45.402027,1610612737,home,,2023-10-24,2023-24,empty,0,1.031
2026-07-20T22:14:46.996718,1610612737,away,,2023-10-24,2023-24,empty,0,0.888
2026-07-20T22:14:48.480900,1610612738,overall,,2023-10-24,2023-24,empty,0,0.777
2026-07-20T22:14:50.110940,1610612738,home,,2023-10-24,2023-24,empty,0,0.925
2026-07-20T22:14:51.546424,1610612738,away,,2023-10-24,2023-24,empty,0,0.729
2026-07-20T22:17:12.223505,1610612737,overall,,2023-10-24,2023-24,empty,0,0.532
2026-07-20T22:17:13.214475,1610612737,home,,2023-10-24,2023-24,empty,0,0.258
2026-07-20T22:17:14.175667,1610612737,away,,2023-10-24,2023-24,empty,0,0.253
2026-07-20T22:17:15.153966,1610612738,overall,,2023-10-24,2023-24,empty,0,0.27
2026-07-20T22:17:16.189262,1610612738,home,,2023-10-24,2023-24,empty,0,0.332
2026-07-20T22:17:17.157931,1610612738,away,,2023-10-24,2023-24,empty,0,0.263
2026-07-20T22:17:19.548522,1610612739,overall,,2023-10-24,2023-24,empty,0,1.683
2026-07-20T22:17:21.086551,1610612739,home,,2023-10-24,2023-24,empty,0,0.83
2026-07-20T22:17:22.600915,1610612739,away,,2023-10-24,2023-24,empty,0,0.805
2026-07-20T22:17:24.705388,1610612740,overall,,2023-10-24,2023-24,empty,0,1.395
2026-07-20T22:17:26.334139,1610612740,home,,2023-10-24,2023-24,empty,0,0.922
2026-07-20T22:17:27.809789,1610612740,away,,2023-10-24,2023-24,empty,0,0.768
2026-07-20T22:17:30.368605,1610612741,overall,,2023-10-24,2023-24,empty,0,1.851
2026-07-20T22:17:32.007952,1610612741,home,,2023-10-24,2023-24,empty,0,0.931
2026-07-20T22:17:33.683387,1610612741,away,,2023-10-24,2023-24,empty,0,0.967
2026-07-20T22:17:35.795715,1610612742,overall,,2023-10-24,2023-24,empty,0,1.408
2026-07-20T22:17:37.355246,1610612742,home,,2023-10-24,2023-24,empty,0,0.855
2026-07-20T22:17:39.072249,1610612742,away,,2023-10-24,2023-24,empty,0,1.011
2026-07-20T22:17:41.688646,1610612743,overall,,2023-10-24,2023-24,ok,18,1.899
2026-07-20T22:17:43.734709,1610612743,home,,2023-10-24,2023-24,ok,18,1.322
2026-07-20T22:17:45.254950,1610612743,away,,2023-10-24,2023-24,empty,0,0.814
2026-07-20T22:17:47.593977,1610612744,overall,,2023-10-24,2023-24,ok,16,1.624
2026-07-20T22:17:49.479452,1610612744,home,,2023-10-24,2023-24,ok,16,1.175
2026-07-20T22:17:51.133794,1610612744,away,,2023-10-24,2023-24,empty,0,0.946
2026-07-20T22:17:53.194677,1610612745,overall,,2023-10-24,2023-24,empty,0,1.353
2026-07-20T22:18:01.711516,1610612745,home,,2023-10-24,2023-24,empty,0,0.0
2026-07-20T22:18:03.651353,1610612745,away,,2023-10-24,2023-24,empty,0,1.233
2026-07-20T22:18:05.995326,1610612746,overall,,2023-10-24,2023-24,empty,0,1.638
2026-07-20T22:18:07.558396,1610612746,home,,2023-10-24,2023-24,empty,0,0.859
2026-07-20T22:18:09.078042,1610612746,away,,2023-10-24,2023-24,empty,0,0.814
2026-07-20T22:18:11.090009,1610612747,overall,,2023-10-24,2023-24,ok,17,1.302
2026-07-20T22:18:12.866861,1610612747,home,,2023-10-24,2023-24,empty,0,1.07
2026-07-20T22:18:14.693637,1610612747,away,,2023-10-24,2023-24,ok,17,1.114
2026-07-20T22:18:16.788536,1610612748,overall,,2023-10-24,2023-24,empty,0,1.39
2026-07-20T22:18:18.430559,1610612748,home,,2023-10-24,2023-24,empty,0,0.935
2026-07-20T22:18:20.274172,1610612748,away,,2023-10-24,2023-24,empty,0,1.133
2026-07-20T22:18:22.489550,1610612749,overall,,2023-10-24,2023-24,empty,0,1.511
2026-07-20T22:18:24.027630,1610612749,home,,2023-10-24,2023-24,empty,0,0.833
2026-07-20T22:18:25.625061,1610612749,away,,2023-10-24,2023-24,empty,0,0.891
2026-07-20T22:18:27.722538,1610612750,overall,,2023-10-24,2023-24,empty,0,1.391
2026-07-20T22:18:29.506073,1610612750,home,,2023-10-24,2023-24,empty,0,1.076
2026-07-20T22:18:31.094257,1610612750,away,,2023-10-24,2023-24,empty,0,0.88
2026-07-20T22:18:33.108655,1610612751,overall,,2023-10-24,2023-24,empty,0,1.31
2026-07-20T22:18:34.612102,1610612751,home,,2023-10-24,2023-24,empty,0,0.798
2026-07-20T22:18:36.142166,1610612751,away,,2023-10-24,2023-24,empty,0,0.825
2026-07-20T22:18:38.129750,1610612752,overall,,2023-10-24,2023-24,empty,0,1.281
2026-07-20T22:18:39.748749,1610612752,home,,2023-10-24,2023-24,empty,0,0.911
2026-07-20T22:18:41.260603,1610612752,away,,2023-10-24,2023-24,empty,0,0.803
2026-07-20T22:18:43.474600,1610612753,overall,,2023-10-24,2023-24,empty,0,1.506
2026-07-20T22:18:45.224599,1610612753,home,,2023-10-24,2023-24,empty,0,1.045
2026-07-20T22:18:46.747251,1610612753,away,,2023-10-24,2023-24,empty,0,0.816
2026-07-20T22:18:48.910375,1610612754,overall,,2023-10-24,2023-24,empty,0,1.455
2026-07-20T22:18:50.547656,1610612754,home,,2023-10-24,2023-24,empty,0,0.93
2026-07-20T22:18:52.033481,1610612754,away,,2023-10-24,2023-24,empty,0,0.782
2026-07-20T22:18:54.136351,1610612755,overall,,2023-10-24,2023-24,empty,0,1.399
2026-07-20T22:18:55.999574,1610612755,home,,2023-10-24,2023-24,empty,0,1.159
2026-07-20T22:18:57.465077,1610612755,away,,2023-10-24,2023-24,empty,0,0.758
2026-07-20T22:18:59.684305,1610612756,overall,,2023-10-24,2023-24,ok,17,1.503
2026-07-20T22:19:01.294694,1610612756,home,,2023-10-24,2023-24,empty,0,0.905
2026-07-20T22:19:02.938801,1610612756,away,,2023-10-24,2023-24,ok,17,0.934
2026-07-20T22:19:05.037988,1610612757,overall,,2023-10-24,2023-24,empty,0,1.393
2026-07-20T22:19:06.471470,1610612757,home,,2023-10-24,2023-24,empty,0,0.725
2026-07-20T22:19:08.165729,1610612757,away,,2023-10-24,2023-24,empty,0,0.988
2026-07-20T22:19:10.111559,1610612758,overall,,2023-10-24,2023-24,empty,0,1.237
2026-07-20T22:19:11.776133,1610612758,home,,2023-10-24,2023-24,empty,0,0.956
2026-07-20T22:19:13.265704,1610612758,away,,2023-10-24,2023-24,empty,0,0.782
2026-07-20T22:19:15.575794,1610612759,overall,,2023-10-24,2023-24,empty,0,1.602
2026-07-20T22:19:17.239781,1610612759,home,,2023-10-24,2023-24,empty,0,0.957
2026-07-20T22:19:18.657364,1610612759,away,,2023-10-24,2023-24,empty,0,0.713
2026-07-20T22:19:20.753823,1610612760,overall,,2023-10-24,2023-24,empty,0,1.389
2026-07-20T22:19:22.306036,1610612760,home,,2023-10-24,2023-24,empty,0,0.844
2026-07-20T22:19:23.871442,1610612760,away,,2023-10-24,2023-24,empty,0,0.859
2026-07-20T22:19:26.286102,1610612761,overall,,2023-10-24,2023-24,empty,0,1.706
2026-07-20T22:19:27.824863,1610612761,home,,2023-10-24,2023-24,empty,0,0.836
2026-07-20T22:19:29.567899,1610612761,away,,2023-10-24,2023-24,empty,0,1.039
2026-07-20T22:19:31.653321,1610612762,overall,,2023-10-24,2023-24,empty,0,1.377
2026-07-20T22:19:33.351758,1610612762,home,,2023-10-24,2023-24,empty,0,0.994
2026-07-20T22:19:34.815975,1610612762,away,,2023-10-24,2023-24,empty,0,0.758
2026-07-20T22:19:37.056899,1610612763,overall,,2023-10-24,2023-24,empty,0,1.532
2026-07-20T22:19:38.755091,1610612763,home,,2023-10-24,2023-24,empty,0,0.992
2026-07-20T22:19:40.315454,1610612763,away,,2023-10-24,2023-24,empty,0,0.852
2026-07-20T22:19:42.500396,1610612764,overall,,2023-10-24,2023-24,empty,0,1.479
2026-07-20T22:19:44.312013,1610612764,home,,2023-10-24,2023-24,empty,0,1.104
2026-07-20T22:19:45.855309,1610612764,away,,2023-10-24,2023-24,empty,0,0.839
2026-07-20T22:19:47.929992,1610612765,overall,,2023-10-24,2023-24,empty,0,1.367
2026-07-20T22:19:49.636595,1610612765,home,,2023-10-24,2023-24,empty,0,1.002
2026-07-20T22:19:51.376191,1610612765,away,,2023-10-24,2023-24,empty,0,1.035
2026-07-20T22:19:53.425810,1610612766,overall,,2023-10-24,2023-24,empty,0,1.344
2026-07-20T22:19:54.961413,1610612766,home,,2023-10-24,2023-24,empty,0,0.83
2026-07-20T22:19:56.495555,1610612766,away,,2023-10-24,2023-24,empty,0,0.828
2026-07-20T22:19:58.586496,1610612737,overall,,2023-10-31,2023-24,ok,18,1.38
2026-07-20T22:20:00.398884,1610612737,home,,2023-10-31,2023-24,ok,18,1.102
2026-07-20T22:20:02.139286,1610612737,away,,2023-10-31,2023-24,ok,18,1.032
2026-07-20T22:20:04.602278,1610612738,overall,,2023-10-31,2023-24,ok,17,1.755
2026-07-20T22:20:06.441227,1610612738,home,,2023-10-31,2023-24,ok,17,1.128
2026-07-20T22:20:08.083888,1610612738,away,,2023-10-31,2023-24,ok,17,0.935
2026-07-20T22:20:10.111657,1610612739,overall,,2023-10-31,2023-24,ok,17,1.319
2026-07-20T22:20:11.871016,1610612739,home,,2023-10-31,2023-24,ok,17,1.048
2026-07-20T22:20:13.580800,1610612739,away,,2023-10-31,2023-24,ok,17,1.001
2026-07-20T22:20:15.453349,1610612740,overall,,2023-10-31,2023-24,ok,17,1.161
2026-07-20T22:20:17.364948,1610612740,home,,2023-10-31,2023-24,ok,17,1.201
2026-07-20T22:20:19.104104,1610612740,away,,2023-10-31,2023-24,ok,17,1.033
2026-07-20T22:20:21.359843,1610612741,overall,,2023-10-31,2023-24,ok,17,1.547
2026-07-20T22:20:23.393367,1610612741,home,,2023-10-31,2023-24,ok,17,1.325
2026-07-20T22:20:24.957467,1610612741,away,,2023-10-31,2023-24,ok,17,0.855
2026-07-20T22:20:26.737335,1610612742,overall,,2023-10-31,2023-24,ok,18,1.069
2026-07-20T22:20:28.496896,1610612742,home,,2023-10-31,2023-24,ok,18,1.049
2026-07-20T22:20:30.303822,1610612742,away,,2023-10-31,2023-24,ok,18,1.097
2026-07-20T22:20:32.768794,1610612743,overall,,2023-10-31,2023-24,ok,18,1.752
2026-07-20T22:20:34.501216,1610612743,home,,2023-10-31,2023-24,ok,18,1.023
2026-07-20T22:20:36.289622,1610612743,away,,2023-10-31,2023-24,ok,18,1.077
2026-07-20T22:20:37.882435,1610612744,overall,,2023-10-31,2023-24,ok,16,0.884
2026-07-20T22:20:39.708166,1610612744,home,,2023-10-31,2023-24,ok,16,1.119
2026-07-20T22:20:42.225003,1610612744,away,,2023-10-31,2023-24,ok,16,1.805
2026-07-20T22:20:44.232907,1610612745,overall,,2023-10-31,2023-24,ok,18,1.295
2026-07-20T22:20:46.180109,1610612745,home,,2023-10-31,2023-24,ok,18,1.24
2026-07-20T22:20:48.054169,1610612745,away,,2023-10-31,2023-24,ok,18,1.127
2026-07-20T22:20:49.908089,1610612746,overall,,2023-10-31,2023-24,ok,18,1.136
2026-07-20T22:20:51.702842,1610612746,home,,2023-10-31,2023-24,ok,18,1.083
2026-07-20T22:20:53.548269,1610612746,away,,2023-10-31,2023-24,ok,18,1.134
2026-07-20T22:20:55.286929,1610612747,overall,,2023-10-31,2023-24,ok,17,1.028
2026-07-20T22:20:56.921359,1610612747,home,,2023-10-31,2023-24,ok,17,0.927
2026-07-20T22:20:58.855004,1610612747,away,,2023-10-31,2023-24,ok,17,1.224
2026-07-20T22:21:00.708796,1610612748,overall,,2023-10-31,2023-24,ok,17,1.143
2026-07-20T22:21:02.718571,1610612748,home,,2023-10-31,2023-24,ok,17,1.302
2026-07-20T22:21:04.306716,1610612748,away,,2023-10-31,2023-24,ok,17,0.875
2026-07-20T22:21:06.163263,1610612749,overall,,2023-10-31,2023-24,ok,18,1.146
2026-07-20T22:21:07.860596,1610612749,home,,2023-10-31,2023-24,ok,18,0.981
2026-07-20T22:21:09.342178,1610612749,away,,2023-10-31,2023-24,empty,0,0.774
2026-07-20T22:21:11.061397,1610612750,overall,,2023-10-31,2023-24,ok,17,1.006
2026-07-20T22:21:12.600627,1610612750,home,,2023-10-31,2023-24,ok,17,0.817
2026-07-20T22:21:14.336639,1610612750,away,,2023-10-31,2023-24,ok,17,1.021
2026-07-20T22:21:16.354396,1610612751,overall,,2023-10-31,2023-24,ok,17,1.137
2026-07-20T22:21:18.397629,1610612751,home,,2023-10-31,2023-24,ok,17,1.326
2026-07-20T22:21:20.127507,1610612751,away,,2023-10-31,2023-24,ok,17,1.018
2026-07-20T22:21:22.223545,1610612752,overall,,2023-10-31,2023-24,ok,18,1.386
2026-07-20T22:21:24.140394,1610612752,home,,2023-10-31,2023-24,ok,18,1.206
2026-07-20T22:21:25.778154,1610612752,away,,2023-10-31,2023-24,ok,18,0.928
2026-07-20T22:21:27.502791,1610612753,overall,,2023-10-31,2023-24,ok,18,1.018
2026-07-20T22:21:29.383110,1610612753,home,,2023-10-31,2023-24,ok,18,1.166
2026-07-20T22:21:31.129297,1610612753,away,,2023-10-31,2023-24,ok,18,1.038
2026-07-20T22:21:33.281559,1610612754,overall,,2023-10-31,2023-24,ok,18,1.441
2026-07-20T22:21:35.135468,1610612754,home,,2023-10-31,2023-24,ok,18,1.142
2026-07-20T22:21:36.898373,1610612754,away,,2023-10-31,2023-24,ok,18,1.052
2026-07-20T22:21:39.330837,1610612755,overall,,2023-10-31,2023-24,ok,18,1.719
2026-07-20T22:21:41.149349,1610612755,home,,2023-10-31,2023-24,ok,18,1.043
2026-07-20T22:21:42.883542,1610612755,away,,2023-10-31,2023-24,ok,18,1.017
2026-07-20T22:21:44.677680,1610612756,overall,,2023-10-31,2023-24,ok,17,1.088
2026-07-20T22:21:46.499150,1610612756,home,,2023-10-31,2023-24,ok,17,1.112
2026-07-20T22:21:48.148590,1610612756,away,,2023-10-31,2023-24,ok,17,0.94
2026-07-20T22:21:50.040432,1610612757,overall,,2023-10-31,2023-24,ok,17,1.184
2026-07-20T22:21:52.224056,1610612757,home,,2023-10-31,2023-24,ok,17,1.476
2026-07-20T22:21:54.114737,1610612757,away,,2023-10-31,2023-24,ok,17,1.179
2026-07-20T22:21:56.423086,1610612758,overall,,2023-10-31,2023-24,ok,17,1.597
2026-07-20T22:21:58.232810,1610612758,home,,2023-10-31,2023-24,ok,17,1.098
2026-07-20T22:22:00.209288,1610612758,away,,2023-10-31,2023-24,ok,17,1.265
2026-07-20T22:22:02.261131,1610612759,overall,,2023-10-31,2023-24,ok,18,1.341
2026-07-20T22:22:04.207758,1610612759,home,,2023-10-31,2023-24,ok,18,1.235
2026-07-20T22:22:05.973211,1610612759,away,,2023-10-31,2023-24,ok,18,1.055
2026-07-20T22:22:07.850716,1610612760,overall,,2023-10-31,2023-24,ok,18,1.168
2026-07-20T22:22:09.608263,1610612760,home,,2023-10-31,2023-24,ok,18,1.051
2026-07-20T22:22:11.318899,1610612760,away,,2023-10-31,2023-24,ok,18,1.002
2026-07-20T22:22:13.414841,1610612761,overall,,2023-10-31,2023-24,ok,18,1.385
2026-07-20T22:22:15.468970,1610612761,home,,2023-10-31,2023-24,ok,18,1.345
2026-07-20T22:22:17.212018,1610612761,away,,2023-10-31,2023-24,ok,18,1.002
2026-07-20T22:22:19.304899,1610612762,overall,,2023-10-31,2023-24,ok,18,1.363
2026-07-20T22:22:21.174402,1610612762,home,,2023-10-31,2023-24,ok,18,1.161
2026-07-20T22:22:23.150187,1610612762,away,,2023-10-31,2023-24,ok,18,1.263
2026-07-20T22:22:25.006531,1610612763,overall,,2023-10-31,2023-24,ok,18,1.134
2026-07-20T22:22:26.899450,1610612763,home,,2023-10-31,2023-24,ok,18,1.183
2026-07-20T22:22:29.111086,1610612763,away,,2023-10-31,2023-24,ok,18,1.502
2026-07-20T22:22:31.239082,1610612764,overall,,2023-10-31,2023-24,ok,18,1.419
2026-07-20T22:22:33.041989,1610612764,home,,2023-10-31,2023-24,ok,18,1.095
2026-07-20T22:22:34.826027,1610612764,away,,2023-10-31,2023-24,ok,18,1.073
2026-07-20T22:22:36.875587,1610612765,overall,,2023-10-31,2023-24,ok,17,1.341
2026-07-20T22:22:38.655535,1610612765,home,,2023-10-31,2023-24,ok,17,1.072
2026-07-20T22:22:40.556298,1610612765,away,,2023-10-31,2023-24,ok,17,1.191
2026-07-20T22:22:42.426832,1610612766,overall,,2023-10-31,2023-24,ok,18,1.161
2026-07-20T22:22:44.243808,1610612766,home,,2023-10-31,2023-24,ok,18,1.104
2026-07-20T22:22:45.869512,1610612766,away,,2023-10-31,2023-24,empty,0,0.921
2026-07-20T22:22:47.602079,1610612737,overall,,2023-11-07,2023-24,ok,18,1.021
2026-07-20T22:22:49.367014,1610612737,home,,2023-11-07,2023-24,ok,18,1.027
2026-07-20T22:22:51.186040,1610612737,away,,2023-11-07,2023-24,ok,18,1.105
2026-07-20T22:22:53.098020,1610612738,overall,,2023-11-07,2023-24,ok,17,1.201
2026-07-20T22:22:54.685224,1610612738,home,,2023-11-07,2023-24,ok,17,0.876
2026-07-20T22:22:56.328934,1610612738,away,,2023-11-07,2023-24,ok,17,0.934
2026-07-20T22:22:58.177290,1610612739,overall,,2023-11-07,2023-24,ok,17,1.137
2026-07-20T22:22:59.722707,1610612739,home,,2023-11-07,2023-24,ok,17,0.835
2026-07-20T22:23:01.737396,1610612739,away,,2023-11-07,2023-24,ok,17,1.283
2026-07-20T22:23:03.600242,1610612740,overall,,2023-11-07,2023-24,ok,18,1.151
2026-07-20T22:23:05.199067,1610612740,home,,2023-11-07,2023-24,ok,18,0.89
2026-07-20T22:23:07.082352,1610612740,away,,2023-11-07,2023-24,ok,18,1.173
2026-07-20T22:23:09.050434,1610612741,overall,,2023-11-07,2023-24,ok,17,1.258
2026-07-20T22:23:10.973161,1610612741,home,,2023-11-07,2023-24,ok,17,1.21
2026-07-20T22:23:12.821833,1610612741,away,,2023-11-07,2023-24,ok,17,1.139
2026-07-20T22:23:14.659300,1610612742,overall,,2023-11-07,2023-24,ok,18,1.127
2026-07-20T22:23:16.396806,1610612742,home,,2023-11-07,2023-24,ok,18,1.024
2026-07-20T22:23:18.274642,1610612742,away,,2023-11-07,2023-24,ok,18,1.134
2026-07-20T22:23:19.895250,1610612743,overall,,2023-11-07,2023-24,ok,18,0.907
2026-07-20T22:23:21.516716,1610612743,home,,2023-11-07,2023-24,ok,18,0.912
2026-07-20T22:23:23.056237,1610612743,away,,2023-11-07,2023-24,ok,18,0.829
2026-07-20T22:23:24.850653,1610612744,overall,,2023-11-07,2023-24,ok,16,1.083
2026-07-20T22:23:26.437638,1610612744,home,,2023-11-07,2023-24,ok,16,0.872
2026-07-20T22:23:28.072619,1610612744,away,,2023-11-07,2023-24,ok,16,0.923
2026-07-20T22:23:30.014172,1610612745,overall,,2023-11-07,2023-24,ok,18,1.231
2026-07-20T22:23:31.859965,1610612745,home,,2023-11-07,2023-24,ok,18,1.137
2026-07-20T22:23:33.599301,1610612745,away,,2023-11-07,2023-24,ok,18,1.027
2026-07-20T22:23:35.456773,1610612746,overall,,2023-11-07,2023-24,ok,20,1.146
2026-07-20T22:23:37.391728,1610612746,home,,2023-11-07,2023-24,ok,18,1.224
2026-07-20T22:23:39.003556,1610612746,away,,2023-11-07,2023-24,ok,20,0.9
2026-07-20T22:23:40.748466,1610612747,overall,,2023-11-07,2023-24,ok,17,1.034
2026-07-20T22:23:42.519536,1610612747,home,,2023-11-07,2023-24,ok,17,1.06
2026-07-20T22:23:44.557597,1610612747,away,,2023-11-07,2023-24,ok,17,1.325
2026-07-20T22:23:46.292867,1610612748,overall,,2023-11-07,2023-24,ok,17,1.027
2026-07-20T22:23:47.891689,1610612748,home,,2023-11-07,2023-24,ok,17,0.89
2026-07-20T22:23:49.574542,1610612748,away,,2023-11-07,2023-24,ok,17,0.97
2026-07-20T22:23:51.302090,1610612749,overall,,2023-11-07,2023-24,ok,18,1.016
2026-07-20T22:23:53.173494,1610612749,home,,2023-11-07,2023-24,ok,18,1.162
2026-07-20T22:23:54.900078,1610612749,away,,2023-11-07,2023-24,ok,18,1.017
2026-07-20T22:23:56.714426,1610612750,overall,,2023-11-07,2023-24,ok,17,1.104
2026-07-20T22:23:58.391161,1610612750,home,,2023-11-07,2023-24,ok,17,0.966
2026-07-20T22:24:00.024232,1610612750,away,,2023-11-07,2023-24,ok,17,0.925
2026-07-20T22:24:01.675858,1610612751,overall,,2023-11-07,2023-24,ok,18,0.941
2026-07-20T22:24:03.267122,1610612751,home,,2023-11-07,2023-24,ok,18,0.878
2026-07-20T22:24:04.999181,1610612751,away,,2023-11-07,2023-24,ok,18,1.019
2026-07-20T22:24:06.677535,1610612752,overall,,2023-11-07,2023-24,ok,18,0.967
2026-07-20T22:24:08.235392,1610612752,home,,2023-11-07,2023-24,ok,18,0.846
2026-07-20T22:24:09.789197,1610612752,away,,2023-11-07,2023-24,ok,18,0.842
2026-07-20T22:24:11.491111,1610612753,overall,,2023-11-07,2023-24,ok,18,0.991
2026-07-20T22:24:13.127703,1610612753,home,,2023-11-07,2023-24,ok,18,0.927
2026-07-20T22:24:14.971050,1610612753,away,,2023-11-07,2023-24,ok,18,1.133
2026-07-20T22:24:16.760933,1610612754,overall,,2023-11-07,2023-24,ok,18,1.077
2026-07-20T22:24:18.494589,1610612754,home,,2023-11-07,2023-24,ok,18,1.023
2026-07-20T22:24:20.000662,1610612754,away,,2023-11-07,2023-24,ok,18,0.796
2026-07-20T22:24:21.632193,1610612755,overall,,2023-11-07,2023-24,ok,22,0.921
2026-07-20T22:24:23.374062,1610612755,home,,2023-11-07,2023-24,ok,22,1.028
2026-07-20T22:24:25.014173,1610612755,away,,2023-11-07,2023-24,ok,18,0.929
2026-07-20T22:24:26.638378,1610612756,overall,,2023-11-07,2023-24,ok,17,0.912
2026-07-20T22:24:28.383323,1610612756,home,,2023-11-07,2023-24,ok,17,1.037
2026-07-20T22:24:29.921898,1610612756,away,,2023-11-07,2023-24,ok,17,0.829
2026-07-20T22:24:31.675610,1610612757,overall,,2023-11-07,2023-24,ok,17,1.043
2026-07-20T22:24:33.609818,1610612757,home,,2023-11-07,2023-24,ok,17,1.222
2026-07-20T22:24:35.617131,1610612757,away,,2023-11-07,2023-24,ok,17,1.298
2026-07-20T22:24:37.294567,1610612758,overall,,2023-11-07,2023-24,ok,18,0.968
2026-07-20T22:24:39.037928,1610612758,home,,2023-11-07,2023-24,ok,17,1.033
2026-07-20T22:24:40.647919,1610612758,away,,2023-11-07,2023-24,ok,18,0.901
2026-07-20T22:24:42.282059,1610612759,overall,,2023-11-07,2023-24,ok,18,0.922
2026-07-20T22:24:44.156861,1610612759,home,,2023-11-07,2023-24,ok,18,1.162
2026-07-20T22:24:45.994864,1610612759,away,,2023-11-07,2023-24,ok,18,1.124
2026-07-20T22:24:47.850865,1610612760,overall,,2023-11-07,2023-24,ok,18,1.145
2026-07-20T22:24:49.482000,1610612760,home,,2023-11-07,2023-24,ok,18,0.918
2026-07-20T22:24:51.043645,1610612760,away,,2023-11-07,2023-24,ok,18,0.852
2026-07-20T22:24:52.785823,1610612761,overall,,2023-11-07,2023-24,ok,18,1.029
2026-07-20T22:24:54.500818,1610612761,home,,2023-11-07,2023-24,ok,18,1.002
2026-07-20T22:24:56.239352,1610612761,away,,2023-11-07,2023-24,ok,18,1.027
2026-07-20T22:24:57.925804,1610612762,overall,,2023-11-07,2023-24,ok,18,0.973
2026-07-20T22:24:59.517051,1610612762,home,,2023-11-07,2023-24,ok,18,0.879
2026-07-20T22:25:01.389091,1610612762,away,,2023-11-07,2023-24,ok,18,1.162
2026-07-20T22:25:03.820520,1610612763,overall,,2023-11-07,2023-24,ok,19,1.719
2026-07-20T22:25:05.455249,1610612763,home,,2023-11-07,2023-24,ok,18,0.925
2026-07-20T22:25:07.192473,1610612763,away,,2023-11-07,2023-24,ok,19,1.03
2026-07-20T22:25:08.797985,1610612764,overall,,2023-11-07,2023-24,ok,18,0.898
2026-07-20T22:25:10.438346,1610612764,home,,2023-11-07,2023-24,ok,18,0.928
2026-07-20T22:25:12.011547,1610612764,away,,2023-11-07,2023-24,ok,18,0.857
2026-07-20T22:25:13.851183,1610612765,overall,,2023-11-07,2023-24,ok,17,1.127
2026-07-20T22:25:15.684551,1610612765,home,,2023-11-07,2023-24,ok,17,1.12
2026-07-20T22:25:17.344195,1610612765,away,,2023-11-07,2023-24,ok,17,0.948
2026-07-20T22:25:18.972931,1610612766,overall,,2023-11-07,2023-24,ok,18,0.907
2026-07-20T22:25:20.598564,1610612766,home,,2023-11-07,2023-24,ok,18,0.912
2026-07-20T22:25:22.215775,1610612766,away,,2023-11-07,2023-24,ok,18,0.899
2026-07-20T22:25:23.986097,1610612737,overall,,2023-11-14,2023-24,ok,18,1.052
2026-07-20T22:25:25.614996,1610612737,home,,2023-11-14,2023-24,ok,18,0.919
2026-07-20T22:25:27.206742,1610612737,away,,2023-11-14,2023-24,ok,18,0.883
2026-07-20T22:25:29.039501,1610612738,overall,,2023-11-14,2023-24,ok,17,1.116
2026-07-20T22:25:30.806948,1610612738,home,,2023-11-14,2023-24,ok,17,1.058
2026-07-20T22:25:32.589402,1610612738,away,,2023-11-14,2023-24,ok,17,1.07
2026-07-20T22:25:34.328559,1610612739,overall,,2023-11-14,2023-24,ok,17,1.028
2026-07-20T22:25:36.120432,1610612739,home,,2023-11-14,2023-24,ok,17,1.075
2026-07-20T22:25:37.823184,1610612739,away,,2023-11-14,2023-24,ok,17,0.99
2026-07-20T22:25:39.569155,1610612740,overall,,2023-11-14,2023-24,ok,18,1.03
2026-07-20T22:25:41.192990,1610612740,home,,2023-11-14,2023-24,ok,18,0.909
2026-07-20T22:25:43.140577,1610612740,away,,2023-11-14,2023-24,ok,18,1.232
2026-07-20T22:25:45.088744,1610612741,overall,,2023-11-14,2023-24,ok,17,1.231
2026-07-20T22:25:47.134002,1610612741,home,,2023-11-14,2023-24,ok,17,1.331
2026-07-20T22:25:49.080624,1610612741,away,,2023-11-14,2023-24,ok,17,1.229
2026-07-20T22:25:50.718674,1610612742,overall,,2023-11-14,2023-24,ok,18,0.921
2026-07-20T22:25:52.439030,1610612742,home,,2023-11-14,2023-24,ok,18,1.004
2026-07-20T22:25:54.093124,1610612742,away,,2023-11-14,2023-24,ok,18,0.935
2026-07-20T22:25:55.637819,1610612743,overall,,2023-11-14,2023-24,ok,18,0.837
2026-07-20T22:25:57.481981,1610612743,home,,2023-11-14,2023-24,ok,18,1.131
2026-07-20T22:25:59.219107,1610612743,away,,2023-11-14,2023-24,ok,18,1.022
2026-07-20T22:26:00.798826,1610612744,overall,,2023-11-14,2023-24,ok,17,0.863
2026-07-20T22:26:02.325629,1610612744,home,,2023-11-14,2023-24,ok,17,0.815
2026-07-20T22:26:04.028101,1610612744,away,,2023-11-14,2023-24,ok,17,0.992
2026-07-20T22:26:05.756693,1610612745,overall,,2023-11-14,2023-24,ok,18,1.012
2026-07-20T22:26:07.334754,1610612745,home,,2023-11-14,2023-24,ok,18,0.865
2026-07-20T22:26:09.147406,1610612745,away,,2023-11-14,2023-24,ok,18,1.094
2026-07-20T22:26:10.927164,1610612746,overall,,2023-11-14,2023-24,ok,20,1.053
2026-07-20T22:26:12.668965,1610612746,home,,2023-11-14,2023-24,ok,20,1.021
2026-07-20T22:26:14.276381,1610612746,away,,2023-11-14,2023-24,ok,20,0.887
2026-07-20T22:26:15.813175,1610612747,overall,,2023-11-14,2023-24,ok,17,0.812
2026-07-20T22:26:17.545613,1610612747,home,,2023-11-14,2023-24,ok,17,1.023
2026-07-20T22:26:19.491834,1610612747,away,,2023-11-14,2023-24,ok,17,1.232
2026-07-20T22:26:21.233765,1610612748,overall,,2023-11-14,2023-24,ok,17,1.024
2026-07-20T22:26:22.869680,1610612748,home,,2023-11-14,2023-24,ok,17,0.916
2026-07-20T22:26:24.614787,1610612748,away,,2023-11-14,2023-24,ok,17,1.03
2026-07-20T22:26:26.266111,1610612749,overall,,2023-11-14,2023-24,ok,18,0.938
2026-07-20T22:26:27.984199,1610612749,home,,2023-11-14,2023-24,ok,18,0.999
2026-07-20T22:26:29.882367,1610612749,away,,2023-11-14,2023-24,ok,18,1.182
2026-07-20T22:26:31.761586,1610612750,overall,,2023-11-14,2023-24,ok,17,1.163
2026-07-20T22:26:33.419713,1610612750,home,,2023-11-14,2023-24,ok,17,0.946
2026-07-20T22:26:34.956043,1610612750,away,,2023-11-14,2023-24,ok,17,0.823
2026-07-20T22:26:36.592515,1610612751,overall,,2023-11-14,2023-24,ok,18,0.924
2026-07-20T22:26:38.272246,1610612751,home,,2023-11-14,2023-24,ok,18,0.964
2026-07-20T22:26:39.898831,1610612751,away,,2023-11-14,2023-24,ok,18,0.91
2026-07-20T22:26:41.561510,1610612752,overall,,2023-11-14,2023-24,ok,18,0.954
2026-07-20T22:26:43.424476,1610612752,home,,2023-11-14,2023-24,ok,18,1.144
2026-07-20T22:26:45.504323,1610612752,away,,2023-11-14,2023-24,ok,18,1.369
2026-07-20T22:26:47.119702,1610612753,overall,,2023-11-14,2023-24,ok,18,0.901
2026-07-20T22:26:48.780723,1610612753,home,,2023-11-14,2023-24,ok,18,0.945
2026-07-20T22:26:50.416511,1610612753,away,,2023-11-14,2023-24,ok,18,0.919
2026-07-20T22:26:52.115018,1610612754,overall,,2023-11-14,2023-24,ok,18,0.985
2026-07-20T22:26:53.811305,1610612754,home,,2023-11-14,2023-24,ok,18,0.983
2026-07-20T22:26:55.428830,1610612754,away,,2023-11-14,2023-24,ok,18,0.91
2026-07-20T22:26:57.046778,1610612755,overall,,2023-11-14,2023-24,ok,22,0.901
2026-07-20T22:26:58.539551,1610612755,home,,2023-11-14,2023-24,ok,22,0.778
2026-07-20T22:27:00.248954,1610612755,away,,2023-11-14,2023-24,ok,22,0.994
2026-07-20T22:27:01.869350,1610612756,overall,,2023-11-14,2023-24,ok,17,0.909
2026-07-20T22:27:03.693239,1610612756,home,,2023-11-14,2023-24,ok,17,1.108
2026-07-20T22:27:05.368732,1610612756,away,,2023-11-14,2023-24,ok,17,0.96
2026-07-20T22:27:07.519554,1610612757,overall,,2023-11-14,2023-24,ok,18,1.434
2026-07-20T22:27:09.334876,1610612757,home,,2023-11-14,2023-24,ok,17,1.096
2026-07-20T22:27:10.901605,1610612757,away,,2023-11-14,2023-24,ok,18,0.854
2026-07-20T22:27:12.550974,1610612758,overall,,2023-11-14,2023-24,ok,18,0.931
2026-07-20T22:27:14.276282,1610612758,home,,2023-11-14,2023-24,ok,18,1.008
2026-07-20T22:27:15.953966,1610612758,away,,2023-11-14,2023-24,ok,18,0.96
2026-07-20T22:27:17.656218,1610612759,overall,,2023-11-14,2023-24,ok,18,0.994
2026-07-20T22:27:19.499176,1610612759,home,,2023-11-14,2023-24,ok,18,1.131
2026-07-20T22:27:21.272810,1610612759,away,,2023-11-14,2023-24,ok,18,1.061
2026-07-20T22:27:23.081502,1610612760,overall,,2023-11-14,2023-24,ok,18,1.093
2026-07-20T22:27:24.715325,1610612760,home,,2023-11-14,2023-24,ok,18,0.918
2026-07-20T22:27:26.358134,1610612760,away,,2023-11-14,2023-24,ok,18,0.935
2026-07-20T22:27:28.102116,1610612761,overall,,2023-11-14,2023-24,ok,18,1.025
2026-07-20T22:27:29.842901,1610612761,home,,2023-11-14,2023-24,ok,18,1.028
2026-07-20T22:27:31.484542,1610612761,away,,2023-11-14,2023-24,ok,18,0.926
2026-07-20T22:27:33.019348,1610612762,overall,,2023-11-14,2023-24,ok,18,0.82
2026-07-20T22:27:34.655786,1610612762,home,,2023-11-14,2023-24,ok,18,0.92
2026-07-20T22:27:36.293054,1610612762,away,,2023-11-14,2023-24,ok,18,0.925
2026-07-20T22:27:38.137147,1610612763,overall,,2023-11-14,2023-24,ok,19,1.132
2026-07-20T22:27:39.947813,1610612763,home,,2023-11-14,2023-24,ok,19,1.096
2026-07-20T22:27:41.966072,1610612763,away,,2023-11-14,2023-24,ok,19,1.303
2026-07-20T22:27:43.565409,1610612764,overall,,2023-11-14,2023-24,ok,18,0.882
2026-07-20T22:27:45.199470,1610612764,home,,2023-11-14,2023-24,ok,18,0.923
2026-07-20T22:27:46.944564,1610612764,away,,2023-11-14,2023-24,ok,18,1.016
2026-07-20T22:27:48.794570,1610612765,overall,,2023-11-14,2023-24,ok,18,1.133
2026-07-20T22:27:50.528013,1610612765,home,,2023-11-14,2023-24,ok,18,1.019
2026-07-20T22:27:52.267665,1610612765,away,,2023-11-14,2023-24,ok,18,1.024
2026-07-20T22:27:54.011025,1610612766,overall,,2023-11-14,2023-24,ok,18,1.024
2026-07-20T22:27:55.557279,1610612766,home,,2023-11-14,2023-24,ok,18,0.837
2026-07-20T22:27:57.189636,1610612766,away,,2023-11-14,2023-24,ok,18,0.918
2026-07-20T22:27:58.920206,1610612737,home,,2023-11-21,2023-24,ok,18,1.015
2026-07-20T22:28:00.912639,1610612737,away,,2023-11-21,2023-24,ok,18,1.276
2026-07-20T22:28:02.406212,1610612738,overall,,2023-11-21,2023-24,ok,17,0.787
2026-07-20T22:28:04.044846,1610612738,home,,2023-11-21,2023-24,ok,17,0.923
2026-07-20T22:28:05.887714,1610612738,away,,2023-11-21,2023-24,ok,17,1.123
2026-07-20T22:28:07.609877,1610612739,overall,,2023-11-21,2023-24,ok,17,1.005
2026-07-20T22:28:09.267328,1610612739,home,,2023-11-21,2023-24,ok,17,0.94
2026-07-20T22:28:10.914312,1610612739,away,,2023-11-21,2023-24,ok,17,0.928
2026-07-20T22:28:12.500373,1610612740,overall,,2023-11-21,2023-24,ok,18,0.869
2026-07-20T22:28:13.997445,1610612740,home,,2023-11-21,2023-24,ok,18,0.783
2026-07-20T22:28:15.666484,1610612740,away,,2023-11-21,2023-24,ok,18,0.958
2026-07-20T22:28:17.664053,1610612741,overall,,2023-11-21,2023-24,ok,17,1.284
2026-07-20T22:28:19.254961,1610612741,home,,2023-11-21,2023-24,ok,17,0.876
2026-07-20T22:28:20.838187,1610612741,away,,2023-11-21,2023-24,ok,17,0.872
2026-07-20T22:28:22.419963,1610612742,overall,,2023-11-21,2023-24,ok,18,0.858
2026-07-20T22:28:23.999377,1610612742,home,,2023-11-21,2023-24,ok,18,0.864
2026-07-20T22:28:25.754004,1610612742,away,,2023-11-21,2023-24,ok,18,1.037
2026-07-20T22:28:27.803608,1610612743,overall,,2023-11-21,2023-24,ok,18,1.335
2026-07-20T22:28:29.523524,1610612743,home,,2023-11-21,2023-24,ok,18,1.001
2026-07-20T22:28:31.114791,1610612743,away,,2023-11-21,2023-24,ok,18,0.878
2026-07-20T22:28:32.923361,1610612744,overall,,2023-11-21,2023-24,ok,17,1.098
2026-07-20T22:28:34.693640,1610612744,home,,2023-11-21,2023-24,ok,17,1.053
2026-07-20T22:28:36.193757,1610612744,away,,2023-11-21,2023-24,ok,17,0.792
2026-07-20T22:28:37.784279,1610612745,overall,,2023-11-21,2023-24,ok,18,0.879
2026-07-20T22:28:39.474591,1610612745,home,,2023-11-21,2023-24,ok,18,0.977
2026-07-20T22:28:41.319845,1610612745,away,,2023-11-21,2023-24,ok,18,1.136
2026-07-20T22:28:42.821443,1610612746,overall,,2023-11-21,2023-24,ok,22,0.789
2026-07-20T22:28:44.698608,1610612746,home,,2023-11-21,2023-24,ok,21,1.166
2026-07-20T22:28:46.419855,1610612746,away,,2023-11-21,2023-24,ok,22,1.004
2026-07-20T22:28:48.129439,1610612747,overall,,2023-11-21,2023-24,ok,17,0.994
2026-07-20T22:28:49.818805,1610612747,home,,2023-11-21,2023-24,ok,17,0.974
2026-07-20T22:28:51.600074,1610612747,away,,2023-11-21,2023-24,ok,17,1.064
2026-07-20T22:28:53.402966,1610612748,overall,,2023-11-21,2023-24,ok,17,1.089
2026-07-20T22:28:54.991223,1610612748,home,,2023-11-21,2023-24,ok,17,0.87
2026-07-20T22:28:56.778802,1610612748,away,,2023-11-21,2023-24,ok,17,1.068
2026-07-20T22:28:58.522522,1610612749,overall,,2023-11-21,2023-24,ok,18,1.025
2026-07-20T22:29:00.262813,1610612749,home,,2023-11-21,2023-24,ok,18,1.023
2026-07-20T22:29:01.966078,1610612749,away,,2023-11-21,2023-24,ok,18,0.99
2026-07-20T22:29:03.607170,1610612750,overall,,2023-11-21,2023-24,ok,17,0.924
2026-07-20T22:29:05.185342,1610612750,home,,2023-11-21,2023-24,ok,17,0.863
2026-07-20T22:29:06.816488,1610612750,away,,2023-11-21,2023-24,ok,17,0.913
2026-07-20T22:29:08.931370,1610612751,overall,,2023-11-21,2023-24,ok,18,1.397
2026-07-20T22:29:10.503086,1610612751,home,,2023-11-21,2023-24,ok,18,0.857
2026-07-20T22:29:12.124920,1610612751,away,,2023-11-21,2023-24,ok,18,0.91
2026-07-20T22:29:13.671532,1610612752,overall,,2023-11-21,2023-24,ok,18,0.831
2026-07-20T22:29:15.418785,1610612752,home,,2023-11-21,2023-24,ok,18,1.038
2026-07-20T22:29:18.755055,1610612752,away,,2023-11-21,2023-24,ok,18,2.624
2026-07-20T22:29:20.436174,1610612753,overall,,2023-11-21,2023-24,ok,18,0.967
2026-07-20T22:29:21.943741,1610612753,home,,2023-11-21,2023-24,ok,18,0.79
2026-07-20T22:29:23.610592,1610612753,away,,2023-11-21,2023-24,ok,18,0.951
2026-07-20T22:29:25.382771,1610612754,overall,,2023-11-21,2023-24,ok,18,1.052
2026-07-20T22:29:26.990402,1610612754,home,,2023-11-21,2023-24,ok,18,0.891
2026-07-20T22:29:28.787897,1610612754,away,,2023-11-21,2023-24,ok,18,1.08
2026-07-20T22:29:31.727870,1610612755,overall,,2023-11-21,2023-24,ok,22,2.223
2026-07-20T22:29:33.934470,1610612755,home,,2023-11-21,2023-24,ok,22,1.492
2026-07-20T22:29:35.899434,1610612755,away,,2023-11-21,2023-24,ok,22,1.246
2026-07-20T22:29:37.538177,1610612756,overall,,2023-11-21,2023-24,ok,17,0.925
2026-07-20T22:29:39.012997,1610612756,home,,2023-11-21,2023-24,ok,17,0.758
2026-07-20T22:29:40.917834,1610612756,away,,2023-11-21,2023-24,ok,17,1.189
2026-07-20T22:29:42.750469,1610612757,overall,,2023-11-21,2023-24,ok,18,1.124
2026-07-20T22:29:44.298040,1610612757,home,,2023-11-21,2023-24,ok,18,0.837
2026-07-20T22:29:46.048251,1610612757,away,,2023-11-21,2023-24,ok,18,1.036
2026-07-20T22:29:47.630235,1610612758,overall,,2023-11-21,2023-24,ok,18,0.87
2026-07-20T22:29:49.208727,1610612758,home,,2023-11-21,2023-24,ok,18,0.86
2026-07-20T22:29:50.908743,1610612758,away,,2023-11-21,2023-24,ok,18,0.985
2026-07-20T22:29:52.590077,1610612759,overall,,2023-11-21,2023-24,ok,18,0.972
2026-07-20T22:29:54.433760,1610612759,home,,2023-11-21,2023-24,ok,18,1.127
2026-07-20T22:29:56.019901,1610612759,away,,2023-11-21,2023-24,ok,18,0.869
2026-07-20T22:29:57.625407,1610612760,overall,,2023-11-21,2023-24,ok,18,0.898
2026-07-20T22:29:59.247314,1610612760,home,,2023-11-21,2023-24,ok,18,0.914
2026-07-20T22:30:00.888440,1610612760,away,,2023-11-21,2023-24,ok,18,0.926
2026-07-20T22:30:02.402761,1610612761,overall,,2023-11-21,2023-24,ok,18,0.798
2026-07-20T22:30:04.468929,1610612761,home,,2023-11-21,2023-24,ok,18,1.352
2026-07-20T22:30:09.692281,1610612761,away,,2023-11-21,2023-24,ok,18,4.509
2026-07-20T22:30:11.408651,1610612762,overall,,2023-11-21,2023-24,ok,18,1.006
2026-07-20T22:30:13.683450,1610612762,home,,2023-11-21,2023-24,ok,18,1.563
2026-07-20T22:30:15.425702,1610612762,away,,2023-11-21,2023-24,ok,18,1.028
2026-07-20T22:30:17.154798,1610612763,overall,,2023-11-21,2023-24,ok,19,1.016
2026-07-20T22:30:18.703957,1610612763,home,,2023-11-21,2023-24,ok,19,0.839
2026-07-20T22:30:20.340281,1610612763,away,,2023-11-21,2023-24,ok,19,0.923
2026-07-20T22:30:21.991106,1610612764,overall,,2023-11-21,2023-24,ok,18,0.932
2026-07-20T22:30:23.717681,1610612764,home,,2023-11-21,2023-24,ok,18,1.008
2026-07-20T22:30:26.640283,1610612764,away,,2023-11-21,2023-24,ok,18,2.204
2026-07-20T22:30:28.634733,1610612765,overall,,2023-11-21,2023-24,ok,18,1.281
2026-07-20T22:30:30.376389,1610612765,home,,2023-11-21,2023-24,ok,18,1.025
2026-07-20T22:30:32.020378,1610612765,away,,2023-11-21,2023-24,ok,18,0.928
2026-07-20T22:30:33.755334,1610612766,overall,,2023-11-21,2023-24,ok,18,1.026
2026-07-20T22:30:35.291481,1610612766,home,,2023-11-21,2023-24,ok,18,0.821
2026-07-20T22:30:37.235313,1610612766,away,,2023-11-21,2023-24,ok,18,1.227
2026-07-20T22:30:39.081986,1610612737,overall,,2023-11-28,2023-24,ok,18,1.13
2026-07-20T22:30:40.616927,1610612737,home,,2023-11-28,2023-24,ok,18,0.817
2026-07-20T22:30:42.459657,1610612737,away,,2023-11-28,2023-24,ok,18,1.132
2026-07-20T22:30:44.199493,1610612738,overall,,2023-11-28,2023-24,ok,17,1.032
2026-07-20T22:30:45.737681,1610612738,home,,2023-11-28,2023-24,ok,17,0.82
2026-07-20T22:30:47.477088,1610612738,away,,2023-11-28,2023-24,ok,17,1.024
2026-07-20T22:30:49.198474,1610612739,overall,,2023-11-28,2023-24,ok,17,1.009
2026-07-20T22:30:50.997137,1610612739,home,,2023-11-28,2023-24,ok,17,1.087
2026-07-20T22:30:52.678208,1610612739,away,,2023-11-28,2023-24,ok,17,0.966
2026-07-20T22:30:54.645393,1610612740,overall,,2023-11-28,2023-24,ok,18,1.255
2026-07-20T22:30:56.072330,1610612740,home,,2023-11-28,2023-24,ok,18,0.715
2026-07-20T22:30:57.815530,1610612740,away,,2023-11-28,2023-24,ok,18,1.027
2026-07-20T22:30:59.350344,1610612741,overall,,2023-11-28,2023-24,ok,17,0.818
2026-07-20T22:31:01.228193,1610612741,home,,2023-11-28,2023-24,ok,17,1.096
2026-07-20T22:31:02.840441,1610612741,away,,2023-11-28,2023-24,ok,17,0.891
2026-07-20T22:31:04.477824,1610612742,overall,,2023-11-28,2023-24,ok,18,0.919
2026-07-20T22:31:06.525866,1610612742,home,,2023-11-28,2023-24,ok,18,1.334
2026-07-20T22:31:08.173862,1610612742,away,,2023-11-28,2023-24,ok,18,0.922
2026-07-20T22:31:09.697729,1610612743,overall,,2023-11-28,2023-24,ok,18,0.808
2026-07-20T22:31:11.439581,1610612743,home,,2023-11-28,2023-24,ok,18,1.028
2026-07-20T22:31:13.075813,1610612743,away,,2023-11-28,2023-24,ok,18,0.92
2026-07-20T22:31:14.817900,1610612744,overall,,2023-11-28,2023-24,ok,17,1.029
2026-07-20T22:31:16.558532,1610612744,home,,2023-11-28,2023-24,ok,17,1.029
2026-07-20T22:31:18.506350,1610612744,away,,2023-11-28,2023-24,ok,17,1.238
2026-07-20T22:31:20.048829,1610612745,overall,,2023-11-28,2023-24,ok,18,0.825
2026-07-20T22:31:22.087504,1610612745,home,,2023-11-28,2023-24,ok,18,1.321
2026-07-20T22:31:23.727015,1610612745,away,,2023-11-28,2023-24,ok,18,0.928
2026-07-20T22:31:25.264959,1610612746,overall,,2023-11-28,2023-24,ok,22,0.826
2026-07-20T22:31:27.005357,1610612746,home,,2023-11-28,2023-24,ok,22,1.029
2026-07-20T22:31:28.539989,1610612746,away,,2023-11-28,2023-24,ok,22,0.825
2026-07-20T22:31:30.189541,1610612747,overall,,2023-11-28,2023-24,ok,17,0.942
2026-07-20T22:31:31.715371,1610612747,home,,2023-11-28,2023-24,ok,17,0.813
2026-07-20T22:31:33.352921,1610612747,away,,2023-11-28,2023-24,ok,17,0.92
2026-07-20T22:31:35.028819,1610612748,overall,,2023-11-28,2023-24,ok,17,0.96
2026-07-20T22:31:36.730921,1610612748,home,,2023-11-28,2023-24,ok,17,0.992
2026-07-20T22:31:39.163286,1610612748,away,,2023-11-28,2023-24,ok,17,1.712
2026-07-20T22:31:40.931934,1610612749,overall,,2023-11-28,2023-24,ok,18,1.049
2026-07-20T22:31:42.604821,1610612749,home,,2023-11-28,2023-24,ok,18,0.965
2026-07-20T22:31:44.218119,1610612749,away,,2023-11-28,2023-24,ok,18,0.901
2026-07-20T22:31:45.951930,1610612750,overall,,2023-11-28,2023-24,ok,17,1.018
2026-07-20T22:31:47.689730,1610612750,home,,2023-11-28,2023-24,ok,17,1.02
2026-07-20T22:31:49.243499,1610612750,away,,2023-11-28,2023-24,ok,17,0.836
2026-07-20T22:31:50.965182,1610612751,overall,,2023-11-28,2023-24,ok,18,1.006
2026-07-20T22:31:52.598785,1610612751,home,,2023-11-28,2023-24,ok,18,0.922
2026-07-20T22:31:54.547929,1610612751,away,,2023-11-28,2023-24,ok,18,1.232
2026-07-20T22:31:56.288480,1610612752,overall,,2023-11-28,2023-24,ok,19,1.031
2026-07-20T22:31:57.916126,1610612752,home,,2023-11-28,2023-24,ok,19,0.919
2026-07-20T22:31:59.708958,1610612752,away,,2023-11-28,2023-24,ok,18,1.082
2026-07-20T22:32:01.374698,1610612753,overall,,2023-11-28,2023-24,ok,18,0.947
2026-07-20T22:32:03.062002,1610612753,home,,2023-11-28,2023-24,ok,18,0.962
2026-07-20T22:32:04.790708,1610612753,away,,2023-11-28,2023-24,ok,18,1.015
2026-07-20T22:32:06.532693,1610612754,overall,,2023-11-28,2023-24,ok,18,1.031
2026-07-20T22:32:08.192625,1610612754,home,,2023-11-28,2023-24,ok,18,0.947
2026-07-20T22:32:09.840052,1610612754,away,,2023-11-28,2023-24,ok,18,0.93
2026-07-20T22:32:11.593623,1610612755,overall,,2023-11-28,2023-24,ok,22,1.04
2026-07-20T22:32:13.407490,1610612755,home,,2023-11-28,2023-24,ok,22,1.098
2026-07-20T22:32:15.072629,1610612755,away,,2023-11-28,2023-24,ok,22,0.949
2026-07-20T22:32:16.608382,1610612756,overall,,2023-11-28,2023-24,ok,17,0.828
2026-07-20T22:32:19.127398,1610612756,home,,2023-11-28,2023-24,ok,17,1.809
2026-07-20T22:32:20.618033,1610612756,away,,2023-11-28,2023-24,ok,17,0.78
2026-07-20T22:32:22.187735,1610612757,overall,,2023-11-28,2023-24,ok,19,0.862
2026-07-20T22:32:23.838053,1610612757,home,,2023-11-28,2023-24,ok,19,0.934
2026-07-20T22:32:25.615952,1610612757,away,,2023-11-28,2023-24,ok,19,1.069
2026-07-20T22:32:27.319628,1610612758,overall,,2023-11-28,2023-24,ok,18,0.989
2026-07-20T22:32:29.056625,1610612758,home,,2023-11-28,2023-24,ok,18,1.021
2026-07-20T22:32:30.596163,1610612758,away,,2023-11-28,2023-24,ok,18,0.824
2026-07-20T22:32:32.350622,1610612759,overall,,2023-11-28,2023-24,ok,18,1.041
2026-07-20T22:32:34.078386,1610612759,home,,2023-11-28,2023-24,ok,18,1.009
2026-07-20T22:32:35.609000,1610612759,away,,2023-11-28,2023-24,ok,18,0.817
2026-07-20T22:32:37.227732,1610612760,overall,,2023-11-28,2023-24,ok,18,0.901
2026-07-20T22:32:38.831926,1610612760,home,,2023-11-28,2023-24,ok,18,0.886
2026-07-20T22:32:40.374585,1610612760,away,,2023-11-28,2023-24,ok,18,0.83
2026-07-20T22:32:42.281684,1610612761,overall,,2023-11-28,2023-24,ok,18,1.193
2026-07-20T22:32:44.324882,1610612761,home,,2023-11-28,2023-24,ok,18,1.333
2026-07-20T22:32:45.862032,1610612761,away,,2023-11-28,2023-24,ok,18,0.818
2026-07-20T22:32:47.498238,1610612762,overall,,2023-11-28,2023-24,ok,18,0.921
2026-07-20T22:32:49.148125,1610612762,home,,2023-11-28,2023-24,ok,18,0.934
2026-07-20T22:32:50.981378,1610612762,away,,2023-11-28,2023-24,ok,18,1.116
2026-07-20T22:32:52.620766,1610612763,overall,,2023-11-28,2023-24,ok,21,0.927
2026-07-20T22:32:54.464653,1610612763,home,,2023-11-28,2023-24,ok,21,1.13
2026-07-20T22:32:56.122569,1610612763,away,,2023-11-28,2023-24,ok,19,0.942
2026-07-20T22:32:57.716713,1610612764,overall,,2023-11-28,2023-24,ok,18,0.879
2026-07-20T22:32:59.688877,1610612764,home,,2023-11-28,2023-24,ok,18,1.261
2026-07-20T22:33:01.538874,1610612764,away,,2023-11-28,2023-24,ok,18,1.137
2026-07-20T22:33:03.170870,1610612765,overall,,2023-11-28,2023-24,ok,18,0.917
2026-07-20T22:33:04.910702,1610612765,home,,2023-11-28,2023-24,ok,18,1.012
2026-07-20T22:33:06.756875,1610612765,away,,2023-11-28,2023-24,ok,18,1.127
2026-07-20T22:33:08.496551,1610612766,overall,,2023-11-28,2023-24,ok,18,1.024
2026-07-20T22:33:10.345342,1610612766,home,,2023-11-28,2023-24,ok,18,1.138
2026-07-20T22:33:11.882072,1610612766,away,,2023-11-28,2023-24,ok,18,0.818
2026-07-20T22:33:14.131486,1610612737,overall,,2023-12-05,2023-24,ok,18,1.531
2026-07-20T22:33:15.665622,1610612737,home,,2023-12-05,2023-24,ok,18,0.821
2026-07-20T22:33:17.584658,1610612737,away,,2023-12-05,2023-24,ok,18,1.208
2026-07-20T22:33:19.250678,1610612738,overall,,2023-12-05,2023-24,ok,17,0.949
2026-07-20T22:33:20.889439,1610612738,home,,2023-12-05,2023-24,ok,17,0.921
2026-07-20T22:33:22.526014,1610612738,away,,2023-12-05,2023-24,ok,17,0.916
2026-07-20T22:33:24.362662,1610612739,overall,,2023-12-05,2023-24,ok,17,1.129
2026-07-20T22:33:25.906211,1610612739,home,,2023-12-05,2023-24,ok,17,0.831
2026-07-20T22:33:27.547704,1610612739,away,,2023-12-05,2023-24,ok,17,0.925
2026-07-20T22:33:29.174770,1610612740,overall,,2023-12-05,2023-24,ok,18,0.917
2026-07-20T22:33:30.961852,1610612740,home,,2023-12-05,2023-24,ok,18,1.071
2026-07-20T22:33:32.475321,1610612740,away,,2023-12-05,2023-24,ok,18,0.803
2026-07-20T22:33:34.203265,1610612741,overall,,2023-12-05,2023-24,ok,17,1.016
2026-07-20T22:33:35.735747,1610612741,home,,2023-12-05,2023-24,ok,17,0.82
2026-07-20T22:33:37.375541,1610612741,away,,2023-12-05,2023-24,ok,17,0.927
2026-07-20T22:33:39.066386,1610612742,overall,,2023-12-05,2023-24,ok,18,0.981
2026-07-20T22:33:40.962324,1610612742,home,,2023-12-05,2023-24,ok,18,1.179
2026-07-20T22:33:42.495761,1610612742,away,,2023-12-05,2023-24,ok,18,0.82
2026-07-20T22:33:44.340265,1610612743,overall,,2023-12-05,2023-24,ok,18,1.13
2026-07-20T22:33:46.082451,1610612743,home,,2023-12-05,2023-24,ok,18,1.025
2026-07-20T22:33:47.614735,1610612743,away,,2023-12-05,2023-24,ok,18,0.82
2026-07-20T22:33:49.704283,1610612744,overall,,2023-12-05,2023-24,ok,17,1.379
2026-07-20T22:33:51.507653,1610612744,home,,2023-12-05,2023-24,ok,17,1.089
2026-07-20T22:33:53.097334,1610612744,away,,2023-12-05,2023-24,ok,17,0.874
2026-07-20T22:33:55.295104,1610612745,overall,,2023-12-05,2023-24,ok,18,1.482
2026-07-20T22:33:57.151531,1610612745,home,,2023-12-05,2023-24,ok,18,1.099
2026-07-20T22:33:58.778051,1610612745,away,,2023-12-05,2023-24,ok,18,0.917
2026-07-20T22:34:00.928945,1610612746,overall,,2023-12-05,2023-24,ok,22,1.437
2026-07-20T22:34:02.570154,1610612746,home,,2023-12-05,2023-24,ok,22,0.929
2026-07-20T22:34:04.100842,1610612746,away,,2023-12-05,2023-24,ok,22,0.816
2026-07-20T22:34:06.104152,1610612747,overall,,2023-12-05,2023-24,ok,17,1.289
2026-07-20T22:34:07.995869,1610612747,home,,2023-12-05,2023-24,ok,17,1.171
2026-07-20T22:34:09.939530,1610612747,away,,2023-12-05,2023-24,ok,17,1.224
2026-07-20T22:34:11.673971,1610612748,overall,,2023-12-05,2023-24,ok,17,1.019
2026-07-20T22:34:13.829611,1610612748,home,,2023-12-05,2023-24,ok,17,1.445
2026-07-20T22:34:15.467924,1610612748,away,,2023-12-05,2023-24,ok,17,0.924
2026-07-20T22:34:17.517270,1610612749,overall,,2023-12-05,2023-24,ok,18,1.334
2026-07-20T22:34:19.481527,1610612749,home,,2023-12-05,2023-24,ok,18,1.247
2026-07-20T22:34:21.352541,1610612749,away,,2023-12-05,2023-24,ok,18,1.154
2026-07-20T22:34:23.323188,1610612750,overall,,2023-12-05,2023-24,ok,17,1.255
2026-07-20T22:34:24.993992,1610612750,home,,2023-12-05,2023-24,ok,17,0.953
2026-07-20T22:34:26.672548,1610612750,away,,2023-12-05,2023-24,ok,17,0.912
2026-07-20T22:34:28.782757,1610612751,overall,,2023-12-05,2023-24,ok,18,1.398
2026-07-20T22:34:30.518305,1610612751,home,,2023-12-05,2023-24,ok,18,1.027
2026-07-20T22:34:32.257496,1610612751,away,,2023-12-05,2023-24,ok,18,1.024
2026-07-20T22:34:34.254288,1610612752,overall,,2023-12-05,2023-24,ok,19,1.286
2026-07-20T22:34:35.906268,1610612752,home,,2023-12-05,2023-24,ok,19,0.946
2026-07-20T22:35:05.564534,1610612737,overall,,2025-10-21,2025-26,empty,0,1.233
2026-07-20T22:35:08.495677,1610612737,home,,2025-10-21,2025-26,empty,0,2.223
2026-07-20T22:35:10.034981,1610612737,away,,2025-10-21,2025-26,empty,0,0.836
2026-07-20T22:35:11.880567,1610612738,overall,,2025-10-21,2025-26,empty,0,1.138
2026-07-20T22:35:13.854431,1610612738,home,,2025-10-21,2025-26,empty,0,1.267
2026-07-20T22:35:15.454168,1610612738,away,,2025-10-21,2025-26,empty,0,0.892
2026-07-20T22:35:17.164327,1610612739,overall,,2025-10-21,2025-26,empty,0,1.004
2026-07-20T22:35:18.703229,1610612739,home,,2025-10-21,2025-26,empty,0,0.834
2026-07-20T22:35:20.170623,1610612739,away,,2025-10-21,2025-26,empty,0,0.76
2026-07-20T22:35:21.969599,1610612740,overall,,2025-10-21,2025-26,empty,0,1.093
2026-07-20T22:35:23.834051,1610612740,home,,2025-10-21,2025-26,empty,0,1.157
2026-07-20T22:35:25.552331,1610612740,away,,2025-10-21,2025-26,empty,0,1.01
2026-07-20T22:35:27.440876,1610612741,overall,,2025-10-21,2025-26,empty,0,1.181
2026-07-20T22:35:28.948751,1610612741,home,,2025-10-21,2025-26,empty,0,0.804
2026-07-20T22:35:30.718427,1610612741,away,,2025-10-21,2025-26,empty,0,1.061
2026-07-20T22:35:32.561303,1610612742,overall,,2025-10-21,2025-26,empty,0,1.136
2026-07-20T22:35:34.360379,1610612742,home,,2025-10-21,2025-26,empty,0,1.094
2026-07-20T22:35:35.819957,1610612742,away,,2025-10-21,2025-26,empty,0,0.752
2026-07-20T22:35:37.546852,1610612743,overall,,2025-10-21,2025-26,empty,0,1.019
2026-07-20T22:35:39.251410,1610612743,home,,2025-10-21,2025-26,empty,0,0.999
2026-07-20T22:35:41.074137,1610612743,away,,2025-10-21,2025-26,empty,0,1.118
2026-07-20T22:35:43.024041,1610612744,overall,,2025-10-21,2025-26,ok,17,1.241
2026-07-20T22:35:44.717541,1610612744,home,,2025-10-21,2025-26,empty,0,0.99
2026-07-20T22:35:46.444148,1610612744,away,,2025-10-21,2025-26,ok,17,1.017
2026-07-20T22:35:48.451616,1610612745,overall,,2025-10-21,2025-26,ok,17,1.294
2026-07-20T22:35:49.963763,1610612745,home,,2025-10-21,2025-26,empty,0,0.808
2026-07-20T22:35:51.829562,1610612745,away,,2025-10-21,2025-26,ok,17,1.155
2026-07-20T22:35:53.632482,1610612746,overall,,2025-10-21,2025-26,empty,0,1.098
2026-07-20T22:35:55.499738,1610612746,home,,2025-10-21,2025-26,empty,0,1.162
2026-07-20T22:35:56.935061,1610612746,away,,2025-10-21,2025-26,empty,0,0.725
2026-07-20T22:35:58.878210,1610612747,overall,,2025-10-21,2025-26,ok,17,1.16
2026-07-20T22:36:00.876450,1610612747,home,,2025-10-21,2025-26,ok,17,1.103
2026-07-20T22:36:02.404686,1610612747,away,,2025-10-21,2025-26,empty,0,0.803
2026-07-20T22:36:04.142497,1610612748,overall,,2025-10-21,2025-26,empty,0,1.028
2026-07-20T22:36:05.909251,1610612748,home,,2025-10-21,2025-26,empty,0,1.058
2026-07-20T22:36:07.319163,1610612748,away,,2025-10-21,2025-26,empty,0,0.704
2026-07-20T22:36:09.138768,1610612749,overall,,2025-10-21,2025-26,empty,0,1.114
2026-07-20T22:36:10.757838,1610612749,home,,2025-10-21,2025-26,empty,0,0.911
2026-07-20T22:36:12.210254,1610612749,away,,2025-10-21,2025-26,empty,0,0.744
2026-07-20T22:36:13.940237,1610612750,overall,,2025-10-21,2025-26,empty,0,1.022
2026-07-20T22:36:15.626342,1610612750,home,,2025-10-21,2025-26,empty,0,0.979
2026-07-20T22:36:16.978266,1610612750,away,,2025-10-21,2025-26,empty,0,0.645
2026-07-20T22:36:18.767802,1610612751,overall,,2025-10-21,2025-26,empty,0,1.082
2026-07-20T22:36:20.253047,1610612751,home,,2025-10-21,2025-26,empty,0,0.779
2026-07-20T22:36:21.669451,1610612751,away,,2025-10-21,2025-26,empty,0,0.71
2026-07-20T22:36:23.466956,1610612752,overall,,2025-10-21,2025-26,empty,0,1.09
2026-07-20T22:36:25.296835,1610612752,home,,2025-10-21,2025-26,empty,0,1.125
2026-07-20T22:36:26.672266,1610612752,away,,2025-10-21,2025-26,empty,0,0.667
2026-07-20T22:36:28.557250,1610612753,overall,,2025-10-21,2025-26,empty,0,1.178
2026-07-20T22:36:30.725937,1610612753,home,,2025-10-21,2025-26,empty,0,1.463
2026-07-20T22:36:32.104757,1610612753,away,,2025-10-21,2025-26,empty,0,0.67
2026-07-20T22:36:33.927505,1610612754,overall,,2025-10-21,2025-26,empty,0,1.118
2026-07-20T22:36:35.842457,1610612754,home,,2025-10-21,2025-26,empty,0,1.206
2026-07-20T22:36:37.382823,1610612754,away,,2025-10-21,2025-26,empty,0,0.835
2026-07-20T22:36:39.125853,1610612755,overall,,2025-10-21,2025-26,empty,0,1.035
2026-07-20T22:36:41.047045,1610612755,home,,2025-10-21,2025-26,empty,0,1.216
2026-07-20T22:36:42.670714,1610612755,away,,2025-10-21,2025-26,empty,0,0.917
2026-07-20T22:36:44.367680,1610612756,overall,,2025-10-21,2025-26,empty,0,0.989
2026-07-20T22:36:46.270639,1610612756,home,,2025-10-21,2025-26,empty,0,1.115
2026-07-20T22:36:47.574635,1610612756,away,,2025-10-21,2025-26,empty,0,0.598
2026-07-20T22:36:49.392597,1610612757,overall,,2025-10-21,2025-26,empty,0,1.104
2026-07-20T22:36:51.410883,1610612757,home,,2025-10-21,2025-26,empty,0,1.246
2026-07-20T22:36:52.844146,1610612757,away,,2025-10-21,2025-26,empty,0,0.705
2026-07-20T22:36:54.476662,1610612758,overall,,2025-10-21,2025-26,empty,0,0.926
2026-07-20T22:36:55.917846,1610612758,home,,2025-10-21,2025-26,empty,0,0.732
2026-07-20T22:36:57.348211,1610612758,away,,2025-10-21,2025-26,empty,0,0.723
2026-07-20T22:36:59.398361,1610612759,overall,,2025-10-21,2025-26,empty,0,1.342
2026-07-20T22:37:01.325747,1610612759,home,,2025-10-21,2025-26,empty,0,1.222
2026-07-20T22:37:02.775925,1610612759,away,,2025-10-21,2025-26,empty,0,0.696
2026-07-20T22:37:04.639585,1610612760,overall,,2025-10-21,2025-26,ok,18,1.148
2026-07-20T22:37:06.253697,1610612760,home,,2025-10-21,2025-26,ok,18,0.903
2026-07-20T22:37:07.837577,1610612760,away,,2025-10-21,2025-26,empty,0,0.878
2026-07-20T22:37:09.639927,1610612761,overall,,2025-10-21,2025-26,empty,0,1.094
2026-07-20T22:37:11.178274,1610612761,home,,2025-10-21,2025-26,empty,0,0.832
2026-07-20T22:37:12.916672,1610612761,away,,2025-10-21,2025-26,empty,0,1.028
2026-07-20T22:37:14.758098,1610612762,overall,,2025-10-21,2025-26,empty,0,1.134
2026-07-20T22:37:16.214593,1610612762,home,,2025-10-21,2025-26,empty,0,0.75
2026-07-20T22:37:17.834835,1610612762,away,,2025-10-21,2025-26,empty,0,0.914
2026-07-20T22:37:19.490643,1610612763,overall,,2025-10-21,2025-26,empty,0,0.951
2026-07-20T22:37:21.010341,1610612763,home,,2025-10-21,2025-26,empty,0,0.814
2026-07-20T22:37:22.746908,1610612763,away,,2025-10-21,2025-26,empty,0,1.029
2026-07-20T22:37:24.497921,1610612764,overall,,2025-10-21,2025-26,empty,0,1.042
2026-07-20T22:37:26.143865,1610612764,home,,2025-10-21,2025-26,empty,0,0.939
2026-07-20T22:37:27.658231,1610612764,away,,2025-10-21,2025-26,empty,0,0.81
2026-07-20T22:37:29.538783,1610612765,overall,,2025-10-21,2025-26,empty,0,1.176
2026-07-20T22:37:31.303453,1610612765,home,,2025-10-21,2025-26,empty,0,1.057
2026-07-20T22:37:32.885736,1610612765,away,,2025-10-21,2025-26,empty,0,0.877
2026-07-20T22:37:34.696757,1610612766,overall,,2025-10-21,2025-26,empty,0,1.103
2026-07-20T22:37:36.342232,1610612766,home,,2025-10-21,2025-26,empty,0,0.937
2026-07-20T22:37:37.898532,1610612766,away,,2025-10-21,2025-26,empty,0,0.848
2026-07-20T22:37:39.533750,1610612737,overall,,2025-10-28,2025-26,ok,17,0.918
2026-07-20T22:37:41.224064,1610612737,home,,2025-10-28,2025-26,ok,17,0.979
2026-07-20T22:37:42.697801,1610612737,away,,2025-10-28,2025-26,ok,17,0.762
2026-07-20T22:37:44.474041,1610612738,overall,,2025-10-28,2025-26,ok,17,1.06
2026-07-20T22:37:46.519497,1610612738,home,,2025-10-28,2025-26,ok,17,1.33
2026-07-20T22:37:48.717912,1610612738,away,,2025-10-28,2025-26,ok,17,1.487
2026-07-20T22:37:50.287075,1610612739,overall,,2025-10-28,2025-26,ok,16,0.853
2026-07-20T22:37:52.199175,1610612739,home,,2025-10-28,2025-26,ok,16,1.172
2026-07-20T22:37:53.870820,1610612739,away,,2025-10-28,2025-26,ok,16,0.955
2026-07-20T22:37:55.518871,1610612740,overall,,2025-10-28,2025-26,ok,19,0.934
2026-07-20T22:37:57.257657,1610612740,home,,2025-10-28,2025-26,ok,18,1.023
2026-07-20T22:37:59.143917,1610612740,away,,2025-10-28,2025-26,ok,18,1.16
2026-07-20T22:38:00.666951,1610612741,overall,,2025-10-28,2025-26,ok,18,0.806
2026-07-20T22:38:02.420576,1610612741,home,,2025-10-28,2025-26,ok,18,1.043
2026-07-20T22:38:03.922938,1610612741,away,,2025-10-28,2025-26,ok,18,0.783
2026-07-20T22:38:05.872489,1610612742,overall,,2025-10-28,2025-26,ok,18,1.235
2026-07-20T22:38:07.528601,1610612742,home,,2025-10-28,2025-26,ok,18,0.948
2026-07-20T22:38:09.104882,1610612742,away,,2025-10-28,2025-26,empty,0,0.871
2026-07-20T22:38:10.707187,1610612743,overall,,2025-10-28,2025-26,ok,17,0.888
2026-07-20T22:38:12.546147,1610612743,home,,2025-10-28,2025-26,ok,17,1.124
2026-07-20T22:38:14.225616,1610612743,away,,2025-10-28,2025-26,ok,17,0.966
2026-07-20T22:38:16.287848,1610612744,overall,,2025-10-28,2025-26,ok,17,1.352
2026-07-20T22:38:17.952081,1610612744,home,,2025-10-28,2025-26,ok,17,0.954
2026-07-20T22:38:19.489317,1610612744,away,,2025-10-28,2025-26,ok,17,0.826
2026-07-20T22:38:21.323294,1610612745,overall,,2025-10-28,2025-26,ok,17,1.121
2026-07-20T22:38:22.953587,1610612745,home,,2025-10-28,2025-26,ok,17,0.916
2026-07-20T22:38:24.572991,1610612745,away,,2025-10-28,2025-26,ok,17,0.909
2026-07-20T22:38:26.377351,1610612746,overall,,2025-10-28,2025-26,ok,17,1.091
2026-07-20T22:38:28.217581,1610612746,home,,2025-10-28,2025-26,ok,17,1.12
2026-07-20T22:38:30.846694,1610612746,away,,2025-10-28,2025-26,ok,17,1.918
2026-07-20T22:38:32.637738,1610612747,overall,,2025-10-28,2025-26,ok,17,1.082
2026-07-20T22:38:34.219306,1610612747,home,,2025-10-28,2025-26,ok,17,0.866
2026-07-20T22:38:35.665199,1610612747,away,,2025-10-28,2025-26,ok,17,0.737
2026-07-20T22:38:37.612027,1610612748,overall,,2025-10-28,2025-26,ok,17,1.236
2026-07-20T22:38:39.307547,1610612748,home,,2025-10-28,2025-26,ok,17,0.98
2026-07-20T22:38:40.956488,1610612748,away,,2025-10-28,2025-26,ok,17,0.937
2026-07-20T22:38:42.918819,1610612749,overall,,2025-10-28,2025-26,ok,18,1.247
2026-07-20T22:38:44.579549,1610612749,home,,2025-10-28,2025-26,ok,18,0.952
2026-07-20T22:38:46.111167,1610612749,away,,2025-10-28,2025-26,ok,18,0.821
2026-07-20T22:38:48.391249,1610612750,overall,,2025-10-28,2025-26,ok,17,1.564
2026-07-20T22:38:49.956701,1610612750,home,,2025-10-28,2025-26,ok,17,0.843
2026-07-20T22:38:51.666121,1610612750,away,,2025-10-28,2025-26,ok,17,0.999
2026-07-20T22:38:53.494683,1610612751,overall,,2025-10-28,2025-26,ok,17,1.11
2026-07-20T22:38:55.629298,1610612751,home,,2025-10-28,2025-26,ok,17,1.383
2026-07-20T22:38:57.480995,1610612751,away,,2025-10-28,2025-26,ok,17,1.139
2026-07-20T22:38:59.248205,1610612752,overall,,2025-10-28,2025-26,ok,17,1.058
2026-07-20T22:39:01.066992,1610612752,home,,2025-10-28,2025-26,ok,17,1.105
2026-07-20T22:39:03.010680,1610612752,away,,2025-10-28,2025-26,ok,17,1.234
2026-07-20T22:39:04.819289,1610612753,overall,,2025-10-28,2025-26,ok,17,1.095
2026-07-20T22:39:06.390524,1610612753,home,,2025-10-28,2025-26,ok,17,0.859
2026-07-20T22:39:08.169120,1610612753,away,,2025-10-28,2025-26,ok,17,1.066
2026-07-20T22:39:09.740324,1610612754,overall,,2025-10-28,2025-26,ok,18,0.857
2026-07-20T22:39:11.515521,1610612754,home,,2025-10-28,2025-26,ok,18,1.062
2026-07-20T22:39:12.958768,1610612754,away,,2025-10-28,2025-26,ok,18,0.732
2026-07-20T22:39:14.634253,1610612755,overall,,2025-10-28,2025-26,ok,17,0.963
2026-07-20T22:39:16.204630,1610612755,home,,2025-10-28,2025-26,ok,17,0.86
2026-07-20T22:39:17.910015,1610612755,away,,2025-10-28,2025-26,ok,17,0.992
2026-07-20T22:39:19.463367,1610612756,overall,,2025-10-28,2025-26,ok,17,0.839
2026-07-20T22:39:21.137176,1610612756,home,,2025-10-28,2025-26,ok,17,0.961
2026-07-20T22:39:22.776730,1610612756,away,,2025-10-28,2025-26,ok,17,0.924
2026-07-20T22:39:24.617756,1610612757,overall,,2025-10-28,2025-26,ok,18,1.127
2026-07-20T22:39:26.339688,1610612757,home,,2025-10-28,2025-26,ok,18,1.012
2026-07-20T22:39:28.063713,1610612757,away,,2025-10-28,2025-26,ok,18,1.009
2026-07-20T22:39:29.827831,1610612758,overall,,2025-10-28,2025-26,ok,18,1.053
2026-07-20T22:39:31.707836,1610612758,home,,2025-10-28,2025-26,ok,18,1.171
2026-07-20T22:39:33.318642,1610612758,away,,2025-10-28,2025-26,ok,18,0.901
2026-07-20T22:39:34.948242,1610612759,overall,,2025-10-28,2025-26,ok,18,0.916
2026-07-20T22:39:36.703091,1610612759,home,,2025-10-28,2025-26,ok,18,1.041
2026-07-20T22:39:38.254593,1610612759,away,,2025-10-28,2025-26,ok,18,0.837
2026-07-20T22:39:39.933824,1610612760,overall,,2025-10-28,2025-26,ok,18,0.968
2026-07-20T22:39:41.789348,1610612760,home,,2025-10-28,2025-26,ok,18,1.143
2026-07-20T22:39:43.362890,1610612760,away,,2025-10-28,2025-26,ok,18,0.86
2026-07-20T22:39:45.316047,1610612761,overall,,2025-10-28,2025-26,ok,17,1.241
2026-07-20T22:39:47.214730,1610612761,home,,2025-10-28,2025-26,ok,17,1.19
2026-07-20T22:39:48.998116,1610612761,away,,2025-10-28,2025-26,ok,17,1.062
2026-07-20T22:39:51.239285,1610612762,overall,,2025-10-28,2025-26,ok,18,1.531
2026-07-20T22:39:52.980123,1610612762,home,,2025-10-28,2025-26,ok,18,1.033
2026-07-20T22:39:54.720445,1610612762,away,,2025-10-28,2025-26,ok,18,1.028
2026-07-20T22:39:56.760112,1610612763,overall,,2025-10-28,2025-26,ok,19,1.329
2026-07-20T22:39:58.510055,1610612763,home,,2025-10-28,2025-26,ok,18,1.038
2026-07-20T22:40:00.467397,1610612763,away,,2025-10-28,2025-26,ok,19,1.247
2026-07-20T22:40:02.509821,1610612764,overall,,2025-10-28,2025-26,ok,18,1.178
2026-07-20T22:40:04.554363,1610612764,home,,2025-10-28,2025-26,ok,18,1.329
2026-07-20T22:40:06.448195,1610612764,away,,2025-10-28,2025-26,ok,18,1.185
2026-07-20T22:40:08.128144,1610612765,overall,,2025-10-28,2025-26,ok,17,0.968
2026-07-20T22:40:10.020946,1610612765,home,,2025-10-28,2025-26,ok,17,1.181
2026-07-20T22:40:11.791402,1610612765,away,,2025-10-28,2025-26,ok,17,1.063
2026-07-20T22:40:13.483608,1610612766,overall,,2025-10-28,2025-26,ok,18,0.979
2026-07-20T22:40:15.502451,1610612766,home,,2025-10-28,2025-26,ok,18,1.299
2026-07-20T22:40:17.093517,1610612766,away,,2025-10-28,2025-26,ok,18,0.876
2026-07-20T22:40:19.212690,1610612737,overall,,2025-11-04,2025-26,ok,17,1.403
2026-07-20T22:40:21.009693,1610612737,home,,2025-11-04,2025-26,ok,17,1.077
2026-07-20T22:40:22.517704,1610612737,away,,2025-11-04,2025-26,ok,17,0.799
2026-07-20T22:40:24.011322,1610612738,overall,,2025-11-04,2025-26,ok,17,0.782
2026-07-20T22:40:25.927853,1610612738,home,,2025-11-04,2025-26,ok,17,1.207
2026-07-20T22:40:27.595444,1610612738,away,,2025-11-04,2025-26,ok,17,0.958
2026-07-20T22:40:29.023364,1610612739,overall,,2025-11-04,2025-26,ok,17,0.719
2026-07-20T22:40:31.105531,1610612739,home,,2025-11-04,2025-26,ok,17,1.375
2026-07-20T22:40:32.758412,1610612739,away,,2025-11-04,2025-26,ok,16,0.942
2026-07-20T22:40:34.555520,1610612740,overall,,2025-11-04,2025-26,ok,19,1.089
2026-07-20T22:40:36.203920,1610612740,home,,2025-11-04,2025-26,ok,18,0.936
2026-07-20T22:40:37.933901,1610612740,away,,2025-11-04,2025-26,ok,19,1.02
2026-07-20T22:40:39.928659,1610612741,overall,,2025-11-04,2025-26,ok,18,1.278
2026-07-20T22:40:41.758636,1610612741,home,,2025-11-04,2025-26,ok,18,1.099
2026-07-20T22:40:43.260984,1610612741,away,,2025-11-04,2025-26,ok,18,0.794
2026-07-20T22:40:45.014332,1610612742,overall,,2025-11-04,2025-26,ok,18,1.039
2026-07-20T22:40:46.602527,1610612742,home,,2025-11-04,2025-26,ok,18,0.869
2026-07-20T22:40:48.178245,1610612742,away,,2025-11-04,2025-26,ok,18,0.863
2026-07-20T22:40:50.022621,1610612743,overall,,2025-11-04,2025-26,ok,17,1.122
2026-07-20T22:40:51.735024,1610612743,home,,2025-11-04,2025-26,ok,17,1.001
2026-07-20T22:40:53.273781,1610612743,away,,2025-11-04,2025-26,ok,17,0.822
2026-07-20T22:40:55.142315,1610612744,overall,,2025-11-04,2025-26,ok,17,1.156
2026-07-20T22:40:56.792950,1610612744,home,,2025-11-04,2025-26,ok,17,0.94
2026-07-20T22:40:58.305627,1610612744,away,,2025-11-04,2025-26,ok,17,0.8
2026-07-20T22:41:00.029284,1610612745,overall,,2025-11-04,2025-26,ok,17,1.013
2026-07-20T22:41:01.685980,1610612745,home,,2025-11-04,2025-26,ok,17,0.934
2026-07-20T22:41:03.141082,1610612745,away,,2025-11-04,2025-26,ok,17,0.739
2026-07-20T22:41:04.969044,1610612746,overall,,2025-11-04,2025-26,ok,17,1.116
2026-07-20T22:41:06.562585,1610612746,home,,2025-11-04,2025-26,ok,17,0.881
2026-07-20T22:41:08.477133,1610612746,away,,2025-11-04,2025-26,ok,17,1.205
2026-07-20T22:41:10.531906,1610612747,overall,,2025-11-04,2025-26,ok,17,1.344
2026-07-20T22:41:12.232553,1610612747,home,,2025-11-04,2025-26,ok,17,0.989
2026-07-20T22:41:13.641329,1610612747,away,,2025-11-04,2025-26,ok,17,0.698
2026-07-20T22:41:15.314517,1610612748,overall,,2025-11-04,2025-26,ok,17,0.964
2026-07-20T22:41:16.952018,1610612748,home,,2025-11-04,2025-26,ok,17,0.931
2026-07-20T22:41:18.400639,1610612748,away,,2025-11-04,2025-26,ok,17,0.735
2026-07-20T22:41:20.436069,1610612749,overall,,2025-11-04,2025-26,ok,18,1.326
2026-07-20T22:41:21.907242,1610612749,home,,2025-11-04,2025-26,ok,18,0.76
2026-07-20T22:41:23.414556,1610612749,away,,2025-11-04,2025-26,ok,18,0.795
2026-07-20T22:41:25.003125,1610612750,overall,,2025-11-04,2025-26,ok,17,0.792
2026-07-20T22:41:26.434299,1610612750,home,,2025-11-04,2025-26,ok,17,0.719
2026-07-20T22:41:28.110193,1610612750,away,,2025-11-04,2025-26,ok,17,0.968
2026-07-20T22:41:29.831870,1610612751,overall,,2025-11-04,2025-26,ok,17,1.009
2026-07-20T22:41:31.531186,1610612751,home,,2025-11-04,2025-26,ok,17,0.99
2026-07-20T22:41:33.450798,1610612751,away,,2025-11-04,2025-26,ok,17,1.201
2026-07-20T22:41:35.178363,1610612752,overall,,2025-11-04,2025-26,ok,17,1.013
2026-07-20T22:41:36.617403,1610612752,home,,2025-11-04,2025-26,ok,17,0.728
2026-07-20T22:41:38.353448,1610612752,away,,2025-11-04,2025-26,ok,17,1.023
2026-07-20T22:41:39.947785,1610612753,overall,,2025-11-04,2025-26,ok,17,0.886
2026-07-20T22:41:41.627130,1610612753,home,,2025-11-04,2025-26,ok,17,0.97
2026-07-20T22:41:43.267036,1610612753,away,,2025-11-04,2025-26,ok,17,0.929
2026-07-20T22:41:45.222238,1610612754,overall,,2025-11-04,2025-26,ok,20,1.244
2026-07-20T22:41:47.066946,1610612754,home,,2025-11-04,2025-26,ok,20,1.134
2026-07-20T22:41:48.807125,1610612754,away,,2025-11-04,2025-26,ok,19,1.027
2026-07-20T22:41:50.287377,1610612755,overall,,2025-11-04,2025-26,ok,17,0.769
2026-07-20T22:41:51.681960,1610612755,home,,2025-11-04,2025-26,ok,17,0.686
2026-07-20T22:41:53.209269,1610612755,away,,2025-11-04,2025-26,ok,17,0.82
2026-07-20T22:41:55.150805,1610612756,overall,,2025-11-04,2025-26,ok,17,1.228
2026-07-20T22:41:56.787689,1610612756,home,,2025-11-04,2025-26,ok,17,0.924
2026-07-20T22:41:58.495974,1610612756,away,,2025-11-04,2025-26,ok,17,1.0
2026-07-20T22:42:00.457220,1610612757,overall,,2025-11-04,2025-26,ok,18,1.25
2026-07-20T22:42:02.224187,1610612757,home,,2025-11-04,2025-26,ok,18,1.055
2026-07-20T22:42:03.705454,1610612757,away,,2025-11-04,2025-26,ok,18,0.77
2026-07-20T22:42:05.544693,1610612758,overall,,2025-11-04,2025-26,ok,18,1.127
2026-07-20T22:42:07.228527,1610612758,home,,2025-11-04,2025-26,ok,18,0.973
2026-07-20T22:42:09.072219,1610612758,away,,2025-11-04,2025-26,ok,18,1.132
2026-07-20T22:42:10.507945,1610612759,overall,,2025-11-04,2025-26,ok,18,0.727
2026-07-20T22:42:12.144812,1610612759,home,,2025-11-04,2025-26,ok,18,0.924
2026-07-20T22:42:13.761110,1610612759,away,,2025-11-04,2025-26,ok,18,0.903
2026-07-20T22:42:15.469913,1610612760,overall,,2025-11-04,2025-26,ok,18,0.95
2026-07-20T22:42:17.080209,1610612760,home,,2025-11-04,2025-26,ok,18,0.899
2026-07-20T22:42:18.704509,1610612760,away,,2025-11-04,2025-26,ok,18,0.91
2026-07-20T22:42:20.474296,1610612761,overall,,2025-11-04,2025-26,ok,17,1.06
2026-07-20T22:42:21.944859,1610612761,home,,2025-11-04,2025-26,ok,17,0.762
2026-07-20T22:42:23.410064,1610612761,away,,2025-11-04,2025-26,ok,17,0.754
2026-07-20T22:42:25.154091,1610612762,overall,,2025-11-04,2025-26,ok,18,1.029
2026-07-20T22:42:26.627315,1610612762,home,,2025-11-04,2025-26,ok,18,0.76
2026-07-20T22:42:28.076701,1610612762,away,,2025-11-04,2025-26,ok,18,0.736
2026-07-20T22:42:29.760844,1610612763,overall,,2025-11-04,2025-26,ok,19,0.97
2026-07-20T22:42:31.515841,1610612763,home,,2025-11-04,2025-26,ok,19,1.041
2026-07-20T22:42:33.140210,1610612763,away,,2025-11-04,2025-26,ok,19,0.917
2026-07-20T22:42:34.831031,1610612764,overall,,2025-11-04,2025-26,ok,18,0.982
2026-07-20T22:42:36.420416,1610612764,home,,2025-11-04,2025-26,ok,18,0.882
2026-07-20T22:42:38.367191,1610612764,away,,2025-11-04,2025-26,ok,18,1.239
2026-07-20T22:42:39.991801,1610612765,overall,,2025-11-04,2025-26,ok,17,0.912
2026-07-20T22:42:41.744934,1610612765,home,,2025-11-04,2025-26,ok,17,1.039
2026-07-20T22:42:43.380220,1610612765,away,,2025-11-04,2025-26,ok,17,0.923
2026-07-20T22:42:45.123906,1610612766,overall,,2025-11-04,2025-26,ok,18,1.032
2026-07-20T22:42:46.612802,1610612766,home,,2025-11-04,2025-26,ok,18,0.777
2026-07-20T22:42:48.031332,1610612766,away,,2025-11-04,2025-26,ok,18,0.71
2026-07-20T22:42:49.932965,1610612737,overall,,2025-11-11,2025-26,ok,17,1.192
2026-07-20T22:42:51.583429,1610612737,home,,2025-11-11,2025-26,ok,17,0.937
2026-07-20T22:42:53.290666,1610612737,away,,2025-11-11,2025-26,ok,17,0.996
2026-07-20T22:42:54.845248,1610612738,overall,,2025-11-11,2025-26,ok,17,0.843
2026-07-20T22:42:56.367448,1610612738,home,,2025-11-11,2025-26,ok,17,0.811
2026-07-20T22:42:57.927933,1610612738,away,,2025-11-11,2025-26,ok,17,0.845
2026-07-20T22:42:59.338703,1610612739,overall,,2025-11-11,2025-26,ok,17,0.698
2026-07-20T22:43:00.995401,1610612739,home,,2025-11-11,2025-26,ok,17,0.943
2026-07-20T22:43:02.668045,1610612739,away,,2025-11-11,2025-26,ok,17,0.965
2026-07-20T22:43:04.488370,1610612740,overall,,2025-11-11,2025-26,ok,19,1.108
2026-07-20T22:43:06.321209,1610612740,home,,2025-11-11,2025-26,ok,18,1.121
2026-07-20T22:43:07.804815,1610612740,away,,2025-11-11,2025-26,ok,19,0.773
2026-07-20T22:43:09.409588,1610612741,overall,,2025-11-11,2025-26,ok,18,0.892
2026-07-20T22:43:11.133681,1610612741,home,,2025-11-11,2025-26,ok,18,1.015
2026-07-20T22:43:12.827319,1610612741,away,,2025-11-11,2025-26,ok,18,0.984
2026-07-20T22:43:14.255526,1610612742,overall,,2025-11-11,2025-26,ok,18,0.716
2026-07-20T22:43:15.896608,1610612742,home,,2025-11-11,2025-26,ok,18,0.929
2026-07-20T22:43:17.378879,1610612742,away,,2025-11-11,2025-26,ok,18,0.772
2026-07-20T22:43:19.019980,1610612743,overall,,2025-11-11,2025-26,ok,17,0.93
2026-07-20T22:43:20.515345,1610612743,home,,2025-11-11,2025-26,ok,17,0.784
2026-07-20T22:43:22.087634,1610612743,away,,2025-11-11,2025-26,ok,17,0.864
2026-07-20T23:01:01.600532,1610612738,vs_opponent,1610612753,2026-04-11,2025-26,ok,17,1.566
2026-07-20T23:01:03.421007,1610612753,vs_opponent,1610612738,2026-04-11,2025-26,ok,17,0.954
2026-07-20T23:01:05.188243,1610612739,vs_opponent,1610612764,2026-04-11,2025-26,ok,22,1.038
2026-07-20T23:01:12.208372,1610612764,vs_opponent,1610612739,2026-04-11,2025-26,ok,24,6.295
2026-07-20T23:01:13.939039,1610612742,vs_opponent,1610612741,2026-04-11,2025-26,ok,18,1.001
2026-07-20T23:01:15.780243,1610612741,vs_opponent,1610612742,2026-04-11,2025-26,ok,18,1.125
2026-07-20T23:01:17.523284,1610612745,vs_opponent,1610612763,2026-04-11,2025-26,ok,18,1.024
2026-07-20T23:01:19.465622,1610612763,vs_opponent,1610612745,2026-04-11,2025-26,ok,26,1.223
2026-07-20T23:01:22.332548,1610612746,vs_opponent,1610612744,2026-04-11,2025-26,ok,23,2.15
2026-07-20T23:01:23.964207,1610612744,vs_opponent,1610612746,2026-04-11,2025-26,ok,22,0.922
2026-07-20T23:01:25.917204,1610612747,vs_opponent,1610612762,2026-04-11,2025-26,ok,18,1.24
2026-07-20T23:01:27.758867,1610612762,vs_opponent,1610612747,2026-04-11,2025-26,ok,18,1.129
2026-07-20T23:01:29.410816,1610612748,vs_opponent,1610612737,2026-04-11,2025-26,ok,18,0.939
2026-07-20T23:01:31.241957,1610612737,vs_opponent,1610612748,2026-04-11,2025-26,ok,26,1.118
2026-07-20T23:01:32.844183,1610612750,vs_opponent,1610612740,2026-04-11,2025-26,ok,19,0.888
2026-07-20T23:01:34.720833,1610612740,vs_opponent,1610612750,2026-04-11,2025-26,ok,18,1.164
2026-07-20T23:01:36.361628,1610612752,vs_opponent,1610612766,2026-04-11,2025-26,ok,20,0.923
2026-07-20T23:01:38.013590,1610612766,vs_opponent,1610612752,2026-04-11,2025-26,ok,22,0.941
2026-07-20T23:01:39.740172,1610612754,vs_opponent,1610612765,2026-04-11,2025-26,ok,22,1.015
2026-07-20T23:01:41.461044,1610612765,vs_opponent,1610612754,2026-04-11,2025-26,ok,18,1.01
2026-07-20T23:01:43.090302,1610612755,vs_opponent,1610612749,2026-04-11,2025-26,ok,19,0.913
2026-07-20T23:01:44.859972,1610612749,vs_opponent,1610612755,2026-04-11,2025-26,ok,18,1.055
2026-07-20T23:01:46.704008,1610612757,vs_opponent,1610612758,2026-04-11,2025-26,ok,18,1.131
2026-07-20T23:01:48.441592,1610612758,vs_opponent,1610612757,2026-04-11,2025-26,ok,18,1.026
2026-07-20T23:01:50.285314,1610612759,vs_opponent,1610612743,2026-04-11,2025-26,ok,20,1.13
2026-07-20T23:01:52.081918,1610612743,vs_opponent,1610612759,2026-04-11,2025-26,ok,20,1.084
2026-07-20T23:01:53.774198,1610612760,vs_opponent,1610612756,2026-04-11,2025-26,ok,20,0.98
2026-07-20T23:01:55.430254,1610612756,vs_opponent,1610612760,2026-04-11,2025-26,ok,19,0.947
2026-07-20T23:01:57.113434,1610612761,vs_opponent,1610612751,2026-04-11,2025-26,ok,17,0.97
2026-07-20T23:01:58.959043,1610612751,vs_opponent,1610612761,2026-04-11,2025-26,ok,17,1.134
2026-07-20T23:02:00.829726,1610612737,vs_opponent,1610612739,2026-04-09,2025-26,ok,27,1.158
2026-07-20T23:02:02.779151,1610612739,vs_opponent,1610612737,2026-04-09,2025-26,ok,23,1.24
2026-07-20T23:02:04.519778,1610612738,vs_opponent,1610612740,2026-04-09,2025-26,ok,17,1.028
2026-07-20T23:02:06.259280,1610612740,vs_opponent,1610612738,2026-04-09,2025-26,ok,18,1.03
2026-07-20T23:02:07.770312,1610612741,vs_opponent,1610612753,2026-04-09,2025-26,ok,18,0.798
2026-07-20T23:02:09.436569,1610612753,vs_opponent,1610612741,2026-04-09,2025-26,ok,17,0.952
2026-07-20T23:02:11.172259,1610612743,vs_opponent,1610612760,2026-04-09,2025-26,ok,20,1.022
2026-07-20T23:02:13.361082,1610612760,vs_opponent,1610612743,2026-04-09,2025-26,ok,21,1.475
2026-07-20T23:02:15.171972,1610612745,vs_opponent,1610612750,2026-04-09,2025-26,ok,17,1.096
2026-07-20T23:02:16.907946,1610612750,vs_opponent,1610612745,2026-04-09,2025-26,ok,21,1.023
2026-07-20T23:02:18.652288,1610612747,vs_opponent,1610612756,2026-04-09,2025-26,ok,19,1.03
2026-07-20T23:02:20.492289,1610612756,vs_opponent,1610612747,2026-04-09,2025-26,ok,20,1.127
2026-07-20T23:02:22.228265,1610612749,vs_opponent,1610612751,2026-04-09,2025-26,ok,20,1.022
2026-07-20T23:02:23.927673,1610612751,vs_opponent,1610612749,2026-04-09,2025-26,ok,22,0.991
2026-07-20T23:02:25.576271,1610612752,vs_opponent,1610612761,2026-04-09,2025-26,ok,20,0.934
2026-07-20T23:02:27.157983,1610612761,vs_opponent,1610612752,2026-04-09,2025-26,ok,18,0.867
2026-07-20T23:02:28.792742,1610612754,vs_opponent,1610612755,2026-04-09,2025-26,ok,21,0.919
2026-07-20T23:02:30.681382,1610612755,vs_opponent,1610612754,2026-04-09,2025-26,ok,21,1.175
2026-07-20T23:02:32.270041,1610612757,vs_opponent,1610612746,2026-04-09,2025-26,ok,21,0.875
2026-07-20T23:02:34.009011,1610612746,vs_opponent,1610612757,2026-04-09,2025-26,ok,24,1.031
2026-07-20T23:02:35.856399,1610612758,vs_opponent,1610612744,2026-04-09,2025-26,ok,21,1.132
2026-07-20T23:02:37.801145,1610612744,vs_opponent,1610612758,2026-04-09,2025-26,ok,23,1.232
2026-07-20T23:02:39.490978,1610612759,vs_opponent,1610612742,2026-04-09,2025-26,ok,19,0.977
2026-07-20T23:02:41.078115,1610612742,vs_opponent,1610612759,2026-04-09,2025-26,ok,22,0.873
2026-07-20T23:02:42.782184,1610612762,vs_opponent,1610612763,2026-04-09,2025-26,ok,22,0.992
2026-07-20T23:02:44.559573,1610612763,vs_opponent,1610612762,2026-04-09,2025-26,ok,23,1.065
2026-07-20T23:02:46.233302,1610612764,vs_opponent,1610612748,2026-04-09,2025-26,ok,20,0.96
2026-07-20T23:02:47.829961,1610612748,vs_opponent,1610612764,2026-04-09,2025-26,ok,18,0.945
2026-07-20T23:02:49.721564,1610612766,vs_opponent,1610612765,2026-04-09,2025-26,ok,22,1.177
2026-07-20T23:02:51.474534,1610612765,vs_opponent,1610612766,2026-04-09,2025-26,ok,19,1.041
2026-07-20T23:02:53.412277,1610612744,vs_opponent,1610612747,2026-04-08,2025-26,ok,22,1.224
2026-07-20T23:02:55.254192,1610612747,vs_opponent,1610612744,2026-04-08,2025-26,ok,20,1.129
2026-07-20T23:02:56.994957,1610612745,vs_opponent,1610612755,2026-04-08,2025-26,ok,17,1.029
2026-07-20T23:02:58.634220,1610612755,vs_opponent,1610612745,2026-04-08,2025-26,ok,17,0.927
2026-07-20T23:03:00.297870,1610612751,vs_opponent,1610612754,2026-04-08,2025-26,ok,20,0.953
2026-07-20T23:03:02.028749,1610612754,vs_opponent,1610612751,2026-04-08,2025-26,ok,24,1.021
2026-07-20T23:03:03.536885,1610612752,vs_opponent,1610612738,2026-04-08,2025-26,ok,19,0.796
2026-07-20T23:03:05.187868,1610612738,vs_opponent,1610612752,2026-04-08,2025-26,ok,19,0.941
2026-07-20T23:03:07.140768,1610612761,vs_opponent,1610612748,2026-04-08,2025-26,ok,19,1.24
2026-07-20T23:03:08.609669,1610612748,vs_opponent,1610612761,2026-04-08,2025-26,ok,18,0.757
2026-07-20T23:03:10.172218,1610612764,vs_opponent,1610612741,2026-04-08,2025-26,ok,24,0.85
2026-07-20T23:03:11.977128,1610612741,vs_opponent,1610612764,2026-04-08,2025-26,ok,26,1.092
2026-07-20T23:03:13.754561,1610612739,vs_opponent,1610612737,2026-04-07,2025-26,ok,17,1.064
2026-07-20T23:03:15.527224,1610612737,vs_opponent,1610612739,2026-04-07,2025-26,ok,17,1.057
2026-07-20T23:03:17.122811,1610612743,vs_opponent,1610612763,2026-04-07,2025-26,ok,20,0.879
2026-07-20T23:03:18.705317,1610612763,vs_opponent,1610612743,2026-04-07,2025-26,ok,27,0.872
2026-07-20T23:03:20.652568,1610612746,vs_opponent,1610612760,2026-04-07,2025-26,ok,18,1.236
2026-07-20T23:03:22.480562,1610612760,vs_opponent,1610612746,2026-04-07,2025-26,ok,18,1.12
2026-07-20T23:03:24.030094,1610612753,vs_opponent,1610612750,2026-04-07,2025-26,ok,17,0.838
2026-07-20T23:03:25.562621,1610612750,vs_opponent,1610612753,2026-04-07,2025-26,ok,18,0.824
2026-07-20T23:03:27.510681,1610612756,vs_opponent,1610612742,2026-04-07,2025-26,ok,20,1.232
2026-07-20T23:03:29.149826,1610612742,vs_opponent,1610612756,2026-04-07,2025-26,ok,22,0.926
2026-07-20T23:03:30.785208,1610612759,vs_opponent,1610612757,2026-04-07,2025-26,ok,19,0.914
2026-07-20T23:03:32.670246,1610612757,vs_opponent,1610612759,2026-04-07,2025-26,ok,18,1.173
2026-07-20T23:03:34.371423,1610612765,vs_opponent,1610612749,2026-04-07,2025-26,ok,18,0.986
2026-07-20T23:03:36.002946,1610612749,vs_opponent,1610612765,2026-04-07,2025-26,ok,18,0.916
2026-07-20T23:03:37.648645,1610612738,vs_opponent,1610612766,2026-04-06,2025-26,ok,16,0.931
2026-07-20T23:03:39.197834,1610612766,vs_opponent,1610612738,2026-04-06,2025-26,ok,18,0.842
2026-07-20T23:03:41.129412,1610612740,vs_opponent,1610612762,2026-04-06,2025-26,ok,17,1.219
2026-07-20T23:03:43.431873,1610612762,vs_opponent,1610612740,2026-04-06,2025-26,ok,18,1.591
2026-07-20T23:03:44.924007,1610612744,vs_opponent,1610612758,2026-04-06,2025-26,ok,20,0.78
2026-07-20T23:03:46.763385,1610612758,vs_opponent,1610612744,2026-04-06,2025-26,ok,18,1.127
2026-07-20T23:03:48.911237,1610612746,vs_opponent,1610612742,2026-04-06,2025-26,ok,23,1.431
2026-07-20T23:03:50.551632,1610612742,vs_opponent,1610612746,2026-04-06,2025-26,ok,23,0.93
2026-07-20T23:03:52.279088,1610612747,vs_opponent,1610612760,2026-04-06,2025-26,ok,20,1.016
2026-07-20T23:03:53.861141,1610612760,vs_opponent,1610612747,2026-04-06,2025-26,ok,21,0.869
2026-07-20T23:03:55.773022,1610612751,vs_opponent,1610612749,2026-04-06,2025-26,ok,17,1.199
2026-07-20T23:03:57.601818,1610612749,vs_opponent,1610612751,2026-04-06,2025-26,ok,18,1.12
2026-07-20T23:03:59.158229,1610612754,vs_opponent,1610612750,2026-04-06,2025-26,ok,18,0.836
2026-07-20T23:04:03.657001,1610612750,vs_opponent,1610612754,2026-04-06,2025-26,ok,17,3.786
2026-07-21T19:03:30.417754,1610612737,overall,,2023-10-24,2023-24,empty,0,0.345
2026-07-21T19:03:31.304010,1610612737,home,,2023-10-24,2023-24,empty,0,0.165
2026-07-21T19:03:32.149553,1610612737,away,,2023-10-24,2023-24,empty,0,0.137
2026-07-21T19:03:32.991265,1610612738,overall,,2023-10-24,2023-24,empty,0,0.136
2026-07-21T19:03:33.843013,1610612738,home,,2023-10-24,2023-24,empty,0,0.146
2026-07-21T19:03:34.687880,1610612738,away,,2023-10-24,2023-24,empty,0,0.138
2026-07-21T19:03:37.208980,1610612739,overall,,2023-10-24,2023-24,empty,0,1.817
2026-07-21T19:03:38.184827,1610612739,home,,2023-10-24,2023-24,empty,0,0.269
2026-07-21T19:03:39.123194,1610612739,away,,2023-10-24,2023-24,empty,0,0.235
2026-07-21T19:03:40.083572,1610612740,overall,,2023-10-24,2023-24,empty,0,0.256
2026-07-21T19:03:41.126057,1610612740,home,,2023-10-24,2023-24,empty,0,0.337
2026-07-21T19:03:42.062058,1610612740,away,,2023-10-24,2023-24,empty,0,0.23
2026-07-21T19:03:43.072694,1610612741,overall,,2023-10-24,2023-24,empty,0,0.305
2026-07-21T19:03:44.049245,1610612741,home,,2023-10-24,2023-24,empty,0,0.269
2026-07-21T19:03:45.014351,1610612741,away,,2023-10-24,2023-24,empty,0,0.258
2026-07-21T19:03:45.965954,1610612742,overall,,2023-10-24,2023-24,empty,0,0.245
2026-07-21T19:03:47.072329,1610612742,home,,2023-10-24,2023-24,empty,0,0.4
2026-07-21T19:03:48.089527,1610612742,away,,2023-10-24,2023-24,empty,0,0.301
2026-07-21T19:03:49.115835,1610612743,away,,2023-10-24,2023-24,empty,0,0.319
2026-07-21T19:03:50.063186,1610612744,away,,2023-10-24,2023-24,empty,0,0.24
2026-07-21T19:03:51.144592,1610612745,overall,,2023-10-24,2023-24,empty,0,0.375
2026-07-21T19:03:53.462750,1610612745,home,,2023-10-24,2023-24,empty,0,1.609
2026-07-21T19:03:54.454592,1610612745,away,,2023-10-24,2023-24,empty,0,0.284
2026-07-21T19:03:55.371451,1610612746,overall,,2023-10-24,2023-24,empty,0,0.208
2026-07-21T19:03:56.385120,1610612746,home,,2023-10-24,2023-24,empty,0,0.31
2026-07-21T19:03:57.407275,1610612746,away,,2023-10-24,2023-24,empty,0,0.317
2026-07-21T19:03:58.477895,1610612747,home,,2023-10-24,2023-24,empty,0,0.364
2026-07-21T19:03:59.451259,1610612748,overall,,2023-10-24,2023-24,empty,0,0.222
2026-07-21T19:04:00.398010,1610612748,home,,2023-10-24,2023-24,empty,0,0.243
2026-07-21T19:04:01.401183,1610612748,away,,2023-10-24,2023-24,empty,0,0.295
2026-07-21T19:04:02.382658,1610612749,overall,,2023-10-24,2023-24,empty,0,0.275
2026-07-21T19:04:03.346685,1610612749,home,,2023-10-24,2023-24,empty,0,0.26
2026-07-21T19:04:04.455180,1610612749,away,,2023-10-24,2023-24,empty,0,0.401
2026-07-21T19:04:05.466139,1610612750,overall,,2023-10-24,2023-24,empty,0,0.305
2026-07-21T19:04:06.522087,1610612750,home,,2023-10-24,2023-24,empty,0,0.35
2026-07-21T19:04:07.529566,1610612750,away,,2023-10-24,2023-24,empty,0,0.303
2026-07-21T19:04:08.446668,1610612751,overall,,2023-10-24,2023-24,empty,0,0.212
2026-07-21T19:04:09.451706,1610612751,home,,2023-10-24,2023-24,empty,0,0.279
2026-07-21T19:04:10.437061,1610612751,away,,2023-10-24,2023-24,empty,0,0.28
2026-07-21T19:04:11.355562,1610612752,overall,,2023-10-24,2023-24,empty,0,0.212
2026-07-21T19:04:12.266537,1610612752,home,,2023-10-24,2023-24,empty,0,0.204
2026-07-21T19:04:13.280350,1610612752,away,,2023-10-24,2023-24,empty,0,0.308
2026-07-21T19:04:14.211484,1610612753,overall,,2023-10-24,2023-24,empty,0,0.223
2026-07-21T19:04:15.120031,1610612753,home,,2023-10-24,2023-24,empty,0,0.205
2026-07-21T19:04:16.138386,1610612753,away,,2023-10-24,2023-24,empty,0,0.314
2026-07-21T19:04:17.067679,1610612754,overall,,2023-10-24,2023-24,empty,0,0.22
2026-07-21T19:04:18.095083,1610612754,home,,2023-10-24,2023-24,empty,0,0.27
2026-07-21T19:04:18.997099,1610612754,away,,2023-10-24,2023-24,empty,0,0.196
2026-07-21T19:04:19.913170,1610612755,overall,,2023-10-24,2023-24,empty,0,0.208
2026-07-21T19:04:20.847840,1610612755,home,,2023-10-24,2023-24,empty,0,0.23
2026-07-21T19:04:21.913505,1610612755,away,,2023-10-24,2023-24,empty,0,0.361
2026-07-21T19:04:22.879373,1610612756,home,,2023-10-24,2023-24,empty,0,0.259
2026-07-21T19:04:23.764020,1610612757,overall,,2023-10-24,2023-24,empty,0,0.181
2026-07-21T19:04:24.707221,1610612757,home,,2023-10-24,2023-24,empty,0,0.241
2026-07-21T19:04:25.652877,1610612757,away,,2023-10-24,2023-24,empty,0,0.239
2026-07-21T19:04:26.554988,1610612758,overall,,2023-10-24,2023-24,empty,0,0.195
2026-07-21T19:04:27.523215,1610612758,home,,2023-10-24,2023-24,empty,0,0.26
2026-07-21T19:04:28.535478,1610612758,away,,2023-10-24,2023-24,empty,0,0.307
2026-07-21T19:04:29.549482,1610612759,overall,,2023-10-24,2023-24,empty,0,0.306
2026-07-21T19:04:30.566545,1610612759,home,,2023-10-24,2023-24,empty,0,0.309
2026-07-21T19:04:31.506768,1610612759,away,,2023-10-24,2023-24,empty,0,0.236
2026-07-21T19:04:32.480317,1610612760,overall,,2023-10-24,2023-24,empty,0,0.266
2026-07-21T19:04:33.507959,1610612760,home,,2023-10-24,2023-24,empty,0,0.321
2026-07-21T19:04:34.519716,1610612760,away,,2023-10-24,2023-24,empty,0,0.305
2026-07-21T19:04:35.602141,1610612761,overall,,2023-10-24,2023-24,empty,0,0.375
2026-07-21T19:04:36.504481,1610612761,home,,2023-10-24,2023-24,empty,0,0.195
2026-07-21T19:04:37.493568,1610612761,away,,2023-10-24,2023-24,empty,0,0.281
2026-07-21T19:04:38.506940,1610612762,overall,,2023-10-24,2023-24,empty,0,0.307
2026-07-21T19:04:39.603550,1610612762,home,,2023-10-24,2023-24,empty,0,0.389
2026-07-21T19:04:40.636513,1610612762,away,,2023-10-24,2023-24,empty,0,0.326
2026-07-21T19:04:41.645342,1610612763,overall,,2023-10-24,2023-24,empty,0,0.301
2026-07-21T19:04:42.586643,1610612763,home,,2023-10-24,2023-24,empty,0,0.236
2026-07-21T19:04:43.535285,1610612763,away,,2023-10-24,2023-24,empty,0,0.242
2026-07-21T19:04:44.510794,1610612764,overall,,2023-10-24,2023-24,empty,0,0.267
2026-07-21T19:04:45.556506,1610612764,home,,2023-10-24,2023-24,empty,0,0.342
2026-07-21T19:04:46.660595,1610612764,away,,2023-10-24,2023-24,empty,0,0.397
2026-07-21T19:04:47.758910,1610612765,overall,,2023-10-24,2023-24,empty,0,0.394
2026-07-21T19:04:48.686327,1610612765,home,,2023-10-24,2023-24,empty,0,0.22
2026-07-21T19:04:49.681668,1610612765,away,,2023-10-24,2023-24,empty,0,0.288
2026-07-21T19:04:50.655054,1610612766,overall,,2023-10-24,2023-24,empty,0,0.269
2026-07-21T19:04:51.576699,1610612766,home,,2023-10-24,2023-24,empty,0,0.213
2026-07-21T19:04:52.502878,1610612766,away,,2023-10-24,2023-24,empty,0,0.223
2026-07-21T19:04:53.413316,1610612749,away,,2023-10-31,2023-24,empty,0,0.205
2026-07-21T19:04:54.344075,1610612766,away,,2023-10-31,2023-24,empty,0,0.227
2026-07-21T19:04:55.449564,1610612752,away,,2023-12-05,2023-24,ok,19,0.38
2026-07-21T19:04:57.793835,1610612753,overall,,2023-12-05,2023-24,ok,18,1.62
2026-07-21T19:04:59.904014,1610612753,home,,2023-12-05,2023-24,ok,18,1.396
2026-07-21T19:05:01.834844,1610612753,away,,2023-12-05,2023-24,ok,18,1.217
2026-07-21T19:05:04.403597,1610612754,overall,,2023-12-05,2023-24,ok,18,1.844
2026-07-21T19:05:06.472986,1610612754,home,,2023-12-05,2023-24,ok,18,1.355
2026-07-21T19:05:09.281232,1610612754,away,,2023-12-05,2023-24,ok,18,2.093
2026-07-21T19:05:11.800684,1610612755,overall,,2023-12-05,2023-24,ok,22,1.795
2026-07-21T19:05:13.762369,1610612755,home,,2023-12-05,2023-24,ok,22,1.243
2026-07-21T19:05:15.498387,1610612755,away,,2023-12-05,2023-24,ok,22,1.02
2026-07-21T19:05:18.523592,1610612756,overall,,2023-12-05,2023-24,ok,17,2.309
2026-07-21T19:05:20.446183,1610612756,home,,2023-12-05,2023-24,ok,17,1.209
2026-07-21T19:05:22.312571,1610612756,away,,2023-12-05,2023-24,ok,17,1.157
2026-07-21T19:05:24.810245,1610612757,overall,,2023-12-05,2023-24,ok,19,1.783
2026-07-21T19:05:26.858650,1610612757,home,,2023-12-05,2023-24,ok,19,1.333
2026-07-21T19:05:28.723844,1610612757,away,,2023-12-05,2023-24,ok,19,1.153
2026-07-21T19:05:31.094139,1610612758,overall,,2023-12-05,2023-24,ok,18,1.656
2026-07-21T19:05:35.038446,1610612758,home,,2023-12-05,2023-24,ok,18,3.232
2026-07-21T19:05:36.937271,1610612758,away,,2023-12-05,2023-24,ok,18,1.174
2026-07-21T19:05:39.487104,1610612759,overall,,2023-12-05,2023-24,ok,18,1.83
2026-07-21T19:05:42.889343,1610612759,home,,2023-12-05,2023-24,ok,18,2.687
2026-07-21T19:05:44.825553,1610612759,away,,2023-12-05,2023-24,ok,18,1.225
2026-07-21T19:05:47.394920,1610612760,overall,,2023-12-05,2023-24,ok,18,1.855
2026-07-21T19:05:49.360402,1610612760,home,,2023-12-05,2023-24,ok,18,1.254
2026-07-21T19:05:51.191446,1610612760,away,,2023-12-05,2023-24,ok,18,1.122
2026-07-21T19:05:53.535167,1610612761,overall,,2023-12-05,2023-24,ok,18,1.631
2026-07-21T19:05:55.518379,1610612761,home,,2023-12-05,2023-24,ok,18,1.269
2026-07-21T19:05:57.595798,1610612761,away,,2023-12-05,2023-24,ok,18,1.365
2026-07-21T19:06:00.063966,1610612762,overall,,2023-12-05,2023-24,ok,18,1.734
2026-07-21T19:06:02.121395,1610612762,home,,2023-12-05,2023-24,ok,18,1.347
2026-07-21T19:06:03.993536,1610612762,away,,2023-12-05,2023-24,ok,18,1.157
2026-07-21T19:06:06.498026,1610612763,overall,,2023-12-05,2023-24,ok,21,1.789
2026-07-21T19:06:08.463357,1610612763,home,,2023-12-05,2023-24,ok,21,1.249
2026-07-21T19:06:10.340991,1610612763,away,,2023-12-05,2023-24,ok,21,1.158
2026-07-21T19:06:13.105915,1610612764,overall,,2023-12-05,2023-24,ok,18,2.049
2026-07-21T19:06:15.161885,1610612764,home,,2023-12-05,2023-24,ok,18,1.343
2026-07-21T19:06:16.994120,1610612764,away,,2023-12-05,2023-24,ok,18,1.119
2026-07-21T19:06:19.761197,1610612765,overall,,2023-12-05,2023-24,ok,18,2.053
2026-07-21T19:06:21.847403,1610612765,home,,2023-12-05,2023-24,ok,18,1.375
2026-07-21T19:06:23.614514,1610612765,away,,2023-12-05,2023-24,ok,18,1.056
2026-07-21T19:06:26.314626,1610612766,overall,,2023-12-05,2023-24,ok,18,1.986
2026-07-21T19:06:28.256885,1610612766,home,,2023-12-05,2023-24,ok,18,1.231
2026-07-21T19:06:30.080531,1610612766,away,,2023-12-05,2023-24,ok,18,1.112
2026-07-21T19:06:32.665226,1610612737,overall,,2023-12-12,2023-24,ok,18,1.868
2026-07-21T19:06:34.709193,1610612737,home,,2023-12-12,2023-24,ok,18,1.333
2026-07-21T19:06:36.657162,1610612737,away,,2023-12-12,2023-24,ok,18,1.235
2026-07-21T19:06:38.931181,1610612738,overall,,2023-12-12,2023-24,ok,17,1.562
2026-07-21T19:06:40.774811,1610612738,home,,2023-12-12,2023-24,ok,17,1.133
2026-07-21T19:06:42.665215,1610612738,away,,2023-12-12,2023-24,ok,17,1.181
2026-07-21T19:06:44.869054,1610612739,overall,,2023-12-12,2023-24,ok,17,1.491
2026-07-21T19:06:47.007161,1610612739,home,,2023-12-12,2023-24,ok,17,1.421
2026-07-21T19:06:48.676804,1610612739,away,,2023-12-12,2023-24,ok,17,0.956
2026-07-21T19:06:51.581659,1610612740,overall,,2023-12-12,2023-24,ok,18,2.191
2026-07-21T19:06:53.564832,1610612740,home,,2023-12-12,2023-24,ok,18,1.269
2026-07-21T19:06:55.995521,1610612740,away,,2023-12-12,2023-24,ok,18,1.72
2026-07-21T19:06:58.569058,1610612741,overall,,2023-12-12,2023-24,ok,17,1.861
2026-07-21T19:07:00.574292,1610612741,home,,2023-12-12,2023-24,ok,17,1.295
2026-07-21T19:07:02.460068,1610612741,away,,2023-12-12,2023-24,ok,17,1.171
2026-07-21T19:07:04.614584,1610612742,overall,,2023-12-12,2023-24,ok,18,1.437
2026-07-21T19:07:06.548219,1610612742,home,,2023-12-12,2023-24,ok,18,1.222
2026-07-21T19:07:08.373704,1610612742,away,,2023-12-12,2023-24,ok,18,1.104
2026-07-21T19:07:11.377333,1610612743,overall,,2023-12-12,2023-24,ok,18,2.28
2026-07-21T19:07:13.314700,1610612743,home,,2023-12-12,2023-24,ok,18,1.225
2026-07-21T19:07:15.127687,1610612743,away,,2023-12-12,2023-24,ok,18,1.102
2026-07-21T19:07:17.823369,1610612744,overall,,2023-12-12,2023-24,ok,17,1.977
2026-07-21T19:07:19.765712,1610612744,home,,2023-12-12,2023-24,ok,17,1.232
2026-07-21T19:07:21.560374,1610612744,away,,2023-12-12,2023-24,ok,17,1.08
2026-07-21T19:07:23.577120,1610612745,overall,,2023-12-12,2023-24,ok,18,1.304
2026-07-21T19:07:25.588087,1610612745,home,,2023-12-12,2023-24,ok,18,1.302
2026-07-21T19:07:27.343752,1610612745,away,,2023-12-12,2023-24,ok,18,1.046
2026-07-21T19:07:29.969027,1610612746,overall,,2023-12-12,2023-24,ok,22,1.908
2026-07-21T19:07:32.120554,1610612746,home,,2023-12-12,2023-24,ok,22,1.442
2026-07-21T19:07:34.041153,1610612746,away,,2023-12-12,2023-24,ok,22,1.209
2026-07-21T19:07:36.458661,1610612747,overall,,2023-12-12,2023-24,ok,17,1.704
2026-07-21T19:07:38.403564,1610612747,home,,2023-12-12,2023-24,ok,17,1.236
2026-07-21T19:07:40.420547,1610612747,away,,2023-12-12,2023-24,ok,17,1.304
2026-07-21T19:07:42.968630,1610612748,overall,,2023-12-12,2023-24,ok,17,1.834
2026-07-21T19:07:44.918592,1610612748,home,,2023-12-12,2023-24,ok,17,1.243
2026-07-21T19:07:46.697287,1610612748,away,,2023-12-12,2023-24,ok,17,1.066
2026-07-21T19:07:49.251041,1610612749,overall,,2023-12-12,2023-24,ok,18,1.843
2026-07-21T19:07:51.097973,1610612749,home,,2023-12-12,2023-24,ok,18,1.135
2026-07-21T19:07:52.859982,1610612749,away,,2023-12-12,2023-24,ok,18,1.055
2026-07-21T19:07:55.136954,1610612750,overall,,2023-12-12,2023-24,ok,17,1.563
2026-07-21T19:07:57.189591,1610612750,home,,2023-12-12,2023-24,ok,17,1.197
2026-07-21T19:07:58.846336,1610612750,away,,2023-12-12,2023-24,ok,17,0.946
2026-07-21T19:08:01.258826,1610612751,overall,,2023-12-12,2023-24,ok,18,1.699
2026-07-21T19:08:03.186655,1610612751,home,,2023-12-12,2023-24,ok,18,1.215
2026-07-21T19:08:05.025766,1610612751,away,,2023-12-12,2023-24,ok,18,1.076
2026-07-21T19:08:07.296537,1610612752,overall,,2023-12-12,2023-24,ok,19,1.558
2026-07-21T19:08:09.321835,1610612752,home,,2023-12-12,2023-24,ok,19,1.317
2026-07-21T19:08:11.122145,1610612752,away,,2023-12-12,2023-24,ok,19,1.087
2026-07-21T19:08:13.116096,1610612753,overall,,2023-12-12,2023-24,ok,18,1.28
2026-07-21T19:08:14.713795,1610612753,home,,2023-12-12,2023-24,ok,18,0.884
2026-07-21T19:08:16.493675,1610612753,away,,2023-12-12,2023-24,ok,18,1.067
2026-07-21T19:08:18.374158,1610612754,overall,,2023-12-12,2023-24,ok,18,1.169
2026-07-21T19:08:20.389503,1610612754,home,,2023-12-12,2023-24,ok,18,1.3
2026-07-21T19:08:22.430272,1610612754,away,,2023-12-12,2023-24,ok,18,1.325
2026-07-21T19:08:24.273448,1610612755,overall,,2023-12-12,2023-24,ok,22,1.132
2026-07-21T19:08:25.944323,1610612755,home,,2023-12-12,2023-24,ok,22,0.955
2026-07-21T19:08:27.620835,1610612755,away,,2023-12-12,2023-24,ok,22,0.966
2026-07-21T19:08:29.599941,1610612756,overall,,2023-12-12,2023-24,ok,17,1.27
2026-07-21T19:08:31.342896,1610612756,home,,2023-12-12,2023-24,ok,17,1.026
2026-07-21T19:08:33.081026,1610612756,away,,2023-12-12,2023-24,ok,17,1.023
2026-07-21T19:08:37.486842,1610612757,overall,,2023-12-12,2023-24,ok,19,3.695
2026-07-21T19:08:39.327758,1610612757,home,,2023-12-12,2023-24,ok,19,1.128
2026-07-21T19:08:40.912590,1610612757,away,,2023-12-12,2023-24,ok,19,0.873
2026-07-21T19:08:42.709013,1610612758,overall,,2023-12-12,2023-24,ok,18,1.082
2026-07-21T19:08:44.551194,1610612758,home,,2023-12-12,2023-24,ok,18,1.134
2026-07-21T19:08:46.293700,1610612758,away,,2023-12-12,2023-24,ok,18,1.034
2026-07-21T19:08:48.061249,1610612759,overall,,2023-12-12,2023-24,ok,18,1.054
2026-07-21T19:08:50.186474,1610612759,home,,2023-12-12,2023-24,ok,18,1.414
2026-07-21T19:08:52.025009,1610612759,away,,2023-12-12,2023-24,ok,18,1.125
2026-07-21T19:08:53.982652,1610612760,overall,,2023-12-12,2023-24,ok,18,1.247
2026-07-21T19:08:55.710611,1610612760,home,,2023-12-12,2023-24,ok,18,1.012
2026-07-21T19:08:57.550579,1610612760,away,,2023-12-12,2023-24,ok,18,1.128
2026-07-21T19:08:59.401299,1610612761,overall,,2023-12-12,2023-24,ok,19,1.138
2026-07-21T19:09:01.036580,1610612761,home,,2023-12-12,2023-24,ok,18,0.922
2026-07-21T19:09:02.648962,1610612761,away,,2023-12-12,2023-24,ok,19,0.903
2026-07-21T19:09:04.267563,1610612762,overall,,2023-12-12,2023-24,ok,18,0.907
2026-07-21T19:09:05.861279,1610612762,home,,2023-12-12,2023-24,ok,18,0.879
2026-07-21T19:09:07.700589,1610612762,away,,2023-12-12,2023-24,ok,18,1.127
2026-07-21T19:09:09.458922,1610612763,overall,,2023-12-12,2023-24,ok,21,1.047
2026-07-21T19:09:11.689527,1610612763,home,,2023-12-12,2023-24,ok,21,1.509
2026-07-21T19:09:13.531399,1610612763,away,,2023-12-12,2023-24,ok,21,1.127
2026-07-21T19:09:15.161141,1610612764,overall,,2023-12-12,2023-24,ok,19,0.918
2026-07-21T19:09:16.806325,1610612764,home,,2023-12-12,2023-24,ok,18,0.929
2026-07-21T19:09:18.549128,1610612764,away,,2023-12-12,2023-24,ok,19,1.03
2026-07-21T19:09:20.265199,1610612765,overall,,2023-12-12,2023-24,ok,18,1.006
2026-07-21T19:09:22.065567,1610612765,home,,2023-12-12,2023-24,ok,18,1.09
2026-07-21T19:09:23.858451,1610612765,away,,2023-12-12,2023-24,ok,18,1.08
2026-07-21T19:09:25.597358,1610612766,overall,,2023-12-12,2023-24,ok,18,1.025
2026-07-21T19:09:27.662238,1610612766,home,,2023-12-12,2023-24,ok,18,1.352
2026-07-21T19:09:29.505124,1610612766,away,,2023-12-12,2023-24,ok,18,1.132
2026-07-21T19:09:31.247238,1610612737,overall,,2023-12-19,2023-24,ok,18,1.03
2026-07-21T19:09:33.089697,1610612737,home,,2023-12-19,2023-24,ok,18,1.129
2026-07-21T19:09:34.805372,1610612737,away,,2023-12-19,2023-24,ok,18,1.005
2026-07-21T19:09:36.518459,1610612738,overall,,2023-12-19,2023-24,ok,18,1.0
2026-07-21T19:09:38.139319,1610612738,home,,2023-12-19,2023-24,ok,18,0.908
2026-07-21T19:09:39.906070,1610612738,away,,2023-12-19,2023-24,ok,18,1.049
2026-07-21T19:09:41.654859,1610612739,overall,,2023-12-19,2023-24,ok,17,1.03
2026-07-21T19:09:43.430859,1610612739,home,,2023-12-19,2023-24,ok,17,1.066
2026-07-21T19:09:45.281499,1610612739,away,,2023-12-19,2023-24,ok,17,1.143
2026-07-21T19:09:47.084648,1610612740,overall,,2023-12-19,2023-24,ok,18,1.088
2026-07-21T19:09:48.765432,1610612740,home,,2023-12-19,2023-24,ok,18,0.966
2026-07-21T19:09:50.458639,1610612740,away,,2023-12-19,2023-24,ok,18,0.981
2026-07-21T19:09:52.437127,1610612741,overall,,2023-12-19,2023-24,ok,18,1.263
2026-07-21T19:09:54.077841,1610612741,home,,2023-12-19,2023-24,ok,17,0.927
2026-07-21T19:09:55.903561,1610612741,away,,2023-12-19,2023-24,ok,18,1.114
2026-07-21T19:09:57.764778,1610612742,overall,,2023-12-19,2023-24,ok,18,1.148
2026-07-21T19:09:59.749791,1610612742,home,,2023-12-19,2023-24,ok,18,1.272
2026-07-21T19:10:01.351079,1610612742,away,,2023-12-19,2023-24,ok,18,0.887
2026-07-21T19:10:03.146568,1610612743,overall,,2023-12-19,2023-24,ok,18,1.082
2026-07-21T19:10:04.830479,1610612743,home,,2023-12-19,2023-24,ok,18,0.972
2026-07-21T19:10:06.623107,1610612743,away,,2023-12-19,2023-24,ok,18,1.08
2026-07-21T19:10:08.498634,1610612744,overall,,2023-12-19,2023-24,ok,17,1.151
2026-07-21T19:10:13.129929,1610612744,home,,2023-12-19,2023-24,ok,17,3.917
2026-07-21T19:10:14.867091,1610612744,away,,2023-12-19,2023-24,ok,17,1.025
2026-07-21T19:10:17.830632,1610612745,overall,,2023-12-19,2023-24,ok,18,2.252
2026-07-21T19:10:19.519498,1610612745,home,,2023-12-19,2023-24,ok,18,0.978
2026-07-21T19:10:21.362946,1610612745,away,,2023-12-19,2023-24,ok,18,1.119
2026-07-21T19:10:23.238654,1610612746,overall,,2023-12-19,2023-24,ok,22,1.127
2026-07-21T19:10:24.810391,1610612746,home,,2023-12-19,2023-24,ok,22,0.851
2026-07-21T19:10:26.365399,1610612746,away,,2023-12-19,2023-24,ok,22,0.84
2026-07-21T19:10:28.690904,1610612747,overall,,2023-12-19,2023-24,ok,17,1.613
2026-07-21T19:10:30.512182,1610612747,home,,2023-12-19,2023-24,ok,17,1.111
2026-07-21T19:10:32.270217,1610612747,away,,2023-12-19,2023-24,ok,17,1.049
2026-07-21T19:10:34.219128,1610612748,overall,,2023-12-19,2023-24,ok,17,1.237
2026-07-21T19:10:35.982764,1610612748,home,,2023-12-19,2023-24,ok,17,1.048
2026-07-21T19:10:37.699167,1610612748,away,,2023-12-19,2023-24,ok,17,1.003
2026-07-21T19:10:39.419191,1610612749,overall,,2023-12-19,2023-24,ok,18,1.01
2026-07-21T19:10:41.057314,1610612749,home,,2023-12-19,2023-24,ok,18,0.927
2026-07-21T19:10:42.825153,1610612749,away,,2023-12-19,2023-24,ok,18,1.058
2026-07-21T19:10:44.871739,1610612750,overall,,2023-12-19,2023-24,ok,17,1.332
2026-07-21T19:10:46.766395,1610612750,home,,2023-12-19,2023-24,ok,17,1.183
2026-07-21T19:10:48.482417,1610612750,away,,2023-12-19,2023-24,ok,17,1.007
2026-07-21T19:10:50.125434,1610612751,overall,,2023-12-19,2023-24,ok,18,0.931
2026-07-21T19:10:51.919167,1610612751,home,,2023-12-19,2023-24,ok,18,1.081
2026-07-21T19:10:53.686705,1610612751,away,,2023-12-19,2023-24,ok,18,1.054
2026-07-21T19:10:55.378956,1610612752,overall,,2023-12-19,2023-24,ok,20,0.979
2026-07-21T19:10:56.903928,1610612752,home,,2023-12-19,2023-24,ok,19,0.813
2026-07-21T19:10:58.593565,1610612752,away,,2023-12-19,2023-24,ok,20,0.976
2026-07-21T19:11:01.049909,1610612753,overall,,2023-12-19,2023-24,ok,18,1.743
2026-07-21T19:11:02.852878,1610612753,home,,2023-12-19,2023-24,ok,18,1.089
2026-07-21T19:11:04.409311,1610612753,away,,2023-12-19,2023-24,ok,18,0.843
2026-07-21T19:11:06.169129,1610612754,overall,,2023-12-19,2023-24,ok,19,1.05
2026-07-21T19:11:08.035632,1610612754,home,,2023-12-19,2023-24,ok,19,1.141
2026-07-21T19:11:09.663849,1610612754,away,,2023-12-19,2023-24,ok,19,0.916
2026-07-21T19:11:11.515644,1610612755,overall,,2023-12-19,2023-24,ok,22,1.143
2026-07-21T19:11:13.197815,1610612755,home,,2023-12-19,2023-24,ok,22,0.974
2026-07-21T19:11:14.742718,1610612755,away,,2023-12-19,2023-24,ok,22,0.835
2026-07-21T19:11:16.575554,1610612756,overall,,2023-12-19,2023-24,ok,18,1.122
2026-07-21T19:11:18.390872,1610612756,home,,2023-12-19,2023-24,ok,18,1.102
2026-07-21T19:11:20.085178,1610612756,away,,2023-12-19,2023-24,ok,18,0.984
2026-07-21T19:11:21.842480,1610612757,overall,,2023-12-19,2023-24,ok,19,1.041
2026-07-21T19:11:23.769821,1610612757,home,,2023-12-19,2023-24,ok,19,1.217
2026-07-21T19:11:25.399720,1610612757,away,,2023-12-19,2023-24,ok,19,0.915
2026-07-21T19:11:27.164876,1610612758,overall,,2023-12-19,2023-24,ok,19,1.05
2026-07-21T19:11:28.722623,1610612758,home,,2023-12-19,2023-24,ok,19,0.825
2026-07-21T19:11:30.227394,1610612758,away,,2023-12-19,2023-24,ok,18,0.77
2026-07-21T19:11:32.074577,1610612759,overall,,2023-12-19,2023-24,ok,19,1.135
2026-07-21T19:11:33.819046,1610612759,home,,2023-12-19,2023-24,ok,19,1.034
2026-07-21T19:11:35.398212,1610612759,away,,2023-12-19,2023-24,ok,19,0.867
2026-07-21T19:11:37.009830,1610612760,overall,,2023-12-19,2023-24,ok,18,0.902
2026-07-21T19:11:38.933885,1610612760,home,,2023-12-19,2023-24,ok,18,1.216
2026-07-21T19:11:40.464851,1610612760,away,,2023-12-19,2023-24,ok,18,0.818
2026-07-21T19:11:42.215467,1610612761,overall,,2023-12-19,2023-24,ok,19,1.036
2026-07-21T19:11:43.927896,1610612761,home,,2023-12-19,2023-24,ok,19,0.984
2026-07-21T19:11:45.799426,1610612761,away,,2023-12-19,2023-24,ok,19,1.156
2026-07-21T19:11:47.478394,1610612762,overall,,2023-12-19,2023-24,ok,18,0.966
2026-07-21T19:11:49.016135,1610612762,home,,2023-12-19,2023-24,ok,18,0.829
2026-07-21T19:11:50.815563,1610612762,away,,2023-12-19,2023-24,ok,18,1.086
2026-07-21T19:11:52.627486,1610612763,overall,,2023-12-19,2023-24,ok,21,1.103
2026-07-21T19:11:54.407429,1610612763,home,,2023-12-19,2023-24,ok,21,1.045
2026-07-21T19:11:56.064587,1610612763,away,,2023-12-19,2023-24,ok,21,0.946
2026-07-21T19:11:58.818562,1610612764,overall,,2023-12-19,2023-24,ok,19,2.044
2026-07-21T19:12:00.491698,1610612764,home,,2023-12-19,2023-24,ok,19,0.961
2026-07-21T19:12:01.901898,1610612764,away,,2023-12-19,2023-24,ok,19,0.7
2026-07-21T19:12:03.645074,1610612765,overall,,2023-12-19,2023-24,ok,18,1.034
2026-07-21T19:12:05.356180,1610612765,home,,2023-12-19,2023-24,ok,18,0.997
2026-07-21T19:12:07.148138,1610612765,away,,2023-12-19,2023-24,ok,18,1.078
2026-07-21T19:12:09.180816,1610612766,overall,,2023-12-19,2023-24,ok,19,1.321
2026-07-21T19:12:10.817298,1610612766,home,,2023-12-19,2023-24,ok,19,0.921
2026-07-21T19:12:12.524975,1610612766,away,,2023-12-19,2023-24,ok,19,0.993
2026-07-21T19:12:14.726810,1610612737,overall,,2023-12-26,2023-24,ok,19,1.487
2026-07-21T19:12:16.290326,1610612737,home,,2023-12-26,2023-24,ok,19,0.851
2026-07-21T19:12:17.846870,1610612737,away,,2023-12-26,2023-24,ok,19,0.847
2026-07-21T19:12:19.587681,1610612738,overall,,2023-12-26,2023-24,ok,18,1.029
2026-07-21T19:12:21.101504,1610612738,home,,2023-12-26,2023-24,ok,18,0.802
2026-07-21T19:12:22.864431,1610612738,away,,2023-12-26,2023-24,ok,18,1.05
2026-07-21T19:12:24.488299,1610612739,overall,,2023-12-26,2023-24,ok,17,0.914
2026-07-21T19:12:26.120696,1610612739,home,,2023-12-26,2023-24,ok,17,0.924
2026-07-21T19:12:28.029067,1610612739,away,,2023-12-26,2023-24,ok,17,1.196
2026-07-21T19:12:29.793324,1610612740,overall,,2023-12-26,2023-24,ok,18,1.054
2026-07-21T19:12:31.688217,1610612740,home,,2023-12-26,2023-24,ok,18,1.185
2026-07-21T19:12:33.367643,1610612740,away,,2023-12-26,2023-24,ok,18,0.965
2026-07-21T19:12:35.273769,1610612741,overall,,2023-12-26,2023-24,ok,18,1.194
2026-07-21T19:12:37.081046,1610612741,home,,2023-12-26,2023-24,ok,18,1.098
2026-07-21T19:12:38.841474,1610612741,away,,2023-12-26,2023-24,ok,18,1.049
2026-07-21T19:12:40.490223,1610612742,overall,,2023-12-26,2023-24,ok,18,0.936
2026-07-21T19:12:42.167405,1610612742,home,,2023-12-26,2023-24,ok,18,0.961
2026-07-21T19:12:44.084632,1610612742,away,,2023-12-26,2023-24,ok,18,1.205
2026-07-21T19:12:45.838816,1610612743,overall,,2023-12-26,2023-24,ok,18,1.043
2026-07-21T19:12:47.560552,1610612743,home,,2023-12-26,2023-24,ok,18,1.007
2026-07-21T19:12:49.295828,1610612743,away,,2023-12-26,2023-24,ok,18,1.021
2026-07-21T19:12:51.041259,1610612744,overall,,2023-12-26,2023-24,ok,17,1.022
2026-07-21T19:12:52.872201,1610612744,home,,2023-12-26,2023-24,ok,17,1.118
2026-07-21T19:12:54.520621,1610612744,away,,2023-12-26,2023-24,ok,17,0.935
2026-07-21T19:12:56.365635,1610612745,overall,,2023-12-26,2023-24,ok,18,1.136
2026-07-21T19:12:58.095816,1610612745,home,,2023-12-26,2023-24,ok,18,1.017
2026-07-21T19:12:59.728477,1610612745,away,,2023-12-26,2023-24,ok,18,0.918
2026-07-21T19:13:01.623903,1610612746,overall,,2023-12-26,2023-24,ok,22,1.155
2026-07-21T19:13:07.626954,1610612746,home,,2023-12-26,2023-24,ok,22,5.197
2026-07-21T19:13:09.421818,1610612746,away,,2023-12-26,2023-24,ok,22,1.082
2026-07-21T19:13:11.053358,1610612747,overall,,2023-12-26,2023-24,ok,17,0.92
2026-07-21T19:13:13.204675,1610612747,home,,2023-12-26,2023-24,ok,17,1.439
2026-07-21T19:13:15.296109,1610612747,away,,2023-12-26,2023-24,ok,17,1.378
2026-07-21T19:13:17.040296,1610612748,overall,,2023-12-26,2023-24,ok,17,1.033
2026-07-21T19:13:18.842036,1610612748,home,,2023-12-26,2023-24,ok,17,1.083
2026-07-21T19:13:20.488389,1610612748,away,,2023-12-26,2023-24,ok,17,0.934
2026-07-21T19:13:22.452559,1610612749,overall,,2023-12-26,2023-24,ok,18,1.256
2026-07-21T19:13:24.138803,1610612749,home,,2023-12-26,2023-24,ok,18,0.974
2026-07-21T19:13:26.254248,1610612749,away,,2023-12-26,2023-24,ok,18,1.404
2026-07-21T19:13:27.950755,1610612750,overall,,2023-12-26,2023-24,ok,17,0.983
2026-07-21T19:13:29.516887,1610612750,home,,2023-12-26,2023-24,ok,17,0.852
2026-07-21T19:13:31.186019,1610612750,away,,2023-12-26,2023-24,ok,17,0.958
2026-07-21T19:13:35.467790,1610612751,overall,,2023-12-26,2023-24,ok,18,3.555
2026-07-21T19:13:37.108175,1610612751,home,,2023-12-26,2023-24,ok,18,0.926
2026-07-21T19:13:38.847644,1610612751,away,,2023-12-26,2023-24,ok,18,1.028
2026-07-21T19:13:40.631054,1610612752,overall,,2023-12-26,2023-24,ok,21,1.072
2026-07-21T19:13:42.227387,1610612752,home,,2023-12-26,2023-24,ok,21,0.886
2026-07-21T19:13:44.076148,1610612752,away,,2023-12-26,2023-24,ok,20,1.133
2026-07-21T19:13:45.659293,1610612753,overall,,2023-12-26,2023-24,ok,18,0.863
2026-07-21T19:13:47.245794,1610612753,home,,2023-12-26,2023-24,ok,18,0.871
2026-07-21T19:13:48.844833,1610612753,away,,2023-12-26,2023-24,ok,18,0.889
2026-07-21T19:13:50.594434,1610612754,overall,,2023-12-26,2023-24,ok,19,1.039
2026-07-21T19:13:52.261259,1610612754,home,,2023-12-26,2023-24,ok,19,0.954
2026-07-21T19:13:53.994542,1610612754,away,,2023-12-26,2023-24,ok,19,1.019
2026-07-21T19:13:55.747001,1610612755,overall,,2023-12-26,2023-24,ok,23,1.042
2026-07-21T19:13:58.025542,1610612755,home,,2023-12-26,2023-24,ok,22,1.568
2026-07-21T19:13:59.799708,1610612755,away,,2023-12-26,2023-24,ok,23,1.059
2026-07-21T19:14:01.578029,1610612756,overall,,2023-12-26,2023-24,ok,18,1.066
2026-07-21T19:14:03.303965,1610612756,home,,2023-12-26,2023-24,ok,18,1.016
2026-07-21T19:14:04.886846,1610612756,away,,2023-12-26,2023-24,ok,18,0.869
2026-07-21T19:14:06.588754,1610612757,overall,,2023-12-26,2023-24,ok,19,0.989
2026-07-21T19:14:08.416756,1610612757,home,,2023-12-26,2023-24,ok,19,1.118
2026-07-21T19:14:10.186963,1610612757,away,,2023-12-26,2023-24,ok,19,1.057
2026-07-21T19:14:11.822497,1610612758,overall,,2023-12-26,2023-24,ok,19,0.923
2026-07-21T19:14:13.504877,1610612758,home,,2023-12-26,2023-24,ok,19,0.974
2026-07-21T19:14:14.988619,1610612758,away,,2023-12-26,2023-24,ok,19,0.771
2026-07-21T19:14:20.321439,1610612759,overall,,2023-12-26,2023-24,ok,19,4.618
2026-07-21T19:14:21.956289,1610612759,home,,2023-12-26,2023-24,ok,19,0.921
2026-07-21T19:14:24.210117,1610612759,away,,2023-12-26,2023-24,ok,19,1.544
2026-07-21T19:14:25.769988,1610612760,overall,,2023-12-26,2023-24,ok,18,0.847
2026-07-21T19:14:27.341440,1610612760,home,,2023-12-26,2023-24,ok,18,0.861
2026-07-21T19:14:29.028674,1610612760,away,,2023-12-26,2023-24,ok,18,0.973
2026-07-21T19:14:30.704552,1610612761,overall,,2023-12-26,2023-24,ok,19,0.959
2026-07-21T19:14:32.722282,1610612761,home,,2023-12-26,2023-24,ok,19,1.308
2026-07-21T19:14:34.342494,1610612761,away,,2023-12-26,2023-24,ok,19,0.908
2026-07-21T19:14:36.080044,1610612762,overall,,2023-12-26,2023-24,ok,18,1.023
2026-07-21T19:14:38.194492,1610612762,home,,2023-12-26,2023-24,ok,18,1.401
2026-07-21T19:14:39.896752,1610612762,away,,2023-12-26,2023-24,ok,18,0.988
2026-07-21T19:14:41.618768,1610612763,overall,,2023-12-26,2023-24,ok,21,1.007
2026-07-21T19:14:43.327986,1610612763,home,,2023-12-26,2023-24,ok,21,0.994
2026-07-21T19:14:45.254843,1610612763,away,,2023-12-26,2023-24,ok,21,1.212
2026-07-21T19:14:47.013340,1610612764,overall,,2023-12-26,2023-24,ok,19,1.045
2026-07-21T19:14:48.841620,1610612764,home,,2023-12-26,2023-24,ok,19,1.114
2026-07-21T19:14:50.579817,1610612764,away,,2023-12-26,2023-24,ok,19,1.024
2026-07-21T19:14:52.541472,1610612765,overall,,2023-12-26,2023-24,ok,18,1.247
2026-07-21T19:14:54.315922,1610612765,home,,2023-12-26,2023-24,ok,18,1.065
2026-07-21T19:14:56.529216,1610612765,away,,2023-12-26,2023-24,ok,18,1.501
2026-07-21T19:14:58.404704,1610612766,overall,,2023-12-26,2023-24,ok,19,1.165
2026-07-21T19:15:00.122740,1610612766,home,,2023-12-26,2023-24,ok,19,0.992
2026-07-21T19:15:01.793567,1610612766,away,,2023-12-26,2023-24,ok,19,0.947
2026-07-21T19:15:03.590739,1610612737,overall,,2024-01-02,2023-24,ok,19,1.086
2026-07-21T19:15:05.035660,1610612737,home,,2024-01-02,2023-24,ok,19,0.731
2026-07-21T19:15:06.718689,1610612737,away,,2024-01-02,2023-24,ok,19,0.969
2026-07-21T19:15:08.499767,1610612738,overall,,2024-01-02,2023-24,ok,18,1.066
2026-07-21T19:15:10.061121,1610612738,home,,2024-01-02,2023-24,ok,18,0.846
2026-07-21T19:15:11.955439,1610612738,away,,2024-01-02,2023-24,ok,18,1.183
2026-07-21T19:15:13.566907,1610612739,overall,,2024-01-02,2023-24,ok,17,0.9
2026-07-21T19:15:15.074724,1610612739,home,,2024-01-02,2023-24,ok,17,0.798
2026-07-21T19:15:16.938635,1610612739,away,,2024-01-02,2023-24,ok,17,1.148
2026-07-21T19:15:18.835596,1610612740,overall,,2024-01-02,2023-24,ok,18,1.181
2026-07-21T19:15:20.351219,1610612740,home,,2024-01-02,2023-24,ok,18,0.803
2026-07-21T19:15:22.172733,1610612740,away,,2024-01-02,2023-24,ok,18,1.109
2026-07-21T19:15:24.112921,1610612741,overall,,2024-01-02,2023-24,ok,18,1.229
2026-07-21T19:15:26.366768,1610612741,home,,2024-01-02,2023-24,ok,18,1.543
2026-07-21T19:15:28.061927,1610612741,away,,2024-01-02,2023-24,ok,18,0.984
2026-07-21T19:15:29.928268,1610612742,overall,,2024-01-02,2023-24,ok,19,1.157
2026-07-21T19:15:31.483021,1610612742,home,,2024-01-02,2023-24,ok,18,0.845
2026-07-21T19:15:33.168936,1610612742,away,,2024-01-02,2023-24,ok,19,0.971
2026-07-21T19:15:34.939063,1610612743,overall,,2024-01-02,2023-24,ok,18,1.057
2026-07-21T19:15:36.707269,1610612743,home,,2024-01-02,2023-24,ok,18,1.056
2026-07-21T19:15:45.992860,1610612743,away,,2024-01-02,2023-24,ok,18,8.572
2026-07-21T19:15:47.958326,1610612744,overall,,2024-01-02,2023-24,ok,17,1.254
2026-07-21T19:15:49.682827,1610612744,home,,2024-01-02,2023-24,ok,17,1.014
2026-07-21T19:15:51.135128,1610612744,away,,2024-01-02,2023-24,ok,17,0.739
2026-07-21T19:15:52.756716,1610612745,overall,,2024-01-02,2023-24,ok,18,0.909
2026-07-21T19:15:54.492599,1610612745,home,,2024-01-02,2023-24,ok,18,1.026
2026-07-21T19:15:56.425796,1610612745,away,,2024-01-02,2023-24,ok,18,1.221
2026-07-21T19:15:58.599179,1610612746,overall,,2024-01-02,2023-24,ok,22,1.46
2026-07-21T19:16:00.362065,1610612746,home,,2024-01-02,2023-24,ok,22,1.051
2026-07-21T19:16:02.143253,1610612746,away,,2024-01-02,2023-24,ok,22,1.066
2026-07-21T19:16:04.357260,1610612747,overall,,2024-01-02,2023-24,ok,17,1.501
2026-07-21T19:16:06.095887,1610612747,home,,2024-01-02,2023-24,ok,17,1.026
2026-07-21T19:16:07.619160,1610612747,away,,2024-01-02,2023-24,ok,17,0.813
2026-07-21T19:16:09.331429,1610612748,overall,,2024-01-02,2023-24,ok,17,1.001
2026-07-21T19:16:11.976249,1610612748,home,,2024-01-02,2023-24,ok,17,1.922
2026-07-21T19:16:14.084331,1610612748,away,,2024-01-02,2023-24,ok,17,1.395
2026-07-21T19:16:16.039515,1610612749,overall,,2024-01-02,2023-24,ok,18,1.241
2026-07-21T19:16:17.629854,1610612749,home,,2024-01-02,2023-24,ok,18,0.877
2026-07-21T19:16:19.137351,1610612749,away,,2024-01-02,2023-24,ok,18,0.798
2026-07-21T19:16:20.765582,1610612750,overall,,2024-01-02,2023-24,ok,17,0.919
2026-07-21T19:16:22.354120,1610612750,home,,2024-01-02,2023-24,ok,17,0.877
2026-07-21T19:16:23.935185,1610612750,away,,2024-01-02,2023-24,ok,17,0.87
2026-07-21T19:16:25.529175,1610612751,overall,,2024-01-02,2023-24,ok,18,0.883
2026-07-21T19:16:27.052014,1610612751,home,,2024-01-02,2023-24,ok,18,0.807
2026-07-21T19:16:28.627496,1610612751,away,,2024-01-02,2023-24,ok,18,0.863
2026-07-21T19:16:30.265957,1610612752,overall,,2024-01-02,2023-24,ok,24,0.927
2026-07-21T19:16:32.105890,1610612752,home,,2024-01-02,2023-24,ok,24,1.127
2026-07-21T19:16:33.919477,1610612752,away,,2024-01-02,2023-24,ok,24,1.099
2026-07-21T19:16:35.426811,1610612753,overall,,2024-01-02,2023-24,ok,18,0.797
2026-07-21T19:16:37.019094,1610612753,home,,2024-01-02,2023-24,ok,18,0.878
2026-07-21T19:16:38.863944,1610612753,away,,2024-01-02,2023-24,ok,18,1.133
2026-07-21T19:16:40.546439,1610612754,overall,,2024-01-02,2023-24,ok,19,0.967
2026-07-21T19:16:42.133158,1610612754,home,,2024-01-02,2023-24,ok,19,0.876
2026-07-21T19:16:44.362514,1610612754,away,,2024-01-02,2023-24,ok,19,1.478
2026-07-21T19:16:45.937011,1610612755,overall,,2024-01-02,2023-24,ok,23,0.863
2026-07-21T19:16:47.770648,1610612755,home,,2024-01-02,2023-24,ok,23,1.124
2026-07-21T19:16:49.511832,1610612755,away,,2024-01-02,2023-24,ok,23,1.031
2026-07-21T19:16:51.151250,1610612756,overall,,2024-01-02,2023-24,ok,18,0.87
2026-07-21T19:16:52.690122,1610612756,home,,2024-01-02,2023-24,ok,18,0.826
2026-07-21T19:16:54.356229,1610612756,away,,2024-01-02,2023-24,ok,18,0.956
2026-07-21T19:16:55.965830,1610612757,overall,,2024-01-02,2023-24,ok,19,0.897
2026-07-21T19:16:57.813065,1610612757,home,,2024-01-02,2023-24,ok,19,1.136
2026-07-21T19:16:59.291601,1610612757,away,,2024-01-02,2023-24,ok,19,0.77
2026-07-21T19:17:00.758206,1610612758,overall,,2024-01-02,2023-24,ok,19,0.757
2026-07-21T19:17:02.318350,1610612758,home,,2024-01-02,2023-24,ok,19,0.848
2026-07-21T19:17:05.483155,1610612758,away,,2024-01-02,2023-24,ok,19,2.455
2026-07-21T19:17:07.233250,1610612759,overall,,2024-01-02,2023-24,ok,20,1.034
2026-07-21T19:17:09.174415,1610612759,home,,2024-01-02,2023-24,ok,19,1.23
2026-07-21T19:17:10.757910,1610612759,away,,2024-01-02,2023-24,ok,20,0.849
2026-07-21T19:17:12.375318,1610612760,overall,,2024-01-02,2023-24,ok,18,0.902
2026-07-21T19:17:13.991089,1610612760,home,,2024-01-02,2023-24,ok,18,0.904
2026-07-21T19:17:15.637107,1610612760,away,,2024-01-02,2023-24,ok,18,0.933
2026-07-21T19:17:17.371744,1610612761,overall,,2024-01-02,2023-24,ok,21,1.023
2026-07-21T19:17:18.969329,1610612761,home,,2024-01-02,2023-24,ok,21,0.886
2026-07-21T19:17:20.643217,1610612761,away,,2024-01-02,2023-24,ok,21,0.96
2026-07-21T19:17:22.280841,1610612762,overall,,2024-01-02,2023-24,ok,18,0.914
2026-07-21T19:17:23.816174,1610612762,home,,2024-01-02,2023-24,ok,18,0.825
2026-07-21T19:17:25.584529,1610612762,away,,2024-01-02,2023-24,ok,18,1.055
2026-07-21T19:17:27.726067,1610612763,overall,,2024-01-02,2023-24,ok,21,1.427
2026-07-21T19:17:29.387069,1610612763,home,,2024-01-02,2023-24,ok,21,0.949
2026-07-21T19:17:30.868128,1610612763,away,,2024-01-02,2023-24,ok,21,0.768
2026-07-21T19:17:32.502585,1610612764,overall,,2024-01-02,2023-24,ok,19,0.925
2026-07-21T19:17:36.472572,1610612764,home,,2024-01-02,2023-24,ok,19,3.259
2026-07-21T19:17:38.052625,1610612764,away,,2024-01-02,2023-24,ok,19,0.866
2026-07-21T19:17:39.801818,1610612765,overall,,2024-01-02,2023-24,ok,18,1.039
2026-07-21T19:17:41.561851,1610612765,home,,2024-01-02,2023-24,ok,18,1.05
2026-07-21T19:17:43.063860,1610612765,away,,2024-01-02,2023-24,ok,18,0.79
2026-07-21T19:17:44.672161,1610612766,overall,,2024-01-02,2023-24,ok,19,0.896
2026-07-21T19:17:46.243917,1610612766,home,,2024-01-02,2023-24,ok,19,0.859
2026-07-21T19:17:47.824328,1610612766,away,,2024-01-02,2023-24,ok,19,0.869
2026-07-21T19:17:49.620113,1610612737,overall,,2024-01-09,2023-24,ok,19,1.084
2026-07-21T19:17:51.161986,1610612737,home,,2024-01-09,2023-24,ok,19,0.828
2026-07-21T19:17:52.903719,1610612737,away,,2024-01-09,2023-24,ok,19,1.03
2026-07-21T19:17:54.636766,1610612738,overall,,2024-01-09,2023-24,ok,18,1.02
2026-07-21T19:17:56.279993,1610612738,home,,2024-01-09,2023-24,ok,18,0.932
2026-07-21T19:17:57.896802,1610612738,away,,2024-01-09,2023-24,ok,18,0.873
2026-07-21T19:18:00.311210,1610612739,overall,,2024-01-09,2023-24,ok,17,1.694
2026-07-21T19:18:01.808957,1610612739,home,,2024-01-09,2023-24,ok,17,0.783
2026-07-21T19:18:03.347068,1610612739,away,,2024-01-09,2023-24,ok,17,0.828
2026-07-21T19:18:05.089363,1610612740,overall,,2024-01-09,2023-24,ok,18,1.026
2026-07-21T19:18:06.620887,1610612740,home,,2024-01-09,2023-24,ok,18,0.816
2026-07-21T19:18:08.787188,1610612740,away,,2024-01-09,2023-24,ok,18,1.457
2026-07-21T19:18:10.510623,1610612741,overall,,2024-01-09,2023-24,ok,18,1.009
2026-07-21T19:18:12.047622,1610612741,home,,2024-01-09,2023-24,ok,18,0.827
2026-07-21T19:18:13.998405,1610612741,away,,2024-01-09,2023-24,ok,18,1.242
2026-07-21T19:18:15.632730,1610612742,overall,,2024-01-09,2023-24,ok,19,0.921
2026-07-21T19:18:17.342056,1610612742,home,,2024-01-09,2023-24,ok,19,0.999
2026-07-21T19:18:18.905080,1610612742,away,,2024-01-09,2023-24,ok,19,0.855
2026-07-21T19:18:20.412905,1610612743,overall,,2024-01-09,2023-24,ok,18,0.795
2026-07-21T19:18:22.357299,1610612743,home,,2024-01-09,2023-24,ok,18,1.226
2026-07-21T19:18:23.945275,1610612743,away,,2024-01-09,2023-24,ok,18,0.877
2026-07-21T19:18:25.428673,1610612744,overall,,2024-01-09,2023-24,ok,17,0.773
2026-07-21T19:18:26.912056,1610612744,home,,2024-01-09,2023-24,ok,17,0.769
2026-07-21T19:18:28.338461,1610612744,away,,2024-01-09,2023-24,ok,17,0.716
2026-07-21T19:18:29.895856,1610612745,overall,,2024-01-09,2023-24,ok,18,0.846
2026-07-21T19:18:31.609295,1610612745,home,,2024-01-09,2023-24,ok,18,1.0
2026-07-21T19:18:33.222279,1610612745,away,,2024-01-09,2023-24,ok,18,0.903
2026-07-21T19:18:35.043363,1610612746,overall,,2024-01-09,2023-24,ok,22,1.108
2026-07-21T19:18:36.627968,1610612746,home,,2024-01-09,2023-24,ok,22,0.87
2026-07-21T19:18:38.162227,1610612746,away,,2024-01-09,2023-24,ok,22,0.822
2026-07-21T19:18:39.989043,1610612747,overall,,2024-01-09,2023-24,ok,19,1.116
2026-07-21T19:18:41.546243,1610612747,home,,2024-01-09,2023-24,ok,19,0.849
2026-07-21T19:18:43.077958,1610612747,away,,2024-01-09,2023-24,ok,17,0.818
2026-07-21T19:18:44.702376,1610612748,overall,,2024-01-09,2023-24,ok,17,0.911
2026-07-21T19:18:46.242555,1610612748,home,,2024-01-09,2023-24,ok,17,0.824
2026-07-21T19:18:47.783794,1610612748,away,,2024-01-09,2023-24,ok,17,0.831
2026-07-21T19:18:49.421466,1610612749,overall,,2024-01-09,2023-24,ok,18,0.93
2026-07-21T19:18:51.066517,1610612749,home,,2024-01-09,2023-24,ok,18,0.936
2026-07-21T19:18:52.586653,1610612749,away,,2024-01-09,2023-24,ok,18,0.811
2026-07-21T19:18:54.240034,1610612750,overall,,2024-01-09,2023-24,ok,17,0.942
2026-07-21T19:18:55.906092,1610612750,home,,2024-01-09,2023-24,ok,17,0.95
2026-07-21T19:18:57.362297,1610612750,away,,2024-01-09,2023-24,ok,17,0.741
2026-07-21T19:18:58.971055,1610612751,overall,,2024-01-09,2023-24,ok,18,0.895
2026-07-21T19:19:00.488380,1610612751,home,,2024-01-09,2023-24,ok,18,0.803
2026-07-21T19:19:02.118271,1610612751,away,,2024-01-09,2023-24,ok,18,0.918
2026-07-21T19:19:03.677341,1610612752,overall,,2024-01-09,2023-24,ok,24,0.846
2026-07-21T19:19:05.126948,1610612752,home,,2024-01-09,2023-24,ok,24,0.739
2026-07-21T19:19:06.736774,1610612752,away,,2024-01-09,2023-24,ok,24,0.898
2026-07-21T19:19:08.628853,1610612753,overall,,2024-01-09,2023-24,ok,18,1.179
2026-07-21T19:19:10.267032,1610612753,home,,2024-01-09,2023-24,ok,18,0.923
2026-07-21T19:19:12.397683,1610612753,away,,2024-01-09,2023-24,ok,18,1.42
2026-07-21T19:19:14.001636,1610612754,overall,,2024-01-09,2023-24,ok,19,0.888
2026-07-21T19:19:15.483648,1610612754,home,,2024-01-09,2023-24,ok,19,0.77
2026-07-21T19:19:17.173388,1610612754,away,,2024-01-09,2023-24,ok,19,0.976
2026-07-21T19:19:18.894945,1610612755,overall,,2024-01-09,2023-24,ok,23,1.01
2026-07-21T19:19:20.464986,1610612755,home,,2024-01-09,2023-24,ok,23,0.857
2026-07-21T19:19:21.963324,1610612755,away,,2024-01-09,2023-24,ok,23,0.79
2026-07-21T19:19:23.708879,1610612756,overall,,2024-01-09,2023-24,ok,18,1.034
2026-07-21T19:19:25.265777,1610612756,home,,2024-01-09,2023-24,ok,18,0.843
2026-07-21T19:19:26.741166,1610612756,away,,2024-01-09,2023-24,ok,18,0.765
2026-07-21T19:19:28.583243,1610612757,overall,,2024-01-09,2023-24,ok,19,1.129
2026-07-21T19:19:30.192605,1610612757,home,,2024-01-09,2023-24,ok,19,0.896
2026-07-21T19:19:31.700667,1610612757,away,,2024-01-09,2023-24,ok,19,0.798
2026-07-21T19:19:33.436212,1610612758,overall,,2024-01-09,2023-24,ok,19,1.022
2026-07-21T19:19:34.951395,1610612758,home,,2024-01-09,2023-24,ok,19,0.807
2026-07-21T19:19:36.400490,1610612758,away,,2024-01-09,2023-24,ok,19,0.739
2026-07-21T19:19:38.064892,1610612759,overall,,2024-01-09,2023-24,ok,20,0.952
2026-07-21T19:19:39.947336,1610612759,home,,2024-01-09,2023-24,ok,20,1.172
2026-07-21T19:19:41.543762,1610612759,away,,2024-01-09,2023-24,ok,20,0.881
2026-07-21T19:19:43.187448,1610612760,overall,,2024-01-09,2023-24,ok,18,0.929
2026-07-21T19:19:44.711311,1610612760,home,,2024-01-09,2023-24,ok,18,0.811
2026-07-21T19:19:46.359292,1610612760,away,,2024-01-09,2023-24,ok,18,0.938
2026-07-21T19:19:47.823689,1610612761,overall,,2024-01-09,2023-24,ok,21,0.751
2026-07-21T19:19:50.408151,1610612761,home,,2024-01-09,2023-24,ok,21,1.873
2026-07-21T19:19:52.169883,1610612761,away,,2024-01-09,2023-24,ok,21,1.049
2026-07-21T19:19:53.902875,1610612762,overall,,2024-01-09,2023-24,ok,18,1.022
2026-07-21T19:19:55.532753,1610612762,home,,2024-01-09,2023-24,ok,18,0.92
2026-07-21T19:19:57.103520,1610612762,away,,2024-01-09,2023-24,ok,18,0.835
2026-07-21T19:19:58.750826,1610612763,overall,,2024-01-09,2023-24,ok,21,0.921
2026-07-21T19:20:00.498486,1610612763,home,,2024-01-09,2023-24,ok,21,1.036
2026-07-21T19:20:02.129877,1610612763,away,,2024-01-09,2023-24,ok,21,0.917
2026-07-21T19:20:03.854843,1610612764,overall,,2024-01-09,2023-24,ok,19,1.013
2026-07-21T19:20:05.638481,1610612764,home,,2024-01-09,2023-24,ok,19,1.056
2026-07-21T19:20:07.250944,1610612764,away,,2024-01-09,2023-24,ok,19,0.895
2026-07-21T19:20:09.293873,1610612765,overall,,2024-01-09,2023-24,ok,18,1.334
2026-07-21T19:20:10.782304,1610612765,home,,2024-01-09,2023-24,ok,18,0.777
2026-07-21T19:20:12.571540,1610612765,away,,2024-01-09,2023-24,ok,18,1.079
2026-07-21T19:20:14.468567,1610612766,overall,,2024-01-09,2023-24,ok,19,1.182
2026-07-21T19:20:16.153065,1610612766,home,,2024-01-09,2023-24,ok,19,0.976
2026-07-21T19:20:17.787204,1610612766,away,,2024-01-09,2023-24,ok,19,0.924
2026-07-21T19:20:19.487482,1610612737,overall,,2024-01-16,2023-24,ok,19,0.981
2026-07-21T19:20:21.483860,1610612737,home,,2024-01-16,2023-24,ok,19,1.28
2026-07-21T19:20:23.115059,1610612737,away,,2024-01-16,2023-24,ok,19,0.921
2026-07-21T19:20:23.983480,1610612738,overall,,2024-01-16,2023-24,ok,18,0.157
2026-07-21T19:20:25.630406,1610612738,home,,2024-01-16,2023-24,ok,18,0.937
2026-07-21T19:20:27.133889,1610612738,away,,2024-01-16,2023-24,ok,18,0.792
2026-07-21T19:20:28.803889,1610612739,overall,,2024-01-16,2023-24,ok,17,0.961
2026-07-21T19:20:30.463475,1610612739,home,,2024-01-16,2023-24,ok,17,0.948
2026-07-21T19:20:32.258991,1610612739,away,,2024-01-16,2023-24,ok,17,1.083
2026-07-21T19:20:34.901378,1610612740,overall,,2024-01-16,2023-24,ok,18,1.932
2026-07-21T19:20:36.733991,1610612740,home,,2024-01-16,2023-24,ok,18,1.121
2026-07-21T19:20:38.269191,1610612740,away,,2024-01-16,2023-24,ok,18,0.822
2026-07-21T19:20:41.951231,1610612741,overall,,2024-01-16,2023-24,ok,18,2.971
2026-07-21T19:20:43.992745,1610612741,home,,2024-01-16,2023-24,ok,18,1.327
2026-07-21T19:20:45.547662,1610612741,away,,2024-01-16,2023-24,ok,18,0.838
2026-07-21T19:20:47.420789,1610612742,overall,,2024-01-16,2023-24,ok,19,1.159
2026-07-21T19:20:49.057307,1610612742,home,,2024-01-16,2023-24,ok,19,0.926
2026-07-21T19:20:50.769269,1610612742,away,,2024-01-16,2023-24,ok,19,1.0
2026-07-21T19:20:52.318001,1610612743,overall,,2024-01-16,2023-24,ok,18,0.836
2026-07-21T19:20:53.804594,1610612743,home,,2024-01-16,2023-24,ok,18,0.773
2026-07-21T19:20:55.773848,1610612743,away,,2024-01-16,2023-24,ok,18,1.258
2026-07-21T19:20:57.324680,1610612744,overall,,2024-01-16,2023-24,ok,17,0.836
2026-07-21T19:20:58.900579,1610612744,home,,2024-01-16,2023-24,ok,17,0.866
2026-07-21T19:21:04.286463,1610612744,away,,2024-01-16,2023-24,ok,17,4.672
2026-07-21T19:21:05.818077,1610612745,overall,,2024-01-16,2023-24,ok,18,0.818
2026-07-21T19:21:07.355461,1610612745,home,,2024-01-16,2023-24,ok,18,0.821
2026-07-21T19:21:08.917418,1610612745,away,,2024-01-16,2023-24,ok,18,0.847
2026-07-21T19:21:10.596124,1610612746,overall,,2024-01-16,2023-24,ok,22,0.958
2026-07-21T19:21:12.310445,1610612746,home,,2024-01-16,2023-24,ok,22,1.0
2026-07-21T19:21:13.908413,1610612746,away,,2024-01-16,2023-24,ok,22,0.885
2026-07-21T19:21:15.752005,1610612747,overall,,2024-01-16,2023-24,ok,19,1.133
2026-07-21T19:21:17.475796,1610612747,home,,2024-01-16,2023-24,ok,19,1.008
2026-07-21T19:21:18.999749,1610612747,away,,2024-01-16,2023-24,ok,19,0.812
2026-07-21T19:21:20.497540,1610612748,overall,,2024-01-16,2023-24,ok,17,0.781
2026-07-21T19:21:22.020536,1610612748,home,,2024-01-16,2023-24,ok,17,0.811
2026-07-21T19:21:23.637606,1610612748,away,,2024-01-16,2023-24,ok,17,0.904
2026-07-21T19:21:25.170483,1610612749,overall,,2024-01-16,2023-24,ok,18,0.825
2026-07-21T19:21:27.235659,1610612749,home,,2024-01-16,2023-24,ok,18,1.213
2026-07-21T19:21:28.852852,1610612749,away,,2024-01-16,2023-24,ok,18,0.825
2026-07-21T19:21:30.296558,1610612750,overall,,2024-01-16,2023-24,ok,17,0.736
2026-07-21T19:21:31.785175,1610612750,home,,2024-01-16,2023-24,ok,17,0.772
2026-07-21T19:21:33.264438,1610612750,away,,2024-01-16,2023-24,ok,17,0.767
2026-07-21T19:21:35.056190,1610612751,overall,,2024-01-16,2023-24,ok,18,1.079
2026-07-21T19:21:36.747227,1610612751,home,,2024-01-16,2023-24,ok,18,0.983
2026-07-21T19:21:38.497652,1610612751,away,,2024-01-16,2023-24,ok,18,1.033
2026-07-21T19:21:40.224491,1610612752,overall,,2024-01-16,2023-24,ok,24,1.013
2026-07-21T19:21:41.964774,1610612752,home,,2024-01-16,2023-24,ok,24,1.023
2026-07-21T19:21:43.476648,1610612752,away,,2024-01-16,2023-24,ok,24,0.799
2026-07-21T19:21:45.177572,1610612753,overall,,2024-01-16,2023-24,ok,18,0.986
2026-07-21T19:21:46.640250,1610612753,home,,2024-01-16,2023-24,ok,18,0.741
2026-07-21T19:21:48.362278,1610612753,away,,2024-01-16,2023-24,ok,18,1.007
2026-07-21T19:21:50.289372,1610612754,overall,,2024-01-16,2023-24,ok,19,1.213
2026-07-21T19:21:51.798268,1610612754,home,,2024-01-16,2023-24,ok,19,0.797
2026-07-21T19:21:53.331488,1610612754,away,,2024-01-16,2023-24,ok,19,0.821
2026-07-21T19:21:55.012764,1610612755,overall,,2024-01-16,2023-24,ok,23,0.968
2026-07-21T19:21:59.167262,1610612755,home,,2024-01-16,2023-24,ok,23,3.443
2026-07-21T19:22:00.711649,1610612755,away,,2024-01-16,2023-24,ok,23,0.837
2026-07-21T19:22:02.193255,1610612756,overall,,2024-01-16,2023-24,ok,18,0.773
2026-07-21T19:22:04.084488,1610612756,home,,2024-01-16,2023-24,ok,18,1.174
2026-07-21T19:22:05.721776,1610612756,away,,2024-01-16,2023-24,ok,18,0.925
2026-07-21T19:22:07.265201,1610612757,overall,,2024-01-16,2023-24,ok,19,0.824
2026-07-21T19:22:09.061948,1610612757,home,,2024-01-16,2023-24,ok,19,1.076
2026-07-21T19:22:10.626435,1610612757,away,,2024-01-16,2023-24,ok,19,0.839
2026-07-21T19:22:12.349012,1610612758,overall,,2024-01-16,2023-24,ok,19,1.006
2026-07-21T19:22:14.017596,1610612758,home,,2024-01-16,2023-24,ok,19,0.953
2026-07-21T19:22:15.452692,1610612758,away,,2024-01-16,2023-24,ok,19,0.722
2026-07-21T19:22:17.294430,1610612759,overall,,2024-01-16,2023-24,ok,20,1.124
2026-07-21T19:22:19.164558,1610612759,home,,2024-01-16,2023-24,ok,20,1.154
2026-07-21T19:22:20.668874,1610612759,away,,2024-01-16,2023-24,ok,20,0.795
2026-07-21T19:22:22.606452,1610612760,overall,,2024-01-16,2023-24,ok,18,1.217
2026-07-21T19:22:24.026227,1610612760,home,,2024-01-16,2023-24,ok,18,0.708
2026-07-21T19:22:25.703077,1610612760,away,,2024-01-16,2023-24,ok,18,0.962
2026-07-21T19:22:27.330190,1610612761,overall,,2024-01-16,2023-24,ok,21,0.911
2026-07-21T19:22:28.865335,1610612761,home,,2024-01-16,2023-24,ok,21,0.821
2026-07-21T19:22:30.509654,1610612761,away,,2024-01-16,2023-24,ok,21,0.931
2026-07-21T19:22:32.037322,1610612762,overall,,2024-01-16,2023-24,ok,19,0.815
2026-07-21T19:22:33.570990,1610612762,home,,2024-01-16,2023-24,ok,19,0.824
2026-07-21T19:22:35.211949,1610612762,away,,2024-01-16,2023-24,ok,18,0.927
2026-07-21T19:22:37.274244,1610612763,overall,,2024-01-16,2023-24,ok,21,1.351
2026-07-21T19:22:39.002811,1610612763,home,,2024-01-16,2023-24,ok,21,1.015
2026-07-21T19:22:40.505383,1610612763,away,,2024-01-16,2023-24,ok,21,0.791
2026-07-21T19:22:41.970566,1610612764,overall,,2024-01-16,2023-24,ok,22,0.754
2026-07-21T19:22:43.508523,1610612764,home,,2024-01-16,2023-24,ok,22,0.823
2026-07-21T19:22:45.460039,1610612764,away,,2024-01-16,2023-24,ok,20,1.241
2026-07-21T19:22:47.297592,1610612765,overall,,2024-01-16,2023-24,ok,20,1.129
2026-07-21T19:22:48.935057,1610612765,home,,2024-01-16,2023-24,ok,18,0.923
2026-07-21T19:22:50.470161,1610612765,away,,2024-01-16,2023-24,ok,20,0.823
2026-07-21T19:22:51.999878,1610612766,overall,,2024-01-16,2023-24,ok,19,0.816
2026-07-21T19:22:53.445479,1610612766,home,,2024-01-16,2023-24,ok,19,0.733
2026-07-21T19:22:55.120515,1610612766,away,,2024-01-16,2023-24,ok,19,0.961
2026-07-21T19:22:56.637427,1610612737,overall,,2024-01-23,2023-24,ok,19,0.802
2026-07-21T19:22:58.357721,1610612737,home,,2024-01-23,2023-24,ok,19,1.001
2026-07-21T19:23:00.329275,1610612737,away,,2024-01-23,2023-24,ok,19,1.255
2026-07-21T19:23:02.123498,1610612738,overall,,2024-01-23,2023-24,ok,18,1.069
2026-07-21T19:23:03.681078,1610612738,home,,2024-01-23,2023-24,ok,18,0.847
2026-07-21T19:23:05.422637,1610612738,away,,2024-01-23,2023-24,ok,18,1.031
2026-07-21T19:23:06.951485,1610612739,overall,,2024-01-23,2023-24,ok,18,0.815
2026-07-21T19:23:08.419169,1610612739,home,,2024-01-23,2023-24,ok,17,0.759
2026-07-21T19:23:10.228434,1610612739,away,,2024-01-23,2023-24,ok,18,1.092
2026-07-21T19:23:11.891382,1610612740,overall,,2024-01-23,2023-24,ok,18,0.948
2026-07-21T19:23:13.405174,1610612740,home,,2024-01-23,2023-24,ok,18,0.801
2026-07-21T19:23:14.860873,1610612740,away,,2024-01-23,2023-24,ok,18,0.739
2026-07-21T19:23:16.382494,1610612741,overall,,2024-01-23,2023-24,ok,18,0.804
2026-07-21T19:23:17.967316,1610612741,home,,2024-01-23,2023-24,ok,18,0.872
2026-07-21T19:23:19.509601,1610612741,away,,2024-01-23,2023-24,ok,18,0.832
2026-07-21T19:23:21.123032,1610612742,overall,,2024-01-23,2023-24,ok,19,0.898
2026-07-21T19:23:22.726870,1610612742,home,,2024-01-23,2023-24,ok,19,0.886
2026-07-21T19:23:24.409723,1610612742,away,,2024-01-23,2023-24,ok,19,0.967
2026-07-21T19:23:28.260449,1610612743,overall,,2024-01-23,2023-24,ok,18,3.135
2026-07-21T19:23:29.729719,1610612743,home,,2024-01-23,2023-24,ok,18,0.754
2026-07-21T19:23:31.323467,1610612743,away,,2024-01-23,2023-24,ok,18,0.884
2026-07-21T19:23:32.970029,1610612744,overall,,2024-01-23,2023-24,ok,17,0.929
2026-07-21T19:23:34.609251,1610612744,home,,2024-01-23,2023-24,ok,17,0.927
2026-07-21T19:23:36.142612,1610612744,away,,2024-01-23,2023-24,ok,17,0.816
2026-07-21T19:23:38.086255,1610612745,overall,,2024-01-23,2023-24,ok,18,1.227
2026-07-21T19:23:39.520665,1610612745,home,,2024-01-23,2023-24,ok,18,0.724
2026-07-21T19:23:40.989202,1610612745,away,,2024-01-23,2023-24,ok,18,0.76
2026-07-21T19:23:42.689245,1610612746,overall,,2024-01-23,2023-24,ok,22,0.984
2026-07-21T19:23:44.226041,1610612746,home,,2024-01-23,2023-24,ok,22,0.828
2026-07-21T19:23:45.767026,1610612746,away,,2024-01-23,2023-24,ok,22,0.824
2026-07-21T19:23:47.410657,1610612747,overall,,2024-01-23,2023-24,ok,19,0.93
2026-07-21T19:23:48.996558,1610612747,home,,2024-01-23,2023-24,ok,19,0.867
2026-07-21T19:23:50.714921,1610612747,away,,2024-01-23,2023-24,ok,19,1.001
2026-07-21T19:23:52.151601,1610612748,overall,,2024-01-23,2023-24,ok,17,0.725
2026-07-21T19:23:53.859705,1610612748,home,,2024-01-23,2023-24,ok,17,0.991
2026-07-21T19:23:55.544759,1610612748,away,,2024-01-23,2023-24,ok,17,0.956
2026-07-21T19:23:57.019521,1610612749,overall,,2024-01-23,2023-24,ok,18,0.758
2026-07-21T19:23:58.685824,1610612749,home,,2024-01-23,2023-24,ok,18,0.956
2026-07-21T19:24:00.594008,1610612749,away,,2024-01-23,2023-24,ok,18,1.193
2026-07-21T19:24:02.158353,1610612750,overall,,2024-01-23,2023-24,ok,17,0.842
2026-07-21T19:24:03.789908,1610612750,home,,2024-01-23,2023-24,ok,17,0.922
2026-07-21T19:24:05.321961,1610612750,away,,2024-01-23,2023-24,ok,17,0.823
2026-07-21T19:24:06.870014,1610612751,overall,,2024-01-23,2023-24,ok,18,0.833
2026-07-21T19:24:08.571190,1610612751,home,,2024-01-23,2023-24,ok,18,0.965
2026-07-21T19:24:10.338913,1610612751,away,,2024-01-23,2023-24,ok,18,1.054
2026-07-21T19:24:11.980770,1610612752,overall,,2024-01-23,2023-24,ok,24,0.924
2026-07-21T19:24:13.541364,1610612752,home,,2024-01-23,2023-24,ok,24,0.844
2026-07-21T19:24:15.156839,1610612752,away,,2024-01-23,2023-24,ok,24,0.895
2026-07-21T19:24:16.900875,1610612753,overall,,2024-01-23,2023-24,ok,18,1.022
2026-07-21T19:24:18.529884,1610612753,home,,2024-01-23,2023-24,ok,18,0.912
2026-07-21T19:24:19.999072,1610612753,away,,2024-01-23,2023-24,ok,18,0.742
2026-07-21T19:24:22.221560,1610612754,overall,,2024-01-23,2023-24,ok,20,1.511
2026-07-21T19:24:23.779074,1610612754,home,,2024-01-23,2023-24,ok,20,0.84
2026-07-21T19:24:25.502431,1610612754,away,,2024-01-23,2023-24,ok,20,1.006
2026-07-21T19:24:26.963407,1610612755,overall,,2024-01-23,2023-24,ok,23,0.744
2026-07-21T19:24:28.405262,1610612755,home,,2024-01-23,2023-24,ok,23,0.725
2026-07-21T19:24:29.967971,1610612755,away,,2024-01-23,2023-24,ok,23,0.853
2026-07-21T19:24:31.458728,1610612756,overall,,2024-01-23,2023-24,ok,18,0.781
2026-07-21T19:24:32.972770,1610612756,home,,2024-01-23,2023-24,ok,18,0.805
2026-07-21T19:24:34.496973,1610612756,away,,2024-01-23,2023-24,ok,18,0.807
2026-07-21T19:24:35.944350,1610612757,overall,,2024-01-23,2023-24,ok,20,0.734
2026-07-21T19:24:37.478933,1610612757,home,,2024-01-23,2023-24,ok,19,0.818
2026-07-21T19:24:38.925154,1610612757,away,,2024-01-23,2023-24,ok,20,0.732
2026-07-21T19:24:41.546869,1610612758,overall,,2024-01-23,2023-24,ok,19,1.904
2026-07-21T19:24:43.112040,1610612758,home,,2024-01-23,2023-24,ok,19,0.848
2026-07-21T19:24:44.668314,1610612758,away,,2024-01-23,2023-24,ok,19,0.842
2026-07-21T19:24:46.286861,1610612759,overall,,2024-01-23,2023-24,ok,20,0.906
2026-07-21T19:24:47.717710,1610612759,home,,2024-01-23,2023-24,ok,20,0.722
2026-07-21T19:24:49.172695,1610612759,away,,2024-01-23,2023-24,ok,20,0.739
2026-07-21T19:24:50.888136,1610612760,overall,,2024-01-23,2023-24,ok,18,1.005
2026-07-21T19:24:52.428255,1610612760,home,,2024-01-23,2023-24,ok,18,0.83
2026-07-21T19:24:54.065567,1610612760,away,,2024-01-23,2023-24,ok,18,0.922
2026-07-21T19:24:55.709996,1610612761,overall,,2024-01-23,2023-24,ok,24,0.929
2026-07-21T19:24:57.243087,1610612761,home,,2024-01-23,2023-24,ok,24,0.818
2026-07-21T19:24:58.777822,1610612761,away,,2024-01-23,2023-24,ok,24,0.818
2026-07-21T19:25:00.454738,1610612762,overall,,2024-01-23,2023-24,ok,19,0.957
2026-07-21T19:25:02.057517,1610612762,home,,2024-01-23,2023-24,ok,19,0.888
2026-07-21T19:25:03.550279,1610612762,away,,2024-01-23,2023-24,ok,19,0.772
2026-07-21T19:25:05.334033,1610612763,overall,,2024-01-23,2023-24,ok,22,1.071
2026-07-21T19:25:06.900813,1610612763,home,,2024-01-23,2023-24,ok,21,0.85
2026-07-21T19:25:08.431707,1610612763,away,,2024-01-23,2023-24,ok,22,0.818
2026-07-21T19:25:09.967577,1610612764,overall,,2024-01-23,2023-24,ok,23,0.823
2026-07-21T19:25:11.419015,1610612764,home,,2024-01-23,2023-24,ok,23,0.742
2026-07-21T19:25:12.961874,1610612764,away,,2024-01-23,2023-24,ok,22,0.827
2026-07-21T19:25:14.797183,1610612765,overall,,2024-01-23,2023-24,ok,20,1.124
2026-07-21T19:25:16.393714,1610612765,home,,2024-01-23,2023-24,ok,20,0.882
2026-07-21T19:25:18.029364,1610612765,away,,2024-01-23,2023-24,ok,20,0.919
2026-07-21T19:25:19.805714,1610612766,overall,,2024-01-23,2023-24,ok,19,1.06
2026-07-21T19:25:21.306503,1610612766,home,,2024-01-23,2023-24,ok,19,0.789
2026-07-21T19:25:22.842243,1610612766,away,,2024-01-23,2023-24,ok,19,0.824
2026-07-21T19:25:24.337401,1610612737,overall,,2024-01-30,2023-24,ok,19,0.778
2026-07-21T19:25:26.006142,1610612737,home,,2024-01-30,2023-24,ok,19,0.953
2026-07-21T19:25:27.449272,1610612737,away,,2024-01-30,2023-24,ok,19,0.734
2026-07-21T19:25:29.112124,1610612738,overall,,2024-01-30,2023-24,ok,18,0.951
2026-07-21T19:25:30.830116,1610612738,home,,2024-01-30,2023-24,ok,18,1.007
2026-07-21T19:25:32.468247,1610612738,away,,2024-01-30,2023-24,ok,18,0.926
2026-07-21T19:25:34.207996,1610612739,overall,,2024-01-30,2023-24,ok,18,1.03
2026-07-21T19:25:35.845855,1610612739,home,,2024-01-30,2023-24,ok,17,0.927
2026-07-21T19:25:37.520850,1610612739,away,,2024-01-30,2023-24,ok,18,0.961
2026-07-21T19:25:39.055482,1610612740,overall,,2024-01-30,2023-24,ok,19,0.818
2026-07-21T19:25:41.067642,1610612740,home,,2024-01-30,2023-24,ok,18,1.305
2026-07-21T19:25:42.616953,1610612740,away,,2024-01-30,2023-24,ok,19,0.836
2026-07-21T19:25:44.244119,1610612741,overall,,2024-01-30,2023-24,ok,18,0.913
2026-07-21T19:25:45.766404,1610612741,home,,2024-01-30,2023-24,ok,18,0.806
2026-07-21T19:25:48.746375,1610612741,away,,2024-01-30,2023-24,ok,18,2.264
2026-07-21T19:25:50.694245,1610612742,overall,,2024-01-30,2023-24,ok,19,1.236
2026-07-21T19:25:52.236024,1610612742,home,,2024-01-30,2023-24,ok,19,0.827
2026-07-21T19:25:53.878777,1610612742,away,,2024-01-30,2023-24,ok,19,0.931
2026-07-21T19:25:55.738307,1610612743,overall,,2024-01-30,2023-24,ok,18,1.143
2026-07-21T19:25:57.554552,1610612743,home,,2024-01-30,2023-24,ok,18,1.098
2026-07-21T19:25:59.314786,1610612743,away,,2024-01-30,2023-24,ok,18,1.05
2026-07-21T19:26:01.223411,1610612744,overall,,2024-01-30,2023-24,ok,17,1.192
2026-07-21T19:26:02.778800,1610612744,home,,2024-01-30,2023-24,ok,17,0.841
2026-07-21T19:26:04.414778,1610612744,away,,2024-01-30,2023-24,ok,17,0.921
2026-07-21T19:26:06.128936,1610612745,overall,,2024-01-30,2023-24,ok,18,0.998
2026-07-21T19:26:07.703096,1610612745,home,,2024-01-30,2023-24,ok,18,0.857
2026-07-21T19:26:09.227611,1610612745,away,,2024-01-30,2023-24,ok,18,0.808
2026-07-21T19:26:11.749521,1610612746,overall,,2024-01-30,2023-24,ok,22,1.806
2026-07-21T19:26:13.422987,1610612746,home,,2024-01-30,2023-24,ok,22,0.965
2026-07-21T19:26:15.269695,1610612746,away,,2024-01-30,2023-24,ok,22,1.132
2026-07-21T19:26:17.040813,1610612747,overall,,2024-01-30,2023-24,ok,19,1.058
2026-07-21T19:26:18.612001,1610612747,home,,2024-01-30,2023-24,ok,19,0.854
2026-07-21T19:26:20.157014,1610612747,away,,2024-01-30,2023-24,ok,19,0.83
2026-07-21T19:26:21.720866,1610612748,overall,,2024-01-30,2023-24,ok,18,0.852
2026-07-21T19:26:23.241341,1610612748,home,,2024-01-30,2023-24,ok,18,0.804
2026-07-21T19:26:25.216707,1610612748,away,,2024-01-30,2023-24,ok,18,1.247
2026-07-21T19:26:26.916316,1610612749,overall,,2024-01-30,2023-24,ok,18,0.919
2026-07-21T19:26:28.446290,1610612749,home,,2024-01-30,2023-24,ok,18,0.819
2026-07-21T19:26:29.965074,1610612749,away,,2024-01-30,2023-24,ok,18,0.805
2026-07-21T19:26:31.532365,1610612750,overall,,2024-01-30,2023-24,ok,17,0.85
2026-07-21T19:26:33.224743,1610612750,home,,2024-01-30,2023-24,ok,17,0.974
2026-07-21T19:26:34.786984,1610612750,away,,2024-01-30,2023-24,ok,17,0.847
2026-07-21T19:26:36.600869,1610612751,overall,,2024-01-30,2023-24,ok,18,1.101
2026-07-21T19:26:38.030655,1610612751,home,,2024-01-30,2023-24,ok,18,0.714
2026-07-21T19:26:39.527908,1610612751,away,,2024-01-30,2023-24,ok,18,0.782
2026-07-21T19:26:41.145679,1610612752,overall,,2024-01-30,2023-24,ok,24,0.9
2026-07-21T19:26:42.782432,1610612752,home,,2024-01-30,2023-24,ok,24,0.92
2026-07-21T19:26:44.520815,1610612752,away,,2024-01-30,2023-24,ok,24,1.022
2026-07-21T19:26:46.163278,1610612753,overall,,2024-01-30,2023-24,ok,18,0.926
2026-07-21T19:26:47.801697,1610612753,home,,2024-01-30,2023-24,ok,18,0.923
2026-07-21T19:26:49.326657,1610612753,away,,2024-01-30,2023-24,ok,18,0.809
2026-07-21T19:26:51.005425,1610612754,overall,,2024-01-30,2023-24,ok,20,0.964
2026-07-21T19:26:52.621236,1610612754,home,,2024-01-30,2023-24,ok,20,0.903
2026-07-21T19:26:54.149721,1610612754,away,,2024-01-30,2023-24,ok,20,0.817
2026-07-21T19:26:55.852373,1610612755,overall,,2024-01-30,2023-24,ok,23,0.983
2026-07-21T19:26:58.573643,1610612755,home,,2024-01-30,2023-24,ok,23,2.001
2026-07-21T19:27:00.190145,1610612755,away,,2024-01-30,2023-24,ok,23,0.905
2026-07-21T19:27:02.228193,1610612756,overall,,2024-01-30,2023-24,ok,18,1.322
2026-07-21T19:27:03.772510,1610612756,home,,2024-01-30,2023-24,ok,18,0.781
2026-07-21T19:27:05.311042,1610612756,away,,2024-01-30,2023-24,ok,18,0.823
2026-07-21T19:27:06.850810,1610612757,overall,,2024-01-30,2023-24,ok,20,0.822
2026-07-21T19:27:08.381880,1610612757,home,,2024-01-30,2023-24,ok,20,0.815
2026-07-21T19:27:10.025708,1610612757,away,,2024-01-30,2023-24,ok,20,0.927
2026-07-21T19:27:11.558767,1610612758,overall,,2024-01-30,2023-24,ok,19,0.82
2026-07-21T19:27:13.244192,1610612758,home,,2024-01-30,2023-24,ok,19,0.977
2026-07-21T19:27:14.889920,1610612758,away,,2024-01-30,2023-24,ok,19,0.933
2026-07-21T19:27:16.473193,1610612759,overall,,2024-01-30,2023-24,ok,20,0.868
2026-07-21T19:27:18.126337,1610612759,home,,2024-01-30,2023-24,ok,20,0.945
2026-07-21T19:27:19.663060,1610612759,away,,2024-01-30,2023-24,ok,20,0.819
2026-07-21T19:27:21.183629,1610612760,overall,,2024-01-30,2023-24,ok,18,0.805
2026-07-21T19:27:22.823387,1610612760,home,,2024-01-30,2023-24,ok,18,0.922
2026-07-21T19:27:25.796924,1610612760,away,,2024-01-30,2023-24,ok,18,2.262
2026-07-21T19:27:27.406924,1610612761,overall,,2024-01-30,2023-24,ok,24,0.887
2026-07-21T19:27:29.162162,1610612761,home,,2024-01-30,2023-24,ok,24,0.919
2026-07-21T19:27:30.713987,1610612761,away,,2024-01-30,2023-24,ok,24,0.827
2026-07-21T19:27:32.448983,1610612762,overall,,2024-01-30,2023-24,ok,19,1.017
2026-07-21T19:27:33.980735,1610612762,home,,2024-01-30,2023-24,ok,19,0.817
2026-07-21T19:27:35.484370,1610612762,away,,2024-01-30,2023-24,ok,19,0.791
2026-07-21T19:27:37.026752,1610612763,overall,,2024-01-30,2023-24,ok,23,0.825
2026-07-21T19:27:38.590803,1610612763,home,,2024-01-30,2023-24,ok,23,0.854
2026-07-21T19:27:41.825819,1610612763,away,,2024-01-30,2023-24,ok,22,2.474
2026-07-21T19:27:43.544706,1610612764,overall,,2024-01-30,2023-24,ok,23,1.0
2026-07-21T19:27:45.093231,1610612764,home,,2024-01-30,2023-24,ok,23,0.829
2026-07-21T19:27:46.784100,1610612764,away,,2024-01-30,2023-24,ok,23,0.974
2026-07-21T19:27:48.320487,1610612765,overall,,2024-01-30,2023-24,ok,20,0.827
2026-07-21T19:27:49.796874,1610612765,home,,2024-01-30,2023-24,ok,20,0.762
2026-07-21T19:27:51.343828,1610612765,away,,2024-01-30,2023-24,ok,20,0.832
2026-07-21T19:27:52.814851,1610612766,overall,,2024-01-30,2023-24,ok,20,0.755
2026-07-21T19:27:54.364514,1610612766,home,,2024-01-30,2023-24,ok,20,0.834
2026-07-21T19:27:55.993010,1610612766,away,,2024-01-30,2023-24,ok,20,0.915
2026-07-21T19:27:57.530956,1610612737,overall,,2024-02-06,2023-24,ok,19,0.802
2026-07-21T19:27:59.076514,1610612737,home,,2024-02-06,2023-24,ok,19,0.828
2026-07-21T19:28:00.788358,1610612737,away,,2024-02-06,2023-24,ok,19,0.98
2026-07-21T19:28:02.450718,1610612738,overall,,2024-02-06,2023-24,ok,18,0.938
2026-07-21T19:28:04.190101,1610612738,home,,2024-02-06,2023-24,ok,18,1.023
2026-07-21T19:28:05.732634,1610612738,away,,2024-02-06,2023-24,ok,18,0.829
2026-07-21T19:28:07.264516,1610612739,overall,,2024-02-06,2023-24,ok,18,0.818
2026-07-21T19:28:08.977196,1610612739,home,,2024-02-06,2023-24,ok,17,0.971
2026-07-21T19:28:10.667577,1610612739,away,,2024-02-06,2023-24,ok,18,0.977
2026-07-21T19:28:12.383650,1610612740,overall,,2024-02-06,2023-24,ok,19,1.004
2026-07-21T19:28:13.928485,1610612740,home,,2024-02-06,2023-24,ok,19,0.836
2026-07-21T19:28:15.559284,1610612740,away,,2024-02-06,2023-24,ok,19,0.914
2026-07-21T19:28:17.093911,1610612741,overall,,2024-02-06,2023-24,ok,18,0.816
2026-07-21T19:28:18.632898,1610612741,home,,2024-02-06,2023-24,ok,18,0.822
2026-07-21T19:28:20.278228,1610612741,away,,2024-02-06,2023-24,ok,18,0.932
2026-07-21T19:28:21.733774,1610612742,overall,,2024-02-06,2023-24,ok,19,0.744
2026-07-21T19:28:23.341361,1610612742,home,,2024-02-06,2023-24,ok,19,0.894
2026-07-21T19:28:24.979774,1610612742,away,,2024-02-06,2023-24,ok,19,0.923
2026-07-21T19:28:26.440473,1610612743,overall,,2024-02-06,2023-24,ok,18,0.749
2026-07-21T19:28:28.051767,1610612743,home,,2024-02-06,2023-24,ok,18,0.894
2026-07-21T19:28:29.577321,1610612743,away,,2024-02-06,2023-24,ok,18,0.808
2026-07-21T19:28:31.202051,1610612744,overall,,2024-02-06,2023-24,ok,17,0.914
2026-07-21T19:28:32.661589,1610612744,home,,2024-02-06,2023-24,ok,17,0.752
2026-07-21T19:28:34.398341,1610612744,away,,2024-02-06,2023-24,ok,17,1.02
2026-07-21T19:28:36.275087,1610612745,overall,,2024-02-06,2023-24,ok,19,1.161
2026-07-21T19:28:41.572193,1610612745,home,,2024-02-06,2023-24,ok,19,4.58
2026-07-21T19:28:43.104565,1610612745,away,,2024-02-06,2023-24,ok,19,0.815
2026-07-21T19:28:44.848469,1610612746,overall,,2024-02-06,2023-24,ok,22,1.025
2026-07-21T19:28:46.485380,1610612746,home,,2024-02-06,2023-24,ok,22,0.918
2026-07-21T19:28:48.022199,1610612746,away,,2024-02-06,2023-24,ok,22,0.818
2026-07-21T19:28:49.667691,1610612747,overall,,2024-02-06,2023-24,ok,19,0.929
2026-07-21T19:28:51.297686,1610612747,home,,2024-02-06,2023-24,ok,19,0.916
2026-07-21T19:28:52.807461,1610612747,away,,2024-02-06,2023-24,ok,19,0.793
2026-07-21T19:28:54.473817,1610612748,overall,,2024-02-06,2023-24,ok,18,0.949
2026-07-21T19:28:56.031050,1610612748,home,,2024-02-06,2023-24,ok,18,0.837
2026-07-21T19:28:57.646488,1610612748,away,,2024-02-06,2023-24,ok,18,0.897
2026-07-21T19:28:59.195902,1610612749,overall,,2024-02-06,2023-24,ok,18,0.84
2026-07-21T19:29:00.719619,1610612749,home,,2024-02-06,2023-24,ok,18,0.808
2026-07-21T19:29:02.459152,1610612749,away,,2024-02-06,2023-24,ok,18,1.029
2026-07-21T19:29:04.098798,1610612750,overall,,2024-02-06,2023-24,ok,17,0.929
2026-07-21T19:29:05.742123,1610612750,home,,2024-02-06,2023-24,ok,17,0.925
2026-07-21T19:29:07.272584,1610612750,away,,2024-02-06,2023-24,ok,17,0.817
2026-07-21T19:29:08.820480,1610612751,overall,,2024-02-06,2023-24,ok,18,0.832
2026-07-21T19:29:10.441183,1610612751,home,,2024-02-06,2023-24,ok,18,0.906
2026-07-21T19:29:11.982630,1610612751,away,,2024-02-06,2023-24,ok,18,0.827
2026-07-21T19:29:13.730069,1610612752,overall,,2024-02-06,2023-24,ok,24,1.032
2026-07-21T19:29:15.262720,1610612752,home,,2024-02-06,2023-24,ok,24,0.817
2026-07-21T19:29:16.898773,1610612752,away,,2024-02-06,2023-24,ok,24,0.917
2026-07-21T19:29:18.537377,1610612753,overall,,2024-02-06,2023-24,ok,18,0.921
2026-07-21T19:29:20.071470,1610612753,home,,2024-02-06,2023-24,ok,18,0.816
2026-07-21T19:29:22.033294,1610612753,away,,2024-02-06,2023-24,ok,18,1.249
2026-07-21T19:29:23.861435,1610612754,overall,,2024-02-06,2023-24,ok,20,0.994
2026-07-21T19:29:25.397559,1610612754,home,,2024-02-06,2023-24,ok,20,0.824
2026-07-21T19:29:27.033492,1610612754,away,,2024-02-06,2023-24,ok,20,0.918
2026-07-21T19:29:28.675831,1610612755,overall,,2024-02-06,2023-24,ok,23,0.931
2026-07-21T19:29:30.315196,1610612755,home,,2024-02-06,2023-24,ok,23,0.923
2026-07-21T19:29:31.826263,1610612755,away,,2024-02-06,2023-24,ok,23,0.796
2026-07-21T19:29:35.738561,1610612756,overall,,2024-02-06,2023-24,ok,18,3.195
2026-07-21T19:29:37.309817,1610612756,home,,2024-02-06,2023-24,ok,18,0.853
2026-07-21T19:29:38.832801,1610612756,away,,2024-02-06,2023-24,ok,18,0.805
2026-07-21T19:29:40.349097,1610612757,overall,,2024-02-06,2023-24,ok,20,0.799
2026-07-21T19:29:41.993565,1610612757,home,,2024-02-06,2023-24,ok,20,0.935
2026-07-21T19:29:43.622002,1610612757,away,,2024-02-06,2023-24,ok,20,0.884
2026-07-21T19:29:45.364821,1610612758,overall,,2024-02-06,2023-24,ok,19,1.03
2026-07-21T19:29:46.905502,1610612758,home,,2024-02-06,2023-24,ok,19,0.825
2026-07-21T19:29:50.179788,1610612758,away,,2024-02-06,2023-24,ok,19,2.564
2026-07-21T19:29:51.818163,1610612759,overall,,2024-02-06,2023-24,ok,20,0.919
2026-07-21T19:29:53.401372,1610612759,home,,2024-02-06,2023-24,ok,20,0.87
2026-07-21T19:29:54.890514,1610612759,away,,2024-02-06,2023-24,ok,20,0.774
2026-07-21T19:29:56.793369,1610612760,overall,,2024-02-06,2023-24,ok,18,1.183
2026-07-21T19:29:58.368093,1610612760,home,,2024-02-06,2023-24,ok,18,0.859
2026-07-21T19:29:59.902747,1610612760,away,,2024-02-06,2023-24,ok,18,0.821
2026-07-21T19:30:02.774267,1610612761,overall,,2024-02-06,2023-24,ok,24,2.156
2026-07-21T19:30:04.413421,1610612761,home,,2024-02-06,2023-24,ok,24,0.921
2026-07-21T19:30:06.154516,1610612761,away,,2024-02-06,2023-24,ok,24,1.022
2026-07-21T19:30:08.388712,1610612762,overall,,2024-02-06,2023-24,ok,19,1.523
2026-07-21T19:30:09.957266,1610612762,home,,2024-02-06,2023-24,ok,19,0.852
2026-07-21T19:30:11.764658,1610612762,away,,2024-02-06,2023-24,ok,19,1.09
2026-07-21T19:30:15.069207,1610612763,overall,,2024-02-06,2023-24,ok,26,2.587
2026-07-21T19:30:16.810067,1610612763,home,,2024-02-06,2023-24,ok,26,1.024
2026-07-21T19:30:18.551582,1610612763,away,,2024-02-06,2023-24,ok,26,1.02
2026-07-21T19:30:20.221948,1610612764,overall,,2024-02-06,2023-24,ok,23,0.956
2026-07-21T19:30:21.719239,1610612764,home,,2024-02-06,2023-24,ok,23,0.778
2026-07-21T19:30:23.254654,1610612764,away,,2024-02-06,2023-24,ok,23,0.818
2026-07-21T19:30:26.632461,1610612765,overall,,2024-02-06,2023-24,ok,20,2.662
2026-07-21T19:30:28.440617,1610612765,home,,2024-02-06,2023-24,ok,20,1.095
2026-07-21T19:30:30.279671,1610612765,away,,2024-02-06,2023-24,ok,20,1.124
2026-07-21T19:30:32.059559,1610612766,overall,,2024-02-06,2023-24,ok,20,1.067
2026-07-21T19:30:33.593557,1610612766,home,,2024-02-06,2023-24,ok,20,0.82
2026-07-21T19:30:35.236119,1610612766,away,,2024-02-06,2023-24,ok,20,0.931
2026-07-21T19:30:37.395672,1610612737,overall,,2024-02-13,2023-24,ok,19,1.439
2026-07-21T19:30:39.018322,1610612737,home,,2024-02-13,2023-24,ok,19,0.908
2026-07-21T19:30:40.764113,1610612737,away,,2024-02-13,2023-24,ok,19,1.033
2026-07-21T19:30:42.609915,1610612738,overall,,2024-02-13,2023-24,ok,20,1.127
2026-07-21T19:30:44.250141,1610612738,home,,2024-02-13,2023-24,ok,20,0.925
2026-07-21T19:30:45.821077,1610612738,away,,2024-02-13,2023-24,ok,20,0.856
2026-07-21T19:30:47.419302,1610612739,overall,,2024-02-13,2023-24,ok,19,0.886
2026-07-21T19:30:49.162812,1610612739,home,,2024-02-13,2023-24,ok,18,1.03
2026-07-21T19:30:51.314477,1610612739,away,,2024-02-13,2023-24,ok,18,1.434
2026-07-21T19:30:52.845207,1610612740,overall,,2024-02-13,2023-24,ok,19,0.813
2026-07-21T19:30:55.194095,1610612740,home,,2024-02-13,2023-24,ok,19,1.635
2026-07-21T19:30:56.945027,1610612740,away,,2024-02-13,2023-24,ok,19,1.035
2026-07-21T19:30:58.563811,1610612741,overall,,2024-02-13,2023-24,ok,18,0.906
2026-07-21T19:31:00.159841,1610612741,home,,2024-02-13,2023-24,ok,18,0.878
2026-07-21T19:31:01.757339,1610612741,away,,2024-02-13,2023-24,ok,18,0.887
2026-07-21T19:31:03.494283,1610612742,overall,,2024-02-13,2023-24,ok,21,1.024
2026-07-21T19:31:05.137337,1610612742,home,,2024-02-13,2023-24,ok,21,0.926
2026-07-21T19:31:06.769256,1610612742,away,,2024-02-13,2023-24,ok,19,0.914
2026-07-21T19:31:08.347115,1610612743,overall,,2024-02-13,2023-24,ok,18,0.866
2026-07-21T19:31:11.587796,1610612743,home,,2024-02-13,2023-24,ok,18,2.527
2026-07-21T19:31:14.115952,1610612743,away,,2024-02-13,2023-24,ok,18,1.811
2026-07-21T19:31:15.889817,1610612744,overall,,2024-02-13,2023-24,ok,17,1.057
2026-07-21T19:31:17.629474,1610612744,home,,2024-02-13,2023-24,ok,17,1.024
2026-07-21T19:31:19.371258,1610612744,away,,2024-02-13,2023-24,ok,17,1.03
2026-07-21T19:31:21.208835,1610612745,overall,,2024-02-13,2023-24,ok,19,1.121
2026-07-21T19:31:22.749207,1610612745,home,,2024-02-13,2023-24,ok,19,0.83
2026-07-21T19:31:24.487057,1610612745,away,,2024-02-13,2023-24,ok,19,1.028
2026-07-21T19:31:26.108016,1610612746,overall,,2024-02-13,2023-24,ok,22,0.903
2026-07-21T19:31:27.666445,1610612746,home,,2024-02-13,2023-24,ok,22,0.84
2026-07-21T19:31:29.303288,1610612746,away,,2024-02-13,2023-24,ok,22,0.919
2026-07-21T19:31:30.853824,1610612747,overall,,2024-02-13,2023-24,ok,20,0.839
2026-07-21T19:31:33.188714,1610612747,home,,2024-02-13,2023-24,ok,20,1.628
2026-07-21T19:31:34.729945,1610612747,away,,2024-02-13,2023-24,ok,19,0.825
2026-07-21T19:31:36.472283,1610612748,overall,,2024-02-13,2023-24,ok,19,1.031
2026-07-21T19:31:38.050157,1610612748,home,,2024-02-13,2023-24,ok,19,0.868
2026-07-21T19:31:39.747653,1610612748,away,,2024-02-13,2023-24,ok,19,0.98
2026-07-21T19:31:42.076114,1610612749,overall,,2024-02-13,2023-24,ok,19,1.612
2026-07-21T19:31:43.740951,1610612749,home,,2024-02-13,2023-24,ok,19,0.949
2026-07-21T19:31:45.359751,1610612749,away,,2024-02-13,2023-24,ok,18,0.905
2026-07-21T19:31:46.995082,1610612750,overall,,2024-02-13,2023-24,ok,18,0.924
2026-07-21T19:31:49.503107,1610612750,home,,2024-02-13,2023-24,ok,17,1.791
2026-07-21T19:31:51.098065,1610612750,away,,2024-02-13,2023-24,ok,18,0.885
2026-07-21T19:31:52.753499,1610612751,overall,,2024-02-13,2023-24,ok,21,0.936
2026-07-21T19:31:54.452591,1610612751,home,,2024-02-13,2023-24,ok,21,0.98
2026-07-21T19:31:56.192917,1610612751,away,,2024-02-13,2023-24,ok,18,1.026
2026-07-21T19:31:57.786494,1610612752,overall,,2024-02-13,2023-24,ok,26,0.874
2026-07-21T19:31:59.617465,1610612752,home,,2024-02-13,2023-24,ok,26,1.113
2026-07-21T19:32:01.151804,1610612752,away,,2024-02-13,2023-24,ok,26,0.817
2026-07-21T19:32:02.789082,1610612753,overall,,2024-02-13,2023-24,ok,18,0.923
2026-07-21T19:32:04.328555,1610612753,home,,2024-02-13,2023-24,ok,18,0.824
2026-07-21T19:32:06.038174,1610612753,away,,2024-02-13,2023-24,ok,18,0.992
2026-07-21T19:32:07.602235,1610612754,overall,,2024-02-13,2023-24,ok,22,0.844
2026-07-21T19:32:09.342855,1610612754,home,,2024-02-13,2023-24,ok,21,1.028
2026-07-21T19:32:10.880521,1610612754,away,,2024-02-13,2023-24,ok,21,0.826
2026-07-21T19:32:12.705425,1610612755,overall,,2024-02-13,2023-24,ok,25,1.107
2026-07-21T19:32:14.231004,1610612755,home,,2024-02-13,2023-24,ok,25,0.81
2026-07-21T19:32:16.073099,1610612755,away,,2024-02-13,2023-24,ok,25,1.132
2026-07-21T19:32:17.637011,1610612756,overall,,2024-02-13,2023-24,ok,20,0.854
2026-07-21T19:32:19.253014,1610612756,home,,2024-02-13,2023-24,ok,20,0.901
2026-07-21T19:32:20.806024,1610612756,away,,2024-02-13,2023-24,ok,20,0.838
2026-07-21T19:32:22.347361,1610612757,overall,,2024-02-13,2023-24,ok,22,0.831
2026-07-21T19:32:23.986615,1610612757,home,,2024-02-13,2023-24,ok,22,0.922
2026-07-21T19:32:25.840673,1610612757,away,,2024-02-13,2023-24,ok,20,1.138
2026-07-21T19:32:27.325384,1610612758,overall,,2024-02-13,2023-24,ok,20,0.772
2026-07-21T19:32:28.796861,1610612758,home,,2024-02-13,2023-24,ok,19,0.759
2026-07-21T19:32:30.967183,1610612758,away,,2024-02-13,2023-24,ok,20,1.457
2026-07-21T19:32:33.480222,1610612759,overall,,2024-02-13,2023-24,ok,21,1.755
2026-07-21T19:32:34.983873,1610612759,home,,2024-02-13,2023-24,ok,20,0.793
2026-07-21T19:32:36.460107,1610612759,away,,2024-02-13,2023-24,ok,21,0.761
2026-07-21T19:32:38.116278,1610612760,overall,,2024-02-13,2023-24,ok,21,0.939
2026-07-21T19:32:39.853744,1610612760,home,,2024-02-13,2023-24,ok,20,1.022
2026-07-21T19:32:41.495309,1610612760,away,,2024-02-13,2023-24,ok,21,0.927
2026-07-21T19:32:43.338567,1610612761,overall,,2024-02-13,2023-24,ok,28,1.126
2026-07-21T19:32:44.881722,1610612761,home,,2024-02-13,2023-24,ok,28,0.828
2026-07-21T19:32:46.616220,1610612761,away,,2024-02-13,2023-24,ok,24,1.02
2026-07-21T19:32:48.104896,1610612762,overall,,2024-02-13,2023-24,ok,22,0.77
2026-07-21T19:32:49.689600,1610612762,home,,2024-02-13,2023-24,ok,21,0.87
2026-07-21T19:32:51.738558,1610612762,away,,2024-02-13,2023-24,ok,22,1.335
2026-07-21T19:32:53.439476,1610612763,overall,,2024-02-13,2023-24,ok,28,0.982
2026-07-21T19:33:00.134978,1610612763,home,,2024-02-13,2023-24,ok,28,5.977
2026-07-21T19:33:02.185379,1610612763,away,,2024-02-13,2023-24,ok,28,1.333
2026-07-21T19:33:03.923349,1610612764,overall,,2024-02-13,2023-24,ok,24,0.922
2026-07-21T19:33:05.868938,1610612764,home,,2024-02-13,2023-24,ok,24,1.232
2026-07-21T19:33:07.404327,1610612764,away,,2024-02-13,2023-24,ok,24,0.817
2026-07-21T19:33:09.211862,1610612765,overall,,2024-02-13,2023-24,ok,28,1.097
2026-07-21T19:33:10.678492,1610612765,home,,2024-02-13,2023-24,ok,20,0.752
2026-07-21T19:33:12.418853,1610612765,away,,2024-02-13,2023-24,ok,28,1.025
2026-07-21T19:33:17.035133,1610612766,overall,,2024-02-13,2023-24,ok,25,3.901
2026-07-21T19:33:18.628403,1610612766,home,,2024-02-13,2023-24,ok,25,0.877
2026-07-21T19:33:20.433011,1610612766,away,,2024-02-13,2023-24,ok,25,1.085
2026-07-21T19:33:22.249509,1610612737,overall,,2024-02-20,2023-24,ok,19,1.103
2026-07-21T19:33:23.787975,1610612737,home,,2024-02-20,2023-24,ok,19,0.818
2026-07-21T19:33:25.348072,1610612737,away,,2024-02-20,2023-24,ok,19,0.841
2026-07-21T19:33:27.032146,1610612738,overall,,2024-02-20,2023-24,ok,20,0.971
2026-07-21T19:33:28.537340,1610612738,home,,2024-02-20,2023-24,ok,20,0.791
2026-07-21T19:33:30.083279,1610612738,away,,2024-02-20,2023-24,ok,20,0.829
2026-07-21T19:33:31.561882,1610612739,overall,,2024-02-20,2023-24,ok,19,0.769
2026-07-21T19:33:33.312652,1610612739,home,,2024-02-20,2023-24,ok,18,1.037
2026-07-21T19:33:35.761470,1610612739,away,,2024-02-20,2023-24,ok,18,1.732
2026-07-21T19:33:37.305175,1610612740,overall,,2024-02-20,2023-24,ok,19,0.826
2026-07-21T19:33:38.837974,1610612740,home,,2024-02-20,2023-24,ok,19,0.823
2026-07-21T19:33:43.052184,1610612740,away,,2024-02-20,2023-24,ok,19,3.496
2026-07-21T19:33:44.575633,1610612741,overall,,2024-02-20,2023-24,ok,18,0.807
2026-07-21T19:33:46.076920,1610612741,home,,2024-02-20,2023-24,ok,18,0.792
2026-07-21T19:33:47.645447,1610612741,away,,2024-02-20,2023-24,ok,18,0.852
2026-07-21T19:33:49.180456,1610612742,overall,,2024-02-20,2023-24,ok,21,0.819
2026-07-21T19:33:50.720458,1610612742,home,,2024-02-20,2023-24,ok,21,0.821
2026-07-21T19:33:52.357976,1610612742,away,,2024-02-20,2023-24,ok,19,0.923
2026-07-21T19:33:53.987864,1610612743,overall,,2024-02-20,2023-24,ok,18,0.914
2026-07-21T19:33:56.658945,1610612743,home,,2024-02-20,2023-24,ok,18,1.954
2026-07-21T19:33:58.290578,1610612743,away,,2024-02-20,2023-24,ok,18,0.916
2026-07-21T19:33:59.841978,1610612744,overall,,2024-02-20,2023-24,ok,17,0.837
2026-07-21T19:34:01.472171,1610612744,home,,2024-02-20,2023-24,ok,17,0.913
2026-07-21T19:34:03.108894,1610612744,away,,2024-02-20,2023-24,ok,17,0.922
2026-07-21T19:34:04.725995,1610612745,overall,,2024-02-20,2023-24,ok,19,0.902
2026-07-21T19:34:06.314025,1610612745,home,,2024-02-20,2023-24,ok,19,0.875
2026-07-21T19:34:07.826002,1610612745,away,,2024-02-20,2023-24,ok,19,0.796
2026-07-21T19:34:09.357931,1610612746,overall,,2024-02-20,2023-24,ok,22,0.821
2026-07-21T19:34:10.891647,1610612746,home,,2024-02-20,2023-24,ok,22,0.818
2026-07-21T19:34:12.634743,1610612746,away,,2024-02-20,2023-24,ok,22,1.023
2026-07-21T19:34:14.783991,1610612747,overall,,2024-02-20,2023-24,ok,20,1.433
2026-07-21T19:34:16.423720,1610612747,home,,2024-02-20,2023-24,ok,20,0.926
2026-07-21T19:34:17.973823,1610612747,away,,2024-02-20,2023-24,ok,20,0.827
2026-07-21T19:34:19.698759,1610612748,overall,,2024-02-20,2023-24,ok,19,1.014
2026-07-21T19:34:21.337843,1610612748,home,,2024-02-20,2023-24,ok,19,0.922
2026-07-21T19:34:22.974590,1610612748,away,,2024-02-20,2023-24,ok,19,0.918
2026-07-21T19:34:26.251374,1610612749,overall,,2024-02-20,2023-24,ok,19,2.564
2026-07-21T19:34:27.787947,1610612749,home,,2024-02-20,2023-24,ok,19,0.822
2026-07-21T19:34:29.428518,1610612749,away,,2024-02-20,2023-24,ok,19,0.923
2026-07-21T19:34:31.007545,1610612750,overall,,2024-02-20,2023-24,ok,18,0.862
2026-07-21T19:34:32.704601,1610612750,home,,2024-02-20,2023-24,ok,17,0.98
2026-07-21T19:34:34.443486,1610612750,away,,2024-02-20,2023-24,ok,18,1.026
2026-07-21T19:34:36.174066,1610612751,overall,,2024-02-20,2023-24,ok,21,1.019
2026-07-21T19:34:37.825024,1610612751,home,,2024-02-20,2023-24,ok,21,0.934
2026-07-21T19:34:39.566807,1610612751,away,,2024-02-20,2023-24,ok,20,1.025
2026-07-21T19:34:41.104428,1610612752,overall,,2024-02-20,2023-24,ok,26,0.817
2026-07-21T19:34:43.214233,1610612752,home,,2024-02-20,2023-24,ok,26,1.39
2026-07-21T19:34:44.911379,1610612752,away,,2024-02-20,2023-24,ok,26,0.975
2026-07-21T19:34:46.528673,1610612753,overall,,2024-02-20,2023-24,ok,18,0.901
2026-07-21T19:34:50.521655,1610612753,home,,2024-02-20,2023-24,ok,18,3.277
2026-07-21T19:34:52.185053,1610612753,away,,2024-02-20,2023-24,ok,18,0.94
2026-07-21T19:34:54.252254,1610612754,overall,,2024-02-20,2023-24,ok,22,1.348
2026-07-21T19:34:55.972008,1610612754,home,,2024-02-20,2023-24,ok,21,0.993
2026-07-21T19:34:57.650928,1610612754,away,,2024-02-20,2023-24,ok,21,0.95
2026-07-21T19:34:59.221222,1610612755,overall,,2024-02-20,2023-24,ok,26,0.857
2026-07-21T19:35:02.913352,1610612755,home,,2024-02-20,2023-24,ok,26,2.971
2026-07-21T19:35:04.654206,1610612755,away,,2024-02-20,2023-24,ok,25,1.02
2026-07-21T19:35:06.296133,1610612756,overall,,2024-02-20,2023-24,ok,20,0.923
2026-07-21T19:35:07.824304,1610612756,home,,2024-02-20,2023-24,ok,20,0.811
2026-07-21T19:35:09.464969,1610612756,away,,2024-02-20,2023-24,ok,20,0.926
2026-07-21T19:35:11.103875,1610612757,overall,,2024-02-20,2023-24,ok,22,0.93
2026-07-21T19:35:12.846912,1610612757,home,,2024-02-20,2023-24,ok,22,1.022
2026-07-21T19:35:14.477108,1610612757,away,,2024-02-20,2023-24,ok,20,0.917
2026-07-21T19:35:16.227441,1610612758,overall,,2024-02-20,2023-24,ok,20,1.035
2026-07-21T19:35:18.047983,1610612758,home,,2024-02-20,2023-24,ok,19,1.103
2026-07-21T19:35:19.705755,1610612758,away,,2024-02-20,2023-24,ok,20,0.943
2026-07-21T19:35:21.547568,1610612759,overall,,2024-02-20,2023-24,ok,21,1.124
2026-07-21T19:35:23.196275,1610612759,home,,2024-02-20,2023-24,ok,20,0.933
2026-07-21T19:35:24.828823,1610612759,away,,2024-02-20,2023-24,ok,21,0.913
2026-07-21T19:35:27.421282,1610612760,overall,,2024-02-20,2023-24,ok,21,1.878
2026-07-21T19:35:29.230006,1610612760,home,,2024-02-20,2023-24,ok,20,1.093
2026-07-21T19:35:31.175724,1610612760,away,,2024-02-20,2023-24,ok,21,1.232
2026-07-21T19:35:32.813493,1610612761,overall,,2024-02-20,2023-24,ok,28,0.916
2026-07-21T19:35:34.391941,1610612761,home,,2024-02-20,2023-24,ok,28,0.86
2026-07-21T19:35:36.091675,1610612761,away,,2024-02-20,2023-24,ok,24,0.964
2026-07-21T19:35:37.729693,1610612762,overall,,2024-02-20,2023-24,ok,22,0.918
2026-07-21T19:35:39.469845,1610612762,home,,2024-02-20,2023-24,ok,21,1.028
2026-07-21T19:35:41.054619,1610612762,away,,2024-02-20,2023-24,ok,22,0.867
2026-07-21T19:35:42.777014,1610612763,overall,,2024-02-20,2023-24,ok,29,1.004
2026-07-21T19:35:44.592664,1610612763,home,,2024-02-20,2023-24,ok,29,1.092
2026-07-21T19:35:46.200368,1610612763,away,,2024-02-20,2023-24,ok,28,0.892
2026-07-21T19:35:48.078418,1610612764,overall,,2024-02-20,2023-24,ok,24,1.159
2026-07-21T19:35:49.917169,1610612764,home,,2024-02-20,2023-24,ok,24,1.118
2026-07-21T19:35:54.935079,1610612764,away,,2024-02-20,2023-24,ok,24,4.297
2026-07-21T19:35:56.775340,1610612765,overall,,2024-02-20,2023-24,ok,28,1.129
2026-07-21T19:35:58.709967,1610612765,home,,2024-02-20,2023-24,ok,20,0.943
2026-07-21T19:36:00.308987,1610612765,away,,2024-02-20,2023-24,ok,28,0.873
2026-07-21T19:36:02.105269,1610612766,overall,,2024-02-20,2023-24,ok,25,1.079
2026-07-21T19:36:06.505107,1610612766,home,,2024-02-20,2023-24,ok,25,3.68
2026-07-21T19:36:08.088693,1610612766,away,,2024-02-20,2023-24,ok,25,0.865
2026-07-21T19:36:09.882855,1610612737,overall,,2024-02-27,2023-24,ok,19,1.08
2026-07-21T19:36:11.522275,1610612737,home,,2024-02-27,2023-24,ok,19,0.925
2026-07-21T19:36:13.159337,1610612737,away,,2024-02-27,2023-24,ok,19,0.922
2026-07-21T19:36:14.777996,1610612738,overall,,2024-02-27,2023-24,ok,20,0.907
2026-07-21T19:36:16.438072,1610612738,home,,2024-02-27,2023-24,ok,20,0.941
2026-07-21T19:36:19.488046,1610612738,away,,2024-02-27,2023-24,ok,20,2.334
2026-07-21T19:36:21.250324,1610612739,overall,,2024-02-27,2023-24,ok,20,1.044
2026-07-21T19:36:22.987366,1610612739,home,,2024-02-27,2023-24,ok,20,1.021
2026-07-21T19:36:24.733224,1610612739,away,,2024-02-27,2023-24,ok,18,1.026
2026-07-21T19:36:28.325575,1610612740,overall,,2024-02-27,2023-24,ok,20,2.762
2026-07-21T19:36:30.132103,1610612740,home,,2024-02-27,2023-24,ok,20,1.085
2026-07-21T19:36:37.425815,1610612740,away,,2024-02-27,2023-24,ok,20,6.582
2026-07-21T19:36:39.070371,1610612741,overall,,2024-02-27,2023-24,ok,19,0.926
2026-07-21T19:36:41.017160,1610612741,home,,2024-02-27,2023-24,ok,19,1.216
2026-07-21T19:36:42.747152,1610612741,away,,2024-02-27,2023-24,ok,19,1.013
2026-07-21T19:36:44.497774,1610612742,overall,,2024-02-27,2023-24,ok,21,1.03
2026-07-21T19:36:46.340832,1610612742,home,,2024-02-27,2023-24,ok,21,1.131
2026-07-21T19:36:48.179405,1610612742,away,,2024-02-27,2023-24,ok,21,1.065
2026-07-21T19:36:49.770941,1610612743,overall,,2024-02-27,2023-24,ok,18,0.877
2026-07-21T19:36:51.561544,1610612743,home,,2024-02-27,2023-24,ok,18,1.073
2026-07-21T19:36:53.119435,1610612743,away,,2024-02-27,2023-24,ok,18,0.841
2026-07-21T19:36:55.144426,1610612744,overall,,2024-02-27,2023-24,ok,18,1.308
2026-07-21T19:36:56.884670,1610612744,home,,2024-02-27,2023-24,ok,18,1.027
2026-07-21T19:36:58.793461,1610612744,away,,2024-02-27,2023-24,ok,18,1.191
2026-07-21T19:37:00.526543,1610612745,overall,,2024-02-27,2023-24,ok,19,1.017
2026-07-21T19:37:03.542179,1610612745,home,,2024-02-27,2023-24,ok,19,2.303
2026-07-21T19:37:05.077543,1610612745,away,,2024-02-27,2023-24,ok,19,0.821
2026-07-21T19:37:06.887944,1610612746,overall,,2024-02-27,2023-24,ok,22,1.092
2026-07-21T19:37:08.486994,1610612746,home,,2024-02-27,2023-24,ok,22,0.882
2026-07-21T19:37:11.734307,1610612746,away,,2024-02-27,2023-24,ok,22,2.535
2026-07-21T19:37:13.473308,1610612747,overall,,2024-02-27,2023-24,ok,20,1.026
2026-07-21T19:37:15.210729,1610612747,home,,2024-02-27,2023-24,ok,20,1.022
2026-07-21T19:37:16.856400,1610612747,away,,2024-02-27,2023-24,ok,20,0.929
2026-07-21T19:37:18.595673,1610612748,overall,,2024-02-27,2023-24,ok,20,1.021
2026-07-21T19:37:20.233117,1610612748,home,,2024-02-27,2023-24,ok,19,0.918
2026-07-21T19:37:22.176350,1610612748,away,,2024-02-27,2023-24,ok,20,1.23
2026-07-21T19:37:23.751411,1610612749,overall,,2024-02-27,2023-24,ok,21,0.858
2026-07-21T19:37:25.511813,1610612749,home,,2024-02-27,2023-24,ok,21,1.043
2026-07-21T19:37:27.450847,1610612749,away,,2024-02-27,2023-24,ok,21,1.228
2026-07-21T19:37:29.141559,1610612750,overall,,2024-02-27,2023-24,ok,19,0.974
2026-07-21T19:37:30.779843,1610612750,home,,2024-02-27,2023-24,ok,19,0.923
2026-07-21T19:37:32.536757,1610612750,away,,2024-02-27,2023-24,ok,18,1.044
2026-07-21T19:37:34.365695,1610612751,overall,,2024-02-27,2023-24,ok,22,1.109
2026-07-21T19:37:35.898390,1610612751,home,,2024-02-27,2023-24,ok,21,0.823
2026-07-21T19:37:37.876183,1610612751,away,,2024-02-27,2023-24,ok,21,1.266
2026-07-21T19:37:39.605635,1610612752,overall,,2024-02-27,2023-24,ok,26,1.005
2026-07-21T19:37:41.428795,1610612752,home,,2024-02-27,2023-24,ok,26,1.109
2026-07-21T19:37:42.967213,1610612752,away,,2024-02-27,2023-24,ok,26,0.827
2026-07-21T19:37:44.706095,1610612753,overall,,2024-02-27,2023-24,ok,18,1.026
2026-07-21T19:37:46.448315,1610612753,home,,2024-02-27,2023-24,ok,18,1.03
2026-07-21T19:37:48.175324,1610612753,away,,2024-02-27,2023-24,ok,18,1.012
2026-07-21T19:37:50.793195,1610612754,overall,,2024-02-27,2023-24,ok,22,1.906
2026-07-21T19:37:52.455832,1610612754,home,,2024-02-27,2023-24,ok,22,0.945
2026-07-21T19:37:54.231272,1610612754,away,,2024-02-27,2023-24,ok,21,1.067
2026-07-21T19:37:55.977918,1610612755,overall,,2024-02-27,2023-24,ok,27,1.029
2026-07-21T19:37:58.128278,1610612755,home,,2024-02-27,2023-24,ok,27,1.442
2026-07-21T19:37:59.653465,1610612755,away,,2024-02-27,2023-24,ok,27,0.81
2026-07-21T19:38:01.509056,1610612756,overall,,2024-02-27,2023-24,ok,21,1.14
2026-07-21T19:38:03.441580,1610612756,home,,2024-02-27,2023-24,ok,21,1.168
2026-07-21T19:38:05.085250,1610612756,away,,2024-02-27,2023-24,ok,21,0.93
2026-07-21T19:38:06.725672,1610612757,overall,,2024-02-27,2023-24,ok,22,0.928
2026-07-21T19:38:08.299190,1610612757,home,,2024-02-27,2023-24,ok,22,0.856
2026-07-21T19:38:09.898412,1610612757,away,,2024-02-27,2023-24,ok,20,0.88
2026-07-21T19:38:11.534909,1610612758,overall,,2024-02-27,2023-24,ok,20,0.924
2026-07-21T19:38:13.373545,1610612758,home,,2024-02-27,2023-24,ok,20,1.121
2026-07-21T19:38:15.019559,1610612758,away,,2024-02-27,2023-24,ok,20,0.934
2026-07-21T19:38:16.702699,1610612759,overall,,2024-02-27,2023-24,ok,21,0.966
2026-07-21T19:38:18.339907,1610612759,home,,2024-02-27,2023-24,ok,20,0.92
2026-07-21T19:38:20.104927,1610612759,away,,2024-02-27,2023-24,ok,21,1.049
2026-07-21T19:38:22.086734,1610612760,overall,,2024-02-27,2023-24,ok,21,1.264
2026-07-21T19:38:24.029758,1610612760,home,,2024-02-27,2023-24,ok,21,1.23
2026-07-21T19:38:25.677879,1610612760,away,,2024-02-27,2023-24,ok,21,0.93
2026-07-21T19:38:27.306620,1610612761,overall,,2024-02-27,2023-24,ok,29,0.908
2026-07-21T19:38:28.841783,1610612761,home,,2024-02-27,2023-24,ok,29,0.816
2026-07-21T19:38:30.484155,1610612761,away,,2024-02-27,2023-24,ok,27,0.929
2026-07-21T19:38:32.230181,1610612762,overall,,2024-02-27,2023-24,ok,22,1.036
2026-07-21T19:38:33.796648,1610612762,home,,2024-02-27,2023-24,ok,21,0.849
2026-07-21T19:38:35.495482,1610612762,away,,2024-02-27,2023-24,ok,22,0.981
2026-07-21T19:38:37.210646,1610612763,overall,,2024-02-27,2023-24,ok,29,0.999
2026-07-21T19:38:38.875642,1610612763,home,,2024-02-27,2023-24,ok,29,0.954
2026-07-21T19:38:40.412803,1610612763,away,,2024-02-27,2023-24,ok,28,0.825
2026-07-21T19:38:42.050939,1610612764,overall,,2024-02-27,2023-24,ok,25,0.886
2026-07-21T19:38:43.690388,1610612764,home,,2024-02-27,2023-24,ok,25,0.922
2026-07-21T19:38:45.561727,1610612764,away,,2024-02-27,2023-24,ok,25,1.154
2026-07-21T19:38:47.168671,1610612765,overall,,2024-02-27,2023-24,ok,29,0.891
2026-07-21T19:38:48.811161,1610612765,home,,2024-02-27,2023-24,ok,28,0.922
2026-07-21T19:38:50.551696,1610612765,away,,2024-02-27,2023-24,ok,29,1.023
2026-07-21T19:38:52.212287,1610612766,overall,,2024-02-27,2023-24,ok,26,0.945
2026-07-21T19:38:53.826693,1610612766,home,,2024-02-27,2023-24,ok,25,0.898
2026-07-21T19:38:55.464968,1610612766,away,,2024-02-27,2023-24,ok,26,0.926
2026-07-21T19:38:59.542629,1610612737,overall,,2024-03-05,2023-24,ok,20,3.362
2026-07-21T19:39:01.275022,1610612737,home,,2024-03-05,2023-24,ok,19,1.015
2026-07-21T19:39:03.145956,1610612737,away,,2024-03-05,2023-24,ok,20,1.156
2026-07-21T19:39:05.091019,1610612738,overall,,2024-03-05,2023-24,ok,20,1.23
2026-07-21T19:39:06.628021,1610612738,home,,2024-03-05,2023-24,ok,20,0.817
2026-07-21T19:39:08.396448,1610612738,away,,2024-03-05,2023-24,ok,20,1.059
2026-07-21T19:39:09.989629,1610612739,overall,,2024-03-05,2023-24,ok,20,0.878
2026-07-21T19:39:11.851463,1610612739,home,,2024-03-05,2023-24,ok,20,1.141
2026-07-21T19:39:13.388793,1610612739,away,,2024-03-05,2023-24,ok,19,0.825
2026-07-21T19:39:15.126844,1610612740,overall,,2024-03-05,2023-24,ok,21,1.017
2026-07-21T19:39:16.865095,1610612740,home,,2024-03-05,2023-24,ok,20,1.024
2026-07-21T19:39:18.404112,1610612740,away,,2024-03-05,2023-24,ok,21,0.821
2026-07-21T19:39:20.034019,1610612741,overall,,2024-03-05,2023-24,ok,19,0.907
2026-07-21T19:39:21.719697,1610612741,home,,2024-03-05,2023-24,ok,19,0.965
2026-07-21T19:39:23.396051,1610612741,away,,2024-03-05,2023-24,ok,19,0.944
2026-07-21T19:39:25.209409,1610612742,overall,,2024-03-05,2023-24,ok,22,1.096
2026-07-21T19:39:26.904217,1610612742,home,,2024-03-05,2023-24,ok,22,0.978
2026-07-21T19:39:28.572164,1610612742,away,,2024-03-05,2023-24,ok,21,0.95
2026-07-21T19:39:30.202687,1610612743,overall,,2024-03-05,2023-24,ok,18,0.908
2026-07-21T19:39:31.813660,1610612743,home,,2024-03-05,2023-24,ok,18,0.898
2026-07-21T19:39:34.212150,1610612743,away,,2024-03-05,2023-24,ok,18,1.68
2026-07-21T19:39:35.813209,1610612744,overall,,2024-03-05,2023-24,ok,18,0.886
2026-07-21T19:39:37.451894,1610612744,home,,2024-03-05,2023-24,ok,18,0.918
2026-07-21T19:39:39.900160,1610612744,away,,2024-03-05,2023-24,ok,18,1.734
2026-07-21T19:39:41.656006,1610612745,overall,,2024-03-05,2023-24,ok,19,1.039
2026-07-21T19:39:43.281206,1610612745,home,,2024-03-05,2023-24,ok,19,0.91
2026-07-21T19:39:45.362239,1610612745,away,,2024-03-05,2023-24,ok,19,1.361
2026-07-21T19:39:47.053714,1610612746,overall,,2024-03-05,2023-24,ok,22,0.982
2026-07-21T19:39:48.816208,1610612746,home,,2024-03-05,2023-24,ok,22,1.047
2026-07-21T19:39:50.556080,1610612746,away,,2024-03-05,2023-24,ok,22,1.021
2026-07-21T19:39:52.401564,1610612747,overall,,2024-03-05,2023-24,ok,21,1.128
2026-07-21T19:39:53.983078,1610612747,home,,2024-03-05,2023-24,ok,21,0.86
2026-07-21T19:39:55.575371,1610612747,away,,2024-03-05,2023-24,ok,20,0.874
2026-07-21T19:39:57.141075,1610612748,overall,,2024-03-05,2023-24,ok,20,0.85
2026-07-21T19:39:58.749858,1610612748,home,,2024-03-05,2023-24,ok,20,0.892
2026-07-21T19:40:00.490102,1610612748,away,,2024-03-05,2023-24,ok,20,1.025
2026-07-21T19:40:02.331924,1610612749,overall,,2024-03-05,2023-24,ok,22,1.126
2026-07-21T19:40:04.182098,1610612749,home,,2024-03-05,2023-24,ok,22,1.131
2026-07-21T19:40:06.026595,1610612749,away,,2024-03-05,2023-24,ok,21,1.133
2026-07-21T19:40:07.658906,1610612750,overall,,2024-03-05,2023-24,ok,19,0.92
2026-07-21T19:40:09.706533,1610612750,home,,2024-03-05,2023-24,ok,19,1.338
2026-07-21T19:40:11.298357,1610612750,away,,2024-03-05,2023-24,ok,18,0.879
2026-07-21T19:40:13.117038,1610612751,overall,,2024-03-05,2023-24,ok,23,1.085
2026-07-21T19:40:14.734874,1610612751,home,,2024-03-05,2023-24,ok,23,0.906
2026-07-21T19:40:16.360964,1610612751,away,,2024-03-05,2023-24,ok,21,0.915
2026-07-21T19:40:18.421132,1610612752,overall,,2024-03-05,2023-24,ok,27,1.334
2026-07-21T19:40:20.156543,1610612752,home,,2024-03-05,2023-24,ok,27,0.994
2026-07-21T19:40:21.806917,1610612752,away,,2024-03-05,2023-24,ok,26,0.932
2026-07-21T19:40:23.734026,1610612753,overall,,2024-03-05,2023-24,ok,18,1.211
2026-07-21T19:40:25.327968,1610612753,home,,2024-03-05,2023-24,ok,18,0.877
2026-07-21T19:40:27.115443,1610612753,away,,2024-03-05,2023-24,ok,18,1.072
2026-07-21T19:40:28.855724,1610612754,overall,,2024-03-05,2023-24,ok,23,1.022
2026-07-21T19:40:30.495021,1610612754,home,,2024-03-05,2023-24,ok,22,0.924
2026-07-21T19:40:32.182408,1610612754,away,,2024-03-05,2023-24,ok,22,0.971
2026-07-21T19:40:34.182271,1610612755,overall,,2024-03-05,2023-24,ok,28,1.283
2026-07-21T19:40:35.922246,1610612755,home,,2024-03-05,2023-24,ok,27,1.029
2026-07-21T19:40:37.561015,1610612755,away,,2024-03-05,2023-24,ok,28,0.922
2026-07-21T19:40:39.201418,1610612756,overall,,2024-03-05,2023-24,ok,22,0.923
2026-07-21T19:40:40.838208,1610612756,home,,2024-03-05,2023-24,ok,21,0.92
2026-07-21T19:40:42.376325,1610612756,away,,2024-03-05,2023-24,ok,22,0.817
2026-07-21T19:40:43.986126,1610612757,overall,,2024-03-05,2023-24,ok,22,0.897
2026-07-21T19:40:45.564682,1610612757,home,,2024-03-05,2023-24,ok,22,0.859
2026-07-21T19:40:47.282810,1610612757,away,,2024-03-05,2023-24,ok,22,0.977
2026-07-21T19:40:48.856051,1610612758,overall,,2024-03-05,2023-24,ok,20,0.856
2026-07-21T19:40:50.398258,1610612758,home,,2024-03-05,2023-24,ok,20,0.828
2026-07-21T19:40:52.203726,1610612758,away,,2024-03-05,2023-24,ok,20,1.093
2026-07-21T19:40:53.951216,1610612759,overall,,2024-03-05,2023-24,ok,23,1.024
2026-07-21T19:40:55.542556,1610612759,home,,2024-03-05,2023-24,ok,23,0.866
2026-07-21T19:40:57.230653,1610612759,away,,2024-03-05,2023-24,ok,23,0.968
2026-07-21T19:40:58.865127,1610612760,overall,,2024-03-05,2023-24,ok,22,0.913
2026-07-21T19:41:00.806446,1610612760,home,,2024-03-05,2023-24,ok,21,1.223
2026-07-21T19:41:02.549965,1610612760,away,,2024-03-05,2023-24,ok,22,1.023
2026-07-21T19:41:04.700616,1610612761,overall,,2024-03-05,2023-24,ok,30,1.435
2026-07-21T19:41:06.328104,1610612761,home,,2024-03-05,2023-24,ok,30,0.909
2026-07-21T19:41:07.904628,1610612761,away,,2024-03-05,2023-24,ok,27,0.864
2026-07-21T19:41:09.819974,1610612762,overall,,2024-03-05,2023-24,ok,22,1.201
2026-07-21T19:41:13.604704,1610612762,home,,2024-03-05,2023-24,ok,21,3.064
2026-07-21T19:41:15.314454,1610612762,away,,2024-03-05,2023-24,ok,22,0.991
2026-07-21T19:41:20.573920,1610612763,overall,,2024-03-05,2023-24,ok,29,4.536
2026-07-21T19:41:22.418394,1610612763,home,,2024-03-05,2023-24,ok,29,1.124
2026-07-21T19:41:24.066162,1610612763,away,,2024-03-05,2023-24,ok,29,0.929
2026-07-21T19:41:25.789697,1610612764,overall,,2024-03-05,2023-24,ok,26,1.003
2026-07-21T19:41:27.540047,1610612764,home,,2024-03-05,2023-24,ok,25,1.029
2026-07-21T19:41:29.367902,1610612764,away,,2024-03-05,2023-24,ok,26,1.097
2026-07-21T19:41:31.275966,1610612765,overall,,2024-03-05,2023-24,ok,29,1.184
2026-07-21T19:41:33.165354,1610612765,home,,2024-03-05,2023-24,ok,28,1.17
2026-07-21T19:41:35.216388,1610612765,away,,2024-03-05,2023-24,ok,29,1.332
2026-07-21T19:41:37.027492,1610612766,overall,,2024-03-05,2023-24,ok,27,1.09
2026-07-21T19:41:38.802616,1610612766,home,,2024-03-05,2023-24,ok,27,1.056
2026-07-21T19:41:40.437910,1610612766,away,,2024-03-05,2023-24,ok,27,0.917
2026-07-21T19:41:42.073107,1610612737,overall,,2024-03-12,2023-24,ok,20,0.918
2026-07-21T19:41:43.607637,1610612737,home,,2024-03-12,2023-24,ok,20,0.818
2026-07-21T19:41:45.148035,1610612737,away,,2024-03-12,2023-24,ok,20,0.83
2026-07-21T19:41:46.891367,1610612738,overall,,2024-03-12,2023-24,ok,20,1.021
2026-07-21T19:41:48.542943,1610612738,home,,2024-03-12,2023-24,ok,20,0.936
2026-07-21T19:41:50.167934,1610612738,away,,2024-03-12,2023-24,ok,20,0.911
2026-07-21T19:41:51.807411,1610612739,overall,,2024-03-12,2023-24,ok,20,0.913
2026-07-21T19:41:54.060313,1610612739,home,,2024-03-12,2023-24,ok,20,1.534
2026-07-21T19:41:57.552873,1610612739,away,,2024-03-12,2023-24,ok,19,2.773
2026-07-21T19:41:59.193836,1610612740,overall,,2024-03-12,2023-24,ok,21,0.921
2026-07-21T19:42:00.925458,1610612740,home,,2024-03-12,2023-24,ok,20,1.018
2026-07-21T19:42:02.664421,1610612740,away,,2024-03-12,2023-24,ok,21,1.017
2026-07-21T19:42:04.339593,1610612741,overall,,2024-03-12,2023-24,ok,19,0.954
2026-07-21T19:42:05.983584,1610612741,home,,2024-03-12,2023-24,ok,19,0.922
2026-07-21T19:42:07.791541,1610612741,away,,2024-03-12,2023-24,ok,19,1.091
2026-07-21T19:42:09.637661,1610612742,overall,,2024-03-12,2023-24,ok,22,1.126
2026-07-21T19:42:11.409191,1610612742,home,,2024-03-12,2023-24,ok,22,0.989
2026-07-21T19:42:13.224364,1610612742,away,,2024-03-12,2023-24,ok,22,1.092
2026-07-21T19:42:14.856690,1610612743,overall,,2024-03-12,2023-24,ok,18,0.913
2026-07-21T19:42:16.705792,1610612743,home,,2024-03-12,2023-24,ok,18,1.132
2026-07-21T19:42:18.545044,1610612743,away,,2024-03-12,2023-24,ok,18,1.12
2026-07-21T19:42:20.187629,1610612744,overall,,2024-03-12,2023-24,ok,18,0.924
2026-07-21T19:42:21.924318,1610612744,home,,2024-03-12,2023-24,ok,18,1.022
2026-07-21T19:42:24.180357,1610612744,away,,2024-03-12,2023-24,ok,18,1.538
2026-07-21T19:42:25.830238,1610612745,overall,,2024-03-12,2023-24,ok,19,0.931
2026-07-21T19:42:27.546094,1610612745,home,,2024-03-12,2023-24,ok,19,0.999
2026-07-21T19:42:29.300708,1610612745,away,,2024-03-12,2023-24,ok,19,1.037
2026-07-21T19:42:31.038775,1610612746,overall,,2024-03-12,2023-24,ok,22,1.02
2026-07-21T19:42:32.571571,1610612746,home,,2024-03-12,2023-24,ok,22,0.821
2026-07-21T19:42:34.520815,1610612746,away,,2024-03-12,2023-24,ok,22,1.237
2026-07-21T19:42:36.296701,1610612747,overall,,2024-03-12,2023-24,ok,21,1.028
2026-07-21T19:42:37.862321,1610612747,home,,2024-03-12,2023-24,ok,21,0.851
2026-07-21T19:42:39.437656,1610612747,away,,2024-03-12,2023-24,ok,20,0.857
2026-07-21T19:42:41.076109,1610612748,overall,,2024-03-12,2023-24,ok,21,0.923
2026-07-21T19:42:42.712687,1610612748,home,,2024-03-12,2023-24,ok,21,0.925
2026-07-21T19:42:44.357005,1610612748,away,,2024-03-12,2023-24,ok,21,0.928
2026-07-21T19:42:46.041741,1610612749,overall,,2024-03-12,2023-24,ok,22,0.965
2026-07-21T19:42:47.839321,1610612749,home,,2024-03-12,2023-24,ok,22,1.078
2026-07-21T19:42:49.440298,1610612749,away,,2024-03-12,2023-24,ok,22,0.887
2026-07-21T19:42:51.217603,1610612750,overall,,2024-03-12,2023-24,ok,20,1.065
2026-07-21T19:42:52.959026,1610612750,home,,2024-03-12,2023-24,ok,19,1.021
2026-07-21T19:42:54.498485,1610612750,away,,2024-03-12,2023-24,ok,19,0.821
2026-07-21T19:42:56.055078,1610612751,overall,,2024-03-12,2023-24,ok,23,0.838
2026-07-21T19:42:57.547758,1610612751,home,,2024-03-12,2023-24,ok,23,0.766
2026-07-21T19:42:59.204479,1610612751,away,,2024-03-12,2023-24,ok,22,0.933
2026-07-21T19:43:00.744658,1610612752,overall,,2024-03-12,2023-24,ok,27,0.817
2026-07-21T19:43:02.379973,1610612752,home,,2024-03-12,2023-24,ok,27,0.915
2026-07-21T19:43:03.942491,1610612752,away,,2024-03-12,2023-24,ok,26,0.845
2026-07-21T19:43:05.511288,1610612753,overall,,2024-03-12,2023-24,ok,18,0.849
2026-07-21T19:43:07.235296,1610612753,home,,2024-03-12,2023-24,ok,18,1.008
2026-07-21T19:43:08.853010,1610612753,away,,2024-03-12,2023-24,ok,18,0.896
2026-07-21T19:43:10.443838,1610612754,overall,,2024-03-12,2023-24,ok,23,0.873
2026-07-21T19:43:12.106010,1610612754,home,,2024-03-12,2023-24,ok,23,0.943
2026-07-21T19:43:13.848712,1610612754,away,,2024-03-12,2023-24,ok,22,1.022
2026-07-21T19:43:15.488294,1610612755,overall,,2024-03-12,2023-24,ok,28,0.917
2026-07-21T19:43:17.125518,1610612755,home,,2024-03-12,2023-24,ok,28,0.918
2026-07-21T19:43:18.867863,1610612755,away,,2024-03-12,2023-24,ok,28,1.018
2026-07-21T19:43:20.351430,1610612756,overall,,2024-03-12,2023-24,ok,22,0.769
2026-07-21T19:43:21.935196,1610612756,home,,2024-03-12,2023-24,ok,22,0.832
2026-07-21T19:43:26.450690,1610612756,away,,2024-03-12,2023-24,ok,22,3.804
2026-07-21T19:43:28.404066,1610612757,overall,,2024-03-12,2023-24,ok,22,1.119
2026-07-21T19:43:30.048718,1610612757,home,,2024-03-12,2023-24,ok,22,0.93
2026-07-21T19:43:31.673189,1610612757,away,,2024-03-12,2023-24,ok,22,0.905
2026-07-21T19:43:33.371513,1610612758,overall,,2024-03-12,2023-24,ok,20,0.979
2026-07-21T19:43:35.246876,1610612758,home,,2024-03-12,2023-24,ok,20,1.165
2026-07-21T19:43:37.091488,1610612758,away,,2024-03-12,2023-24,ok,20,1.126
2026-07-21T19:43:38.940840,1610612759,overall,,2024-03-12,2023-24,ok,23,1.13
2026-07-21T19:43:40.580676,1610612759,home,,2024-03-12,2023-24,ok,23,0.921
2026-07-21T19:43:42.128842,1610612759,away,,2024-03-12,2023-24,ok,23,0.827
2026-07-21T19:43:43.952249,1610612760,overall,,2024-03-12,2023-24,ok,22,1.11
2026-07-21T19:43:45.547892,1610612760,home,,2024-03-12,2023-24,ok,22,0.878
2026-07-21T19:43:47.173653,1610612760,away,,2024-03-12,2023-24,ok,22,0.908
2026-07-21T19:43:48.868091,1610612761,overall,,2024-03-12,2023-24,ok,30,0.977
2026-07-21T19:43:50.507791,1610612761,home,,2024-03-12,2023-24,ok,30,0.921
2026-07-21T19:43:52.046281,1610612761,away,,2024-03-12,2023-24,ok,29,0.824
2026-07-21T19:43:53.889888,1610612762,overall,,2024-03-12,2023-24,ok,24,1.119
2026-07-21T19:43:55.633545,1610612762,home,,2024-03-12,2023-24,ok,23,1.016
2026-07-21T19:43:57.163239,1610612762,away,,2024-03-12,2023-24,ok,22,0.809
2026-07-21T19:43:59.141113,1610612763,overall,,2024-03-12,2023-24,ok,31,1.254
2026-07-21T19:44:00.856894,1610612763,home,,2024-03-12,2023-24,ok,31,0.994
2026-07-21T19:44:02.586637,1610612763,away,,2024-03-12,2023-24,ok,31,1.015
2026-07-21T19:44:04.230203,1610612764,overall,,2024-03-12,2023-24,ok,26,0.926
2026-07-21T19:44:05.871899,1610612764,home,,2024-03-12,2023-24,ok,26,0.922
2026-07-21T19:44:07.507540,1610612764,away,,2024-03-12,2023-24,ok,26,0.913
2026-07-21T19:44:09.250697,1610612765,overall,,2024-03-12,2023-24,ok,30,1.012
2026-07-21T19:44:10.888875,1610612765,home,,2024-03-12,2023-24,ok,29,0.912
2026-07-21T19:44:12.631550,1610612765,away,,2024-03-12,2023-24,ok,29,1.019
2026-07-21T19:44:14.202559,1610612766,overall,,2024-03-12,2023-24,ok,27,0.849
2026-07-21T19:44:16.058032,1610612766,home,,2024-03-12,2023-24,ok,27,1.133
2026-07-21T19:44:18.156451,1610612766,away,,2024-03-12,2023-24,ok,27,1.375
2026-07-21T19:44:19.857101,1610612737,overall,,2024-03-19,2023-24,ok,20,0.981
2026-07-21T19:44:21.586116,1610612737,home,,2024-03-19,2023-24,ok,20,1.011
2026-07-21T19:44:23.200310,1610612737,away,,2024-03-19,2023-24,ok,20,0.897
2026-07-21T19:44:24.913158,1610612738,overall,,2024-03-19,2023-24,ok,20,0.993
2026-07-21T19:44:26.550676,1610612738,home,,2024-03-19,2023-24,ok,20,0.923
2026-07-21T19:44:28.071041,1610612738,away,,2024-03-19,2023-24,ok,20,0.802
2026-07-21T19:44:29.762879,1610612739,overall,,2024-03-19,2023-24,ok,21,0.977
2026-07-21T19:44:31.417015,1610612739,home,,2024-03-19,2023-24,ok,20,0.936
2026-07-21T19:44:33.209540,1610612739,away,,2024-03-19,2023-24,ok,20,1.072
2026-07-21T19:44:35.154341,1610612740,overall,,2024-03-19,2023-24,ok,21,1.225
2026-07-21T19:44:36.793532,1610612740,home,,2024-03-19,2023-24,ok,20,0.925
2026-07-21T19:44:38.533918,1610612740,away,,2024-03-19,2023-24,ok,21,1.023
2026-07-21T19:44:40.173834,1610612741,overall,,2024-03-19,2023-24,ok,19,0.918
2026-07-21T19:44:41.709283,1610612741,home,,2024-03-19,2023-24,ok,19,0.817
2026-07-21T19:44:44.062899,1610612741,away,,2024-03-19,2023-24,ok,19,1.631
2026-07-21T19:44:45.802222,1610612742,overall,,2024-03-19,2023-24,ok,22,1.024
2026-07-21T19:44:47.531216,1610612742,home,,2024-03-19,2023-24,ok,22,1.009
2026-07-21T19:44:49.469937,1610612742,away,,2024-03-19,2023-24,ok,22,1.229
2026-07-21T19:44:51.233276,1610612743,overall,,2024-03-19,2023-24,ok,18,1.043
2026-07-21T19:44:52.885119,1610612743,home,,2024-03-19,2023-24,ok,18,0.93
2026-07-21T19:44:58.533063,1610612743,away,,2024-03-19,2023-24,ok,18,4.932
2026-07-21T19:45:00.241039,1610612744,overall,,2024-03-19,2023-24,ok,18,0.998
2026-07-21T19:45:01.980677,1610612744,home,,2024-03-19,2023-24,ok,18,1.025
2026-07-21T19:45:04.063177,1610612744,away,,2024-03-19,2023-24,ok,18,1.372
2026-07-21T19:45:05.878063,1610612745,overall,,2024-03-19,2023-24,ok,19,1.091
2026-07-21T19:45:07.715579,1610612745,home,,2024-03-19,2023-24,ok,19,1.121
2026-07-21T19:45:09.373388,1610612745,away,,2024-03-19,2023-24,ok,19,0.916
2026-07-21T19:45:11.103761,1610612746,overall,,2024-03-19,2023-24,ok,22,1.003
2026-07-21T19:45:12.735752,1610612746,home,,2024-03-19,2023-24,ok,22,0.914
2026-07-21T19:45:14.351898,1610612746,away,,2024-03-19,2023-24,ok,22,0.9
2026-07-21T19:45:17.636664,1610612747,overall,,2024-03-19,2023-24,ok,21,2.57
2026-07-21T19:45:19.188847,1610612747,home,,2024-03-19,2023-24,ok,21,0.842
2026-07-21T19:45:21.643299,1610612747,away,,2024-03-19,2023-24,ok,21,1.737
2026-07-21T19:45:24.003164,1610612748,overall,,2024-03-19,2023-24,ok,21,1.645
2026-07-21T19:45:25.845718,1610612748,home,,2024-03-19,2023-24,ok,21,1.128
2026-07-21T19:45:27.685406,1610612748,away,,2024-03-19,2023-24,ok,21,1.121
2026-07-21T19:45:30.145010,1610612749,overall,,2024-03-19,2023-24,ok,22,1.734
2026-07-21T19:45:32.091649,1610612749,home,,2024-03-19,2023-24,ok,22,1.224
2026-07-21T19:45:33.836035,1610612749,away,,2024-03-19,2023-24,ok,22,1.02
2026-07-21T19:45:35.932212,1610612750,overall,,2024-03-19,2023-24,ok,20,1.379
2026-07-21T19:45:37.619683,1610612750,home,,2024-03-19,2023-24,ok,20,0.968
2026-07-21T19:45:39.293477,1610612750,away,,2024-03-19,2023-24,ok,19,0.955
2026-07-21T19:45:41.522858,1610612751,overall,,2024-03-19,2023-24,ok,23,1.507
2026-07-21T19:45:47.041770,1610612751,home,,2024-03-19,2023-24,ok,23,4.801
2026-07-21T19:45:49.004044,1610612751,away,,2024-03-19,2023-24,ok,22,1.245
2026-07-21T19:45:51.343086,1610612752,overall,,2024-03-19,2023-24,ok,28,1.616
2026-07-21T19:45:53.431833,1610612752,home,,2024-03-19,2023-24,ok,27,1.373
2026-07-21T19:45:57.795621,1610612752,away,,2024-03-19,2023-24,ok,28,3.641
2026-07-21T19:46:00.052784,1610612753,overall,,2024-03-19,2023-24,ok,18,1.538
2026-07-21T19:46:02.198717,1610612753,home,,2024-03-19,2023-24,ok,18,1.431
2026-07-21T19:46:03.955271,1610612753,away,,2024-03-19,2023-24,ok,18,1.038
2026-07-21T19:46:06.293589,1610612754,overall,,2024-03-19,2023-24,ok,23,1.617
2026-07-21T19:46:08.316569,1610612754,home,,2024-03-19,2023-24,ok,23,1.304
2026-07-21T19:46:10.082838,1610612754,away,,2024-03-19,2023-24,ok,22,1.045
2026-07-21T19:46:13.641248,1610612755,overall,,2024-03-19,2023-24,ok,29,2.836
2026-07-21T19:46:16.816794,1610612755,home,,2024-03-19,2023-24,ok,29,2.422
2026-07-21T19:46:18.637358,1610612755,away,,2024-03-19,2023-24,ok,28,1.099
2026-07-21T19:46:21.086324,1610612756,overall,,2024-03-19,2023-24,ok,22,1.729
2026-07-21T19:46:22.928077,1610612756,home,,2024-03-19,2023-24,ok,22,1.124
2026-07-21T19:46:24.816833,1610612756,away,,2024-03-19,2023-24,ok,22,1.166
2026-07-21T19:46:27.266086,1610612757,overall,,2024-03-19,2023-24,ok,22,1.711
2026-07-21T19:46:29.236990,1610612757,home,,2024-03-19,2023-24,ok,22,1.158
2026-07-21T19:46:31.120730,1610612757,away,,2024-03-19,2023-24,ok,22,1.163
2026-07-21T19:46:33.633419,1610612758,overall,,2024-03-19,2023-24,ok,20,1.793
2026-07-21T20:16:31.720208,1610612758,home,,2024-03-19,2023-24,ok,20,1.938
2026-07-21T20:16:33.569966,1610612758,away,,2024-03-19,2023-24,ok,20,1.124
2026-07-21T20:16:35.837452,1610612759,overall,,2024-03-19,2023-24,ok,23,1.532
2026-07-21T20:16:37.741130,1610612759,home,,2024-03-19,2023-24,ok,23,1.187
2026-07-21T20:16:39.681914,1610612759,away,,2024-03-19,2023-24,ok,23,1.086
2026-07-21T20:16:42.033267,1610612760,overall,,2024-03-19,2023-24,ok,22,1.53
2026-07-21T20:16:44.842774,1610612760,home,,2024-03-19,2023-24,ok,22,2.025
2026-07-21T20:16:47.435121,1610612760,away,,2024-03-19,2023-24,ok,22,1.758
2026-07-21T20:16:49.780163,1610612761,overall,,2024-03-19,2023-24,ok,30,1.56
2026-07-21T20:16:52.355600,1610612761,home,,2024-03-19,2023-24,ok,30,1.856
2026-07-21T20:16:59.292678,1610612761,away,,2024-03-19,2023-24,ok,29,6.214
2026-07-21T20:17:01.410991,1610612762,overall,,2024-03-19,2023-24,ok,24,1.365
2026-07-21T20:17:03.502125,1610612762,home,,2024-03-19,2023-24,ok,23,1.189
2026-07-21T20:17:05.259894,1610612762,away,,2024-03-19,2023-24,ok,22,1.039
2026-07-21T20:17:07.545517,1610612763,overall,,2024-03-19,2023-24,ok,31,1.563
2026-07-21T20:17:09.519265,1610612763,home,,2024-03-19,2023-24,ok,31,1.254
2026-07-21T20:17:11.767284,1610612763,away,,2024-03-19,2023-24,ok,31,1.532
2026-07-21T20:17:14.632977,1610612764,overall,,2024-03-19,2023-24,ok,27,2.153
2026-07-21T20:17:17.999245,1610612764,home,,2024-03-19,2023-24,ok,27,2.655
2026-07-21T20:17:19.861074,1610612764,away,,2024-03-19,2023-24,ok,27,1.144
2026-07-21T20:17:22.316339,1610612765,overall,,2024-03-19,2023-24,ok,30,1.74
2026-07-21T20:17:24.172785,1610612765,home,,2024-03-19,2023-24,ok,29,1.144
2026-07-21T20:17:25.999302,1610612765,away,,2024-03-19,2023-24,ok,30,1.106
2026-07-21T20:17:28.410464,1610612766,overall,,2024-03-19,2023-24,ok,27,1.696
2026-07-21T20:17:30.246151,1610612766,home,,2024-03-19,2023-24,ok,27,1.113
2026-07-21T20:17:31.944973,1610612766,away,,2024-03-19,2023-24,ok,27,0.978
2026-07-21T20:17:34.502475,1610612737,overall,,2024-03-26,2023-24,ok,20,1.839
2026-07-21T20:17:36.442612,1610612737,home,,2024-03-26,2023-24,ok,20,1.223
2026-07-21T20:17:38.276273,1610612737,away,,2024-03-26,2023-24,ok,20,1.117
2026-07-21T20:17:40.301936,1610612738,overall,,2024-03-26,2023-24,ok,20,1.306
2026-07-21T20:17:44.261437,1610612738,home,,2024-03-26,2023-24,ok,20,3.248
2026-07-21T20:17:46.276761,1610612738,away,,2024-03-26,2023-24,ok,20,1.299
2026-07-21T20:17:48.599447,1610612739,overall,,2024-03-26,2023-24,ok,21,1.61
2026-07-21T20:17:50.397478,1610612739,home,,2024-03-26,2023-24,ok,21,1.088
2026-07-21T20:17:52.034969,1610612739,away,,2024-03-26,2023-24,ok,20,0.921
2026-07-21T20:17:54.592024,1610612740,overall,,2024-03-26,2023-24,ok,21,1.817
2026-07-21T20:33:38.797006,1610612740,home,,2024-03-26,2023-24,ok,20,1.963
2026-07-21T20:33:40.893344,1610612740,away,,2024-03-26,2023-24,ok,21,1.381
2026-07-21T20:33:43.121062,1610612741,overall,,2024-03-26,2023-24,ok,20,1.509
2026-07-21T20:33:45.005117,1610612741,home,,2024-03-26,2023-24,ok,20,1.164
2026-07-21T20:33:51.407407,1610612741,away,,2024-03-26,2023-24,ok,19,5.682
2026-07-21T20:33:53.684993,1610612742,overall,,2024-03-26,2023-24,ok,22,1.539
2026-07-21T20:33:55.507725,1610612742,home,,2024-03-26,2023-24,ok,22,1.102
2026-07-21T20:33:57.188108,1610612742,away,,2024-03-26,2023-24,ok,22,0.952
2026-07-21T20:49:33.127220,1610612743,overall,,2024-03-26,2023-24,ok,18,935.133
2026-07-21T20:49:37.165510,1610612743,home,,2024-03-26,2023-24,ok,18,1.575
2026-07-21T20:49:37.340080,1610612743,away,,2024-03-26,2023-24,ok,18,1.259
2026-07-21T20:49:39.870788,1610612744,overall,,2024-03-26,2023-24,ok,18,1.8
2026-07-21T20:49:41.828584,1610612744,home,,2024-03-26,2023-24,ok,18,1.228
2026-07-21T20:49:45.167443,1610612744,away,,2024-03-26,2023-24,ok,18,2.092
2026-07-21T20:49:50.731570,1610612745,overall,,2024-03-26,2023-24,ok,19,4.322
2026-07-21T20:49:53.115591,1610612745,home,,2024-03-26,2023-24,ok,19,1.181
2026-07-21T20:49:55.342661,1610612745,away,,2024-03-26,2023-24,ok,19,1.045
2026-07-21T20:49:57.725096,1610612746,overall,,2024-03-26,2023-24,ok,22,1.644
2026-07-21T20:50:03.598562,1610612746,home,,2024-03-26,2023-24,ok,22,5.15
2026-07-21T20:50:07.670510,1610612746,away,,2024-03-26,2023-24,ok,22,3.352
2026-07-21T20:50:09.979602,1610612747,overall,,2024-03-26,2023-24,ok,21,1.583
2026-07-21T20:50:12.067162,1610612747,home,,2024-03-26,2023-24,ok,21,1.373
2026-07-21T20:50:13.706400,1610612747,away,,2024-03-26,2023-24,ok,21,0.924
2026-07-21T20:50:15.935889,1610612748,overall,,2024-03-26,2023-24,ok,21,1.503
2026-07-21T20:50:17.847754,1610612748,home,,2024-03-26,2023-24,ok,21,1.197
2026-07-21T20:50:19.850839,1610612748,away,,2024-03-26,2023-24,ok,21,1.278
2026-07-21T21:07:05.588698,1610612749,overall,,2024-03-26,2023-24,ok,22,2.121
2026-07-21T21:07:07.560244,1610612749,home,,2024-03-26,2023-24,ok,22,1.253
2026-07-21T21:07:09.470579,1610612749,away,,2024-03-26,2023-24,ok,22,1.186
2026-07-21T21:07:11.523513,1610612750,overall,,2024-03-26,2023-24,ok,20,1.323
2026-07-21T21:07:13.546072,1610612750,home,,2024-03-26,2023-24,ok,20,1.227
2026-07-21T21:07:15.936132,1610612750,away,,2024-03-26,2023-24,ok,19,1.364
2026-07-21T21:07:18.571774,1610612751,overall,,2024-03-26,2023-24,ok,23,1.785
2026-07-21T21:07:20.689866,1610612751,home,,2024-03-26,2023-24,ok,23,1.286
2026-07-21T21:07:22.813941,1610612751,away,,2024-03-26,2023-24,ok,22,1.33
2026-07-21T21:07:25.404958,1610612752,overall,,2024-03-26,2023-24,ok,28,1.781
2026-07-21T21:07:32.744504,1610612752,home,,2024-03-26,2023-24,ok,28,6.617
2026-07-21T21:07:34.756058,1610612752,away,,2024-03-26,2023-24,ok,28,1.291
2026-07-21T21:07:37.047544,1610612753,overall,,2024-03-26,2023-24,ok,18,1.567
2026-07-21T21:07:38.948020,1610612753,home,,2024-03-26,2023-24,ok,18,1.184
2026-07-21T21:07:42.914171,1610612753,away,,2024-03-26,2023-24,ok,18,3.249
2026-07-21T21:07:45.406436,1610612754,overall,,2024-03-26,2023-24,ok,23,1.769
2026-07-21T21:07:47.450669,1610612754,home,,2024-03-26,2023-24,ok,23,1.322
2026-07-21T21:07:49.396255,1610612754,away,,2024-03-26,2023-24,ok,22,1.219
2026-07-21T21:12:40.313205,1610612755,overall,,2024-03-26,2023-24,ok,30,1.151
2026-07-21T21:12:42.579315,1610612755,home,,2024-03-26,2023-24,ok,29,1.551
2026-07-21T21:12:44.370563,1610612755,away,,2024-03-26,2023-24,ok,30,1.072
2026-07-21T21:12:46.620411,1610612756,overall,,2024-03-26,2023-24,ok,23,1.525
2026-07-21T21:12:48.570751,1610612756,home,,2024-03-26,2023-24,ok,23,1.229
2026-07-21T21:12:50.576649,1610612756,away,,2024-03-26,2023-24,ok,23,1.277
2026-07-21T21:12:53.065262,1610612757,overall,,2024-03-26,2023-24,ok,22,1.761
2026-07-21T21:12:55.022365,1610612757,home,,2024-03-26,2023-24,ok,22,1.232
2026-07-21T21:12:56.778457,1610612757,away,,2024-03-26,2023-24,ok,22,1.035
2026-07-21T21:14:16.286384,1610612758,overall,,2024-03-26,2023-24,ok,20,1.995
2026-07-21T21:14:18.546758,1610612758,home,,2024-03-26,2023-24,ok,20,1.529
2026-07-21T21:14:20.330597,1610612758,away,,2024-03-26,2023-24,ok,20,1.062
2026-07-21T21:14:22.650462,1610612759,overall,,2024-03-26,2023-24,ok,23,1.575
2026-07-21T21:14:24.678768,1610612759,home,,2024-03-26,2023-24,ok,23,1.31
2026-07-21T21:14:26.451213,1610612759,away,,2024-03-26,2023-24,ok,23,1.052
2026-07-21T21:14:28.898739,1610612760,overall,,2024-03-26,2023-24,ok,22,1.706
2026-07-21T21:14:30.824771,1610612760,home,,2024-03-26,2023-24,ok,22,1.209
2026-07-21T21:14:32.667854,1610612760,away,,2024-03-26,2023-24,ok,22,1.117
2026-07-21T21:17:26.087709,1610612761,overall,,2024-03-26,2023-24,ok,31,1.958
2026-07-21T21:17:29.111301,1610612761,home,,2024-03-26,2023-24,ok,31,2.288
2026-07-21T21:17:32.224746,1610612761,away,,2024-03-26,2023-24,ok,29,2.388
2026-07-21T21:17:35.235180,1610612762,overall,,2024-03-26,2023-24,ok,24,2.265
2026-07-21T21:17:37.291815,1610612762,home,,2024-03-26,2023-24,ok,23,1.224
2026-07-21T21:17:38.991841,1610612762,away,,2024-03-26,2023-24,ok,24,0.979
2026-07-21T21:17:41.478892,1610612763,overall,,2024-03-26,2023-24,ok,32,1.664
2026-07-21T21:17:43.389400,1610612763,home,,2024-03-26,2023-24,ok,31,1.192
2026-07-21T21:17:45.465889,1610612763,away,,2024-03-26,2023-24,ok,32,1.312
2026-07-21T21:35:14.250302,1610612764,overall,,2024-03-26,2023-24,ok,27,2.069
2026-07-21T21:35:16.600478,1610612764,home,,2024-03-26,2023-24,ok,27,1.63
2026-07-21T21:35:18.348507,1610612764,away,,2024-03-26,2023-24,ok,27,1.026
2026-07-21T21:35:20.800032,1610612765,overall,,2024-03-26,2023-24,ok,31,1.704
2026-07-21T21:35:22.669749,1610612765,home,,2024-03-26,2023-24,ok,30,1.151
2026-07-21T21:35:24.472120,1610612765,away,,2024-03-26,2023-24,ok,31,1.079
2026-07-21T21:35:26.615142,1610612766,overall,,2024-03-26,2023-24,ok,27,1.406
2026-07-21T21:35:28.732956,1610612766,home,,2024-03-26,2023-24,ok,27,1.397
2026-07-21T21:35:30.416336,1610612766,away,,2024-03-26,2023-24,ok,27,0.961
2026-07-21T21:51:41.495000,1610612737,overall,,2024-04-02,2023-24,ok,20,3.344
2026-07-21T21:51:43.993946,1610612737,home,,2024-04-02,2023-24,ok,20,1.778
2026-07-21T21:51:45.848468,1610612737,away,,2024-04-02,2023-24,ok,20,1.133
2026-07-21T21:51:48.178306,1610612738,overall,,2024-04-02,2023-24,ok,20,1.6
2026-07-21T21:51:50.457724,1610612738,home,,2024-04-02,2023-24,ok,20,1.558
2026-07-21T21:51:52.516781,1610612738,away,,2024-04-02,2023-24,ok,20,1.332
2026-07-21T21:51:54.776497,1610612739,overall,,2024-04-02,2023-24,ok,21,1.516
2026-07-21T21:51:58.533644,1610612739,home,,2024-04-02,2023-24,ok,21,3.027
2026-07-21T22:02:04.211413,1610612739,away,,2024-04-02,2023-24,ok,20,4.138
2026-07-21T22:02:06.664698,1610612740,overall,,2024-04-02,2023-24,ok,21,1.709
2026-07-21T22:02:08.654544,1610612740,home,,2024-04-02,2023-24,ok,20,1.276
2026-07-21T22:02:10.632741,1610612740,away,,2024-04-02,2023-24,ok,21,1.258
2026-07-21T22:02:13.480232,1610612741,overall,,2024-04-02,2023-24,ok,20,1.856
2026-07-21T22:02:15.549695,1610612741,home,,2024-04-02,2023-24,ok,20,1.344
2026-07-21T22:02:17.427048,1610612741,away,,2024-04-02,2023-24,ok,20,1.152
2026-07-21T22:02:19.749044,1610612742,overall,,2024-04-02,2023-24,ok,22,1.6
2026-07-21T22:02:21.805377,1610612742,home,,2024-04-02,2023-24,ok,22,1.329
2026-07-21T22:02:49.052605,1610612742,away,,2024-04-02,2023-24,ok,22,2.011
2026-07-21T22:02:51.593929,1610612743,overall,,2024-04-02,2023-24,ok,18,1.577
2026-07-21T22:02:53.398794,1610612743,home,,2024-04-02,2023-24,ok,18,1.08
2026-07-21T22:02:55.087051,1610612743,away,,2024-04-02,2023-24,ok,18,0.967
2026-07-21T22:02:57.443149,1610612744,overall,,2024-04-02,2023-24,ok,18,1.629
2026-07-21T22:02:59.726594,1610612744,home,,2024-04-02,2023-24,ok,18,1.401
2026-07-21T22:03:01.813446,1610612744,away,,2024-04-02,2023-24,ok,18,1.242
2026-07-21T22:03:04.359932,1610612745,overall,,2024-04-02,2023-24,ok,19,1.716
2026-07-21T22:03:07.025499,1610612745,home,,2024-04-02,2023-24,ok,19,1.878
2026-07-21T22:03:08.924899,1610612745,away,,2024-04-02,2023-24,ok,19,1.151
2026-07-21T22:03:11.422781,1610612746,overall,,2024-04-02,2023-24,ok,22,1.715
2026-07-21T22:03:18.087700,1610612746,home,,2024-04-02,2023-24,ok,22,5.936
2026-07-21T22:03:20.100508,1610612746,away,,2024-04-02,2023-24,ok,22,1.297
2026-07-21T22:03:22.545203,1610612747,overall,,2024-04-02,2023-24,ok,21,1.718
2026-07-21T22:03:24.484374,1610612747,home,,2024-04-02,2023-24,ok,21,1.223
2026-07-21T22:03:26.257560,1610612747,away,,2024-04-02,2023-24,ok,21,1.038
2026-07-21T22:03:28.590915,1610612748,overall,,2024-04-02,2023-24,ok,21,1.594
2026-07-21T22:03:30.643764,1610612748,home,,2024-04-02,2023-24,ok,21,1.339
2026-07-21T22:03:32.420850,1610612748,away,,2024-04-02,2023-24,ok,21,1.057
2026-07-21T22:03:34.544553,1610612749,overall,,2024-04-02,2023-24,ok,22,1.378
2026-07-21T22:03:36.484823,1610612749,home,,2024-04-02,2023-24,ok,22,1.224
2026-07-21T22:32:21.229641,1610612749,away,,2024-04-02,2023-24,ok,22,2.145
2026-07-21T22:32:23.604304,1610612750,overall,,2024-04-02,2023-24,ok,20,1.606
2026-07-21T22:32:25.286326,1610612750,home,,2024-04-02,2023-24,ok,20,0.964
2026-07-21T22:32:27.383852,1610612750,away,,2024-04-02,2023-24,ok,19,1.38
2026-07-21T22:32:29.703528,1610612751,overall,,2024-04-02,2023-24,ok,23,1.48
2026-07-21T22:32:31.863762,1610612751,home,,2024-04-02,2023-24,ok,23,1.339
2026-07-21T22:32:34.056604,1610612751,away,,2024-04-02,2023-24,ok,22,1.318
2026-07-21T22:32:36.699581,1610612752,overall,,2024-04-02,2023-24,ok,28,1.774
2026-07-21T22:32:39.033697,1610612752,home,,2024-04-02,2023-24,ok,28,1.563
2026-07-21T22:32:41.431925,1610612752,away,,2024-04-02,2023-24,ok,28,1.615
2026-07-21T22:32:48.519717,1610612753,overall,,2024-04-02,2023-24,ok,18,6.09
2026-07-21T22:32:50.515861,1610612753,home,,2024-04-02,2023-24,ok,18,1.275
2026-07-21T22:32:54.551828,1610612753,away,,2024-04-02,2023-24,ok,18,3.318
2026-07-21T22:32:57.301480,1610612754,overall,,2024-04-02,2023-24,ok,23,1.998
2026-07-21T22:33:00.297774,1610612754,home,,2024-04-02,2023-24,ok,23,2.277
2026-07-21T22:33:02.157089,1610612754,away,,2024-04-02,2023-24,ok,22,1.144
2026-07-21T22:33:04.476209,1610612755,overall,,2024-04-02,2023-24,ok,30,1.569
2026-07-21T22:33:06.510598,1610612755,home,,2024-04-02,2023-24,ok,30,1.29
2026-07-21T22:48:48.807220,1610612755,away,,2024-04-02,2023-24,ok,30,2.19
2026-07-21T22:48:51.172995,1610612756,overall,,2024-04-02,2023-24,ok,23,1.621
2026-07-21T22:48:53.099867,1610612756,home,,2024-04-02,2023-24,ok,23,1.205
2026-07-21T22:48:54.849028,1610612756,away,,2024-04-02,2023-24,ok,23,1.026
2026-07-21T22:48:57.037219,1610612757,overall,,2024-04-02,2023-24,ok,22,1.469
2026-07-21T22:48:59.064473,1610612757,home,,2024-04-02,2023-24,ok,22,1.277
2026-07-21T22:49:00.794012,1610612757,away,,2024-04-02,2023-24,ok,22,0.992
2026-07-21T22:49:03.142315,1610612758,overall,,2024-04-02,2023-24,ok,20,1.622
2026-07-21T22:49:05.085298,1610612758,home,,2024-04-02,2023-24,ok,20,1.215
2026-07-22T00:17:17.193099,1610612758,away,,2024-04-02,2023-24,ok,20,2.242
2026-07-22T00:17:19.813704,1610612759,overall,,2024-04-02,2023-24,ok,23,1.888
2026-07-22T00:17:21.654608,1610612759,home,,2024-04-02,2023-24,ok,23,1.126
2026-07-22T00:17:23.490767,1610612759,away,,2024-04-02,2023-24,ok,23,1.115
2026-07-22T00:17:25.873790,1610612760,overall,,2024-04-02,2023-24,ok,22,1.642
2026-07-22T00:17:27.927217,1610612760,home,,2024-04-02,2023-24,ok,22,1.303
2026-07-22T00:17:29.648091,1610612760,away,,2024-04-02,2023-24,ok,22,1.0
2026-07-22T02:17:57.360638,1610612761,overall,,2024-04-02,2023-24,ok,31,1.478
2026-07-22T02:18:05.358308,1610612761,home,,2024-04-02,2023-24,ok,31,7.265
2026-07-22T02:18:07.336288,1610612761,away,,2024-04-02,2023-24,ok,29,1.256
2026-07-22T02:18:09.681661,1610612762,overall,,2024-04-02,2023-24,ok,24,1.615
2026-07-22T02:18:11.765944,1610612762,home,,2024-04-02,2023-24,ok,23,1.331
2026-07-22T02:18:13.534858,1610612762,away,,2024-04-02,2023-24,ok,24,1.041
2026-07-22T02:18:15.939191,1610612763,overall,,2024-04-02,2023-24,ok,33,1.677
2026-07-22T02:18:17.928209,1610612763,home,,2024-04-02,2023-24,ok,32,1.248
2026-07-22T02:18:19.972753,1610612763,away,,2024-04-02,2023-24,ok,33,1.318
2026-07-22T02:18:22.306709,1610612764,overall,,2024-04-02,2023-24,ok,27,1.583
2026-07-22T02:18:24.556595,1610612764,home,,2024-04-02,2023-24,ok,27,1.526
2026-07-22T03:53:36.605037,1610612764,away,,2024-04-02,2023-24,ok,27,1.072
2026-07-22T03:53:39.429890,1610612765,overall,,2024-04-02,2023-24,ok,31,2.089
2026-07-22T03:53:42.211168,1610612765,home,,2024-04-02,2023-24,ok,30,2.064
2026-07-22T03:53:45.642258,1610612765,away,,2024-04-02,2023-24,ok,31,2.675
2026-07-22T03:53:48.321599,1610612766,overall,,2024-04-02,2023-24,ok,27,1.938
2026-07-22T03:53:50.969338,1610612766,home,,2024-04-02,2023-24,ok,27,1.928
2026-07-22T03:53:56.707937,1610612766,away,,2024-04-02,2023-24,ok,27,5.018
2026-07-22T03:53:59.465051,1610612737,overall,,2024-04-09,2023-24,ok,20,2.028
2026-07-22T03:54:02.002926,1610612737,home,,2024-04-09,2023-24,ok,20,1.798
2026-07-22T03:54:04.343864,1610612737,away,,2024-04-09,2023-24,ok,20,1.622
2026-07-22T03:54:06.973300,1610612738,overall,,2024-04-09,2023-24,ok,20,1.898
2026-07-22T03:54:09.232161,1610612738,home,,2024-04-09,2023-24,ok,20,1.539
2026-07-22T03:54:11.379044,1610612738,away,,2024-04-09,2023-24,ok,20,1.429
2026-07-22T03:54:13.865269,1610612739,overall,,2024-04-09,2023-24,ok,21,1.76
2026-07-22T03:54:16.928923,1610612739,home,,2024-04-09,2023-24,ok,21,2.342
2026-07-22T03:54:19.604273,1610612739,away,,2024-04-09,2023-24,ok,20,1.948
2026-07-22T03:54:22.719982,1610612740,overall,,2024-04-09,2023-24,ok,21,2.309
2026-07-22T03:54:25.020662,1610612740,home,,2024-04-09,2023-24,ok,20,1.582
2026-07-22T03:54:28.257730,1610612740,away,,2024-04-09,2023-24,ok,21,2.52
2026-07-22T03:54:31.444623,1610612741,overall,,2024-04-09,2023-24,ok,20,2.46
2026-07-22T03:54:34.223425,1610612741,home,,2024-04-09,2023-24,ok,20,2.063
2026-07-22T03:54:36.366080,1610612741,away,,2024-04-09,2023-24,ok,20,1.418
2026-07-22T03:54:38.943905,1610612742,overall,,2024-04-09,2023-24,ok,22,1.853
2026-07-22T03:54:41.311462,1610612742,home,,2024-04-09,2023-24,ok,22,1.648
2026-07-22T03:54:43.443685,1610612742,away,,2024-04-09,2023-24,ok,22,1.414
2026-07-22T03:54:45.732695,1610612743,overall,,2024-04-09,2023-24,ok,18,1.564
2026-07-22T03:54:48.064914,1610612743,home,,2024-04-09,2023-24,ok,18,1.616
2026-07-22T03:54:50.196699,1610612743,away,,2024-04-09,2023-24,ok,18,1.41
2026-07-22T03:54:52.728618,1610612744,overall,,2024-04-09,2023-24,ok,18,1.802
2026-07-22T03:54:54.996974,1610612744,home,,2024-04-09,2023-24,ok,18,1.549
2026-07-22T03:54:57.110657,1610612744,away,,2024-04-09,2023-24,ok,18,1.384
2026-07-22T03:54:59.686107,1610612745,overall,,2024-04-09,2023-24,ok,19,1.843
2026-07-22T03:55:01.872743,1610612745,home,,2024-04-09,2023-24,ok,19,1.468
2026-07-22T03:55:04.049605,1610612745,away,,2024-04-09,2023-24,ok,19,1.433
2026-07-22T03:55:06.768909,1610612746,overall,,2024-04-09,2023-24,ok,22,1.994
2026-07-22T03:55:09.069782,1610612746,home,,2024-04-09,2023-24,ok,22,1.585
2026-07-22T03:55:11.573690,1610612746,away,,2024-04-09,2023-24,ok,22,1.777
2026-07-22T03:55:14.370210,1610612747,overall,,2024-04-09,2023-24,ok,21,2.058
2026-07-22T03:55:16.604168,1610612747,home,,2024-04-09,2023-24,ok,21,1.502
2026-07-22T03:55:18.782389,1610612747,away,,2024-04-09,2023-24,ok,21,1.458
2026-07-22T03:55:21.287919,1610612748,overall,,2024-04-09,2023-24,ok,21,1.784
2026-07-22T03:55:23.521620,1610612748,home,,2024-04-09,2023-24,ok,21,1.51
2026-07-22T03:55:25.739402,1610612748,away,,2024-04-09,2023-24,ok,21,1.488
2026-07-22T03:55:28.293061,1610612749,overall,,2024-04-09,2023-24,ok,22,1.833
2026-07-22T03:55:30.439930,1610612749,home,,2024-04-09,2023-24,ok,22,1.429
2026-07-22T03:55:32.395188,1610612749,away,,2024-04-09,2023-24,ok,22,1.23
2026-07-22T03:55:34.954275,1610612750,overall,,2024-04-09,2023-24,ok,20,1.839
2026-07-22T03:55:37.171673,1610612750,home,,2024-04-09,2023-24,ok,20,1.504
2026-07-22T03:55:39.296601,1610612750,away,,2024-04-09,2023-24,ok,19,1.274
2026-07-22T03:55:42.426697,1610612751,overall,,2024-04-09,2023-24,ok,23,2.402
2026-07-22T03:55:46.192204,1610612751,home,,2024-04-09,2023-24,ok,23,3.045
2026-07-22T03:55:48.616652,1610612751,away,,2024-04-09,2023-24,ok,22,1.693
2026-07-22T03:55:52.633609,1610612752,overall,,2024-04-09,2023-24,ok,28,3.286
2026-07-22T03:55:54.931501,1610612752,home,,2024-04-09,2023-24,ok,28,1.56
2026-07-22T03:55:57.233456,1610612752,away,,2024-04-09,2023-24,ok,28,1.584
2026-07-22T03:55:59.935134,1610612753,overall,,2024-04-09,2023-24,ok,18,1.983
2026-07-22T03:56:02.272614,1610612753,home,,2024-04-09,2023-24,ok,18,1.613
2026-07-22T03:56:04.445540,1610612753,away,,2024-04-09,2023-24,ok,18,1.455
2026-07-22T03:56:07.453172,1610612754,overall,,2024-04-09,2023-24,ok,23,1.84
2026-07-22T03:56:10.078062,1610612754,home,,2024-04-09,2023-24,ok,23,1.891
2026-07-22T03:56:12.113094,1610612754,away,,2024-04-09,2023-24,ok,22,1.32
2026-07-22T03:56:14.883336,1610612755,overall,,2024-04-09,2023-24,ok,30,2.045
2026-07-22T03:56:17.183670,1610612755,home,,2024-04-09,2023-24,ok,30,1.581
2026-07-22T03:56:19.890964,1610612755,away,,2024-04-09,2023-24,ok,30,1.99
2026-07-22T03:56:22.391076,1610612756,overall,,2024-04-09,2023-24,ok,23,1.751
2026-07-22T03:56:26.716793,1610612756,home,,2024-04-09,2023-24,ok,23,3.608
2026-07-22T03:56:28.904692,1610612756,away,,2024-04-09,2023-24,ok,23,1.417
2026-07-22T03:56:31.341762,1610612757,overall,,2024-04-09,2023-24,ok,22,1.723
2026-07-22T03:56:33.938400,1610612757,home,,2024-04-09,2023-24,ok,22,1.883
2026-07-22T03:56:36.560784,1610612757,away,,2024-04-09,2023-24,ok,22,1.89
2026-07-22T03:56:39.030319,1610612758,overall,,2024-04-09,2023-24,ok,20,1.753
2026-07-22T03:56:41.778970,1610612758,home,,2024-04-09,2023-24,ok,20,2.022
2026-07-22T03:56:43.893525,1610612758,away,,2024-04-09,2023-24,ok,20,1.4
2026-07-22T03:56:46.872149,1610612759,overall,,2024-04-09,2023-24,ok,23,2.217
2026-07-22T03:56:49.147574,1610612759,home,,2024-04-09,2023-24,ok,23,1.545
2026-07-22T03:56:51.296322,1610612759,away,,2024-04-09,2023-24,ok,23,1.437
2026-07-22T03:56:53.955807,1610612760,overall,,2024-04-09,2023-24,ok,22,1.946
2026-07-22T03:56:56.536993,1610612760,home,,2024-04-09,2023-24,ok,22,1.843
2026-07-22T03:56:58.593338,1610612760,away,,2024-04-09,2023-24,ok,22,1.341
2026-07-22T03:57:01.046324,1610612761,overall,,2024-04-09,2023-24,ok,32,1.735
2026-07-22T03:57:03.186718,1610612761,home,,2024-04-09,2023-24,ok,32,1.417
2026-07-22T03:57:05.300267,1610612761,away,,2024-04-09,2023-24,ok,30,1.393
2026-07-22T03:57:08.063367,1610612762,overall,,2024-04-09,2023-24,ok,24,2.044
2026-07-22T03:57:10.686594,1610612762,home,,2024-04-09,2023-24,ok,23,1.907
2026-07-22T03:57:12.728806,1610612762,away,,2024-04-09,2023-24,ok,24,1.317
2026-07-22T03:57:14.993033,1610612763,overall,,2024-04-09,2023-24,ok,35,1.536
2026-07-22T03:57:17.251141,1610612763,home,,2024-04-09,2023-24,ok,35,1.543
2026-07-22T03:57:19.882492,1610612763,away,,2024-04-09,2023-24,ok,33,1.896
2026-07-22T03:57:22.476337,1610612764,overall,,2024-04-09,2023-24,ok,27,1.877
2026-07-22T03:57:24.593111,1610612764,home,,2024-04-09,2023-24,ok,27,1.404
2026-07-22T03:57:26.864902,1610612764,away,,2024-04-09,2023-24,ok,27,1.558
2026-07-22T03:57:29.534206,1610612765,overall,,2024-04-09,2023-24,ok,32,1.931
2026-07-22T03:57:32.185941,1610612765,home,,2024-04-09,2023-24,ok,30,1.93
2026-07-22T03:57:34.361897,1610612765,away,,2024-04-09,2023-24,ok,32,1.456
2026-07-22T03:57:36.584788,1610612766,overall,,2024-04-09,2023-24,ok,27,1.5
2026-07-22T03:57:38.452066,1610612766,home,,2024-04-09,2023-24,ok,27,1.146
2026-07-22T03:57:40.575898,1610612766,away,,2024-04-09,2023-24,ok,27,1.406
2026-07-22T03:57:43.657465,1610612737,overall,,2024-10-22,2024-25,empty,0,1.673
2026-07-22T03:57:45.424962,1610612737,home,,2024-10-22,2024-25,empty,0,1.059
2026-07-22T03:57:47.114147,1610612737,away,,2024-10-22,2024-25,empty,0,0.984
2026-07-22T03:57:49.709112,1610612738,overall,,2024-10-22,2024-25,ok,17,1.877
2026-07-22T03:57:51.777385,1610612738,home,,2024-10-22,2024-25,ok,17,1.35
2026-07-22T03:57:53.605950,1610612738,away,,2024-10-22,2024-25,empty,0,1.125
2026-07-22T03:57:55.729268,1610612739,overall,,2024-10-22,2024-25,empty,0,1.414
2026-07-22T03:57:57.573126,1610612739,home,,2024-10-22,2024-25,empty,0,1.14
2026-07-22T03:57:59.313981,1610612739,away,,2024-10-22,2024-25,empty,0,1.035
2026-07-22T03:58:01.770091,1610612740,overall,,2024-10-22,2024-25,empty,0,1.75
2026-07-22T03:58:04.791685,1610612740,home,,2024-10-22,2024-25,empty,0,2.318
2026-07-22T03:58:06.521092,1610612740,away,,2024-10-22,2024-25,empty,0,1.02
2026-07-22T03:58:08.902044,1610612741,overall,,2024-10-22,2024-25,empty,0,1.677
2026-07-22T03:58:10.741252,1610612741,home,,2024-10-22,2024-25,empty,0,1.132
2026-07-22T03:58:12.439818,1610612741,away,,2024-10-22,2024-25,empty,0,0.985
2026-07-22T03:58:14.799534,1610612742,overall,,2024-10-22,2024-25,empty,0,1.655
2026-07-22T03:58:16.514303,1610612742,home,,2024-10-22,2024-25,empty,0,1.001
2026-07-22T03:58:20.851551,1610612742,away,,2024-10-22,2024-25,empty,0,3.629
2026-07-22T05:25:13.420481,1610612743,overall,,2024-10-22,2024-25,empty,0,1.699
2026-07-22T05:25:13.456643,1610612743,home,,2024-10-22,2024-25,empty,0,0.934
2026-07-22T05:25:15.200132,1610612743,away,,2024-10-22,2024-25,empty,0,1.032
2026-07-22T05:25:17.692832,1610612744,overall,,2024-10-22,2024-25,empty,0,1.789
2026-07-22T05:25:19.105490,1610612744,home,,2024-10-22,2024-25,empty,0,0.704
2026-07-22T05:25:20.571620,1610612744,away,,2024-10-22,2024-25,empty,0,0.76
2026-07-22T05:25:22.575957,1610612745,overall,,2024-10-22,2024-25,empty,0,1.278
2026-07-22T05:25:24.267951,1610612745,home,,2024-10-22,2024-25,empty,0,0.948
2026-07-22T05:25:26.071583,1610612745,away,,2024-10-22,2024-25,empty,0,1.017
2026-07-22T05:25:28.161841,1610612746,overall,,2024-10-22,2024-25,empty,0,1.328
2026-07-22T05:25:29.983484,1610612746,home,,2024-10-22,2024-25,empty,0,1.069
2026-07-22T05:25:31.948422,1610612746,away,,2024-10-22,2024-25,empty,0,1.249
2026-07-22T05:25:41.185976,1610612747,overall,,2024-10-22,2024-25,ok,18,8.506
2026-07-22T05:25:43.391888,1610612747,home,,2024-10-22,2024-25,ok,18,1.472
2026-07-22T05:25:44.904549,1610612747,away,,2024-10-22,2024-25,empty,0,0.804
2026-07-22T05:25:46.691061,1610612748,overall,,2024-10-22,2024-25,empty,0,1.074
2026-07-22T05:25:48.387891,1610612748,home,,2024-10-22,2024-25,empty,0,0.985
2026-07-22T05:25:49.794263,1610612748,away,,2024-10-22,2024-25,empty,0,0.693
2026-07-22T05:25:51.729788,1610612749,overall,,2024-10-22,2024-25,empty,0,1.232
2026-07-22T05:25:53.396141,1610612749,home,,2024-10-22,2024-25,empty,0,0.955
2026-07-22T05:25:54.853223,1610612749,away,,2024-10-22,2024-25,empty,0,0.749
2026-07-22T05:25:56.911270,1610612750,overall,,2024-10-22,2024-25,ok,18,1.329
2026-07-22T05:25:58.815227,1610612750,home,,2024-10-22,2024-25,empty,0,1.197
2026-07-22T06:11:30.353197,1610612750,away,,2024-10-22,2024-25,ok,18,1.878
2026-07-22T06:11:32.361775,1610612751,overall,,2024-10-22,2024-25,empty,0,1.301
2026-07-22T06:11:33.934135,1610612751,home,,2024-10-22,2024-25,empty,0,0.863
2026-07-22T06:11:35.520282,1610612751,away,,2024-10-22,2024-25,empty,0,0.87
2026-07-22T06:11:38.141560,1610612752,overall,,2024-10-22,2024-25,ok,15,1.829
2026-07-22T06:11:40.013903,1610612752,home,,2024-10-22,2024-25,empty,0,1.142
2026-07-22T06:11:42.955749,1610612752,away,,2024-10-22,2024-25,ok,15,2.148
2026-07-22T06:11:44.926972,1610612753,overall,,2024-10-22,2024-25,empty,0,1.232
2026-07-22T06:11:46.662301,1610612753,home,,2024-10-22,2024-25,empty,0,1.001
2026-07-22T06:11:48.192380,1610612753,away,,2024-10-22,2024-25,empty,0,0.798
2026-07-22T06:11:50.602338,1610612754,overall,,2024-10-22,2024-25,empty,0,1.704
2026-07-22T06:11:57.328583,1610612754,home,,2024-10-22,2024-25,empty,0,6.015
2026-07-22T06:11:58.999601,1610612754,away,,2024-10-22,2024-25,empty,0,0.96
2026-07-22T06:12:01.072918,1610612755,overall,,2024-10-22,2024-25,empty,0,1.36
2026-07-22T06:12:02.648936,1610612755,home,,2024-10-22,2024-25,empty,0,0.863
2026-07-22T06:12:04.247019,1610612755,away,,2024-10-22,2024-25,empty,0,0.894
2026-07-22T06:12:06.198607,1610612756,overall,,2024-10-22,2024-25,empty,0,1.243
2026-07-22T06:12:07.931484,1610612756,home,,2024-10-22,2024-25,empty,0,1.022
2026-07-22T06:12:09.674599,1610612756,away,,2024-10-22,2024-25,empty,0,1.032
2026-07-22T06:12:11.571793,1610612757,overall,,2024-10-22,2024-25,empty,0,1.189
2026-07-22T06:12:13.362300,1610612757,home,,2024-10-22,2024-25,empty,0,1.087
2026-07-22T06:12:14.848131,1610612757,away,,2024-10-22,2024-25,empty,0,0.778
2026-07-22T08:12:16.316801,1610612758,overall,,2024-10-22,2024-25,empty,0,1.552
2026-07-22T08:12:17.921135,1610612758,home,,2024-10-22,2024-25,empty,0,0.898
2026-07-22T08:12:19.546409,1610612758,away,,2024-10-22,2024-25,empty,0,0.911
2026-07-22T08:12:21.918058,1610612759,overall,,2024-10-22,2024-25,empty,0,1.663
2026-07-22T08:12:23.546027,1610612759,home,,2024-10-22,2024-25,empty,0,0.915
2026-07-22T08:12:25.076784,1610612759,away,,2024-10-22,2024-25,empty,0,0.792
2026-07-22T08:12:27.164481,1610612760,overall,,2024-10-22,2024-25,empty,0,1.358
2026-07-22T08:12:29.032922,1610612760,home,,2024-10-22,2024-25,empty,0,1.121
2026-07-22T08:12:30.683790,1610612760,away,,2024-10-22,2024-25,empty,0,0.882
2026-07-22T08:12:32.873489,1610612761,overall,,2024-10-22,2024-25,empty,0,1.452
2026-07-22T08:12:34.497166,1610612761,home,,2024-10-22,2024-25,empty,0,0.882
2026-07-22T08:12:36.267185,1610612761,away,,2024-10-22,2024-25,empty,0,1.06
2026-07-22T08:12:43.790140,1610612762,overall,,2024-10-22,2024-25,empty,0,6.811
2026-07-22T08:12:45.320426,1610612762,home,,2024-10-22,2024-25,empty,0,0.826
2026-07-22T08:12:46.923326,1610612762,away,,2024-10-22,2024-25,empty,0,0.898
2026-07-22T08:12:49.018196,1610612763,overall,,2024-10-22,2024-25,empty,0,1.384
2026-07-22T08:12:50.906916,1610612763,home,,2024-10-22,2024-25,empty,0,1.179
2026-07-22T08:12:52.443612,1610612763,away,,2024-10-22,2024-25,empty,0,0.824
2026-07-22T08:12:54.593492,1610612764,overall,,2024-10-22,2024-25,empty,0,1.438
2026-07-22T08:12:56.232314,1610612764,home,,2024-10-22,2024-25,empty,0,0.929
2026-07-22T08:12:57.844679,1610612764,away,,2024-10-22,2024-25,empty,0,0.9
2026-07-22T08:12:59.725858,1610612765,overall,,2024-10-22,2024-25,empty,0,1.172
2026-07-22T08:13:01.390062,1610612765,home,,2024-10-22,2024-25,empty,0,0.954
2026-07-22T08:13:02.991088,1610612765,away,,2024-10-22,2024-25,empty,0,0.896
2026-07-22T08:13:05.141302,1610612766,overall,,2024-10-22,2024-25,empty,0,1.438
2026-07-22T08:17:33.143128,1610612766,home,,2024-10-22,2024-25,empty,0,2.108
2026-07-22T08:17:35.066363,1610612766,away,,2024-10-22,2024-25,empty,0,0.763
2026-07-22T08:17:37.565162,1610612737,overall,,2024-10-29,2024-25,ok,18,1.746
2026-07-22T08:17:39.578025,1610612737,home,,2024-10-29,2024-25,ok,18,1.303
2026-07-22T08:17:41.504672,1610612737,away,,2024-10-29,2024-25,ok,18,1.204
2026-07-22T08:17:44.438341,1610612738,overall,,2024-10-29,2024-25,ok,17,1.834
2026-07-22T08:17:48.520925,1610612738,home,,2024-10-29,2024-25,ok,17,3.223
2026-07-22T08:17:51.177087,1610612738,away,,2024-10-29,2024-25,ok,17,1.653
2026-07-22T08:17:53.465627,1610612739,overall,,2024-10-29,2024-25,ok,17,1.485
2026-07-22T08:17:55.930318,1610612739,home,,2024-10-29,2024-25,ok,17,1.741
2026-07-22T08:18:03.051144,1610612739,away,,2024-10-29,2024-25,ok,17,6.393
2026-07-22T08:18:05.225568,1610612740,overall,,2024-10-29,2024-25,ok,17,1.447
2026-07-22T08:18:07.015700,1610612740,home,,2024-10-29,2024-25,ok,17,1.073
2026-07-22T08:18:09.027690,1610612740,away,,2024-10-29,2024-25,ok,17,1.296
2026-07-22T08:18:11.446936,1610612741,overall,,2024-10-29,2024-25,ok,18,1.676
2026-07-22T08:18:14.190281,1610612741,home,,2024-10-29,2024-25,ok,18,2.015
2026-07-22T08:18:15.931795,1610612741,away,,2024-10-29,2024-25,ok,18,1.022
2026-07-22T08:18:18.414398,1610612742,overall,,2024-10-29,2024-25,ok,18,1.733
2026-07-22T08:18:20.438749,1610612742,home,,2024-10-29,2024-25,ok,18,1.297
2026-07-22T10:18:48.631820,1610612742,away,,2024-10-29,2024-25,ok,18,0.599
2026-07-22T10:18:51.136685,1610612743,overall,,2024-10-29,2024-25,ok,18,1.777
2026-07-22T10:18:53.988146,1610612743,home,,2024-10-29,2024-25,ok,18,2.124
2026-07-22T10:18:55.893886,1610612743,away,,2024-10-29,2024-25,ok,18,1.177
2026-07-22T10:18:58.577851,1610612744,overall,,2024-10-29,2024-25,ok,17,1.855
2026-07-22T10:19:00.537141,1610612744,home,,2024-10-29,2024-25,ok,17,1.216
2026-07-22T10:19:02.387386,1610612744,away,,2024-10-29,2024-25,ok,17,1.119
2026-07-22T10:19:04.851040,1610612745,overall,,2024-10-29,2024-25,ok,17,1.704
2026-07-22T10:19:06.890734,1610612745,home,,2024-10-29,2024-25,ok,17,1.324
2026-07-22T10:19:08.837964,1610612745,away,,2024-10-29,2024-25,ok,17,1.229
2026-07-22T10:38:12.370896,1610612746,overall,,2024-10-29,2024-25,ok,18,1.651
2026-07-22T10:38:14.313058,1610612746,home,,2024-10-29,2024-25,ok,18,1.224
2026-07-22T10:38:16.081358,1610612746,away,,2024-10-29,2024-25,ok,18,1.049
2026-07-22T10:38:18.246764,1610612747,overall,,2024-10-29,2024-25,ok,18,1.432
2026-07-22T10:38:20.372549,1610612747,home,,2024-10-29,2024-25,ok,18,1.271
2026-07-22T10:38:22.425223,1610612747,away,,2024-10-29,2024-25,ok,18,1.186
2026-07-22T10:38:25.101743,1610612748,overall,,2024-10-29,2024-25,ok,17,1.863
2026-07-22T10:38:27.328255,1610612748,home,,2024-10-29,2024-25,ok,17,1.425
2026-07-22T10:38:29.264382,1610612748,away,,2024-10-29,2024-25,ok,17,1.172
2026-07-22T10:38:31.848007,1610612749,overall,,2024-10-29,2024-25,ok,18,1.843
2026-07-22T10:38:34.132378,1610612749,home,,2024-10-29,2024-25,ok,18,1.56
2026-07-22T10:38:40.364647,1610612749,away,,2024-10-29,2024-25,ok,18,5.504
2026-07-22T10:38:42.553032,1610612750,overall,,2024-10-29,2024-25,ok,18,1.46
2026-07-22T10:38:44.387415,1610612750,home,,2024-10-29,2024-25,ok,18,1.1
2026-07-22T10:38:46.178685,1610612750,away,,2024-10-29,2024-25,ok,18,1.055
2026-07-22T10:38:48.422453,1610612751,overall,,2024-10-29,2024-25,ok,18,1.495
2026-07-22T10:38:50.339730,1610612751,home,,2024-10-29,2024-25,ok,18,1.19
2026-07-22T10:38:52.188586,1610612751,away,,2024-10-29,2024-25,ok,18,1.117
2026-07-22T10:38:54.555068,1610612752,overall,,2024-10-29,2024-25,ok,15,1.633
2026-07-22T10:38:56.389863,1610612752,home,,2024-10-29,2024-25,ok,15,1.101
2026-07-22T10:38:58.097675,1610612752,away,,2024-10-29,2024-25,ok,15,0.996
2026-07-22T10:39:00.337837,1610612753,overall,,2024-10-29,2024-25,ok,17,1.52
2026-07-22T10:39:02.319928,1610612753,home,,2024-10-29,2024-25,ok,17,1.254
2026-07-22T10:39:04.064689,1610612753,away,,2024-10-29,2024-25,ok,17,1.021
2026-07-22T10:39:06.349207,1610612754,overall,,2024-10-29,2024-25,ok,17,1.551
2026-07-22T10:39:08.255540,1610612754,home,,2024-10-29,2024-25,ok,17,1.191
2026-07-22T10:39:10.098523,1610612754,away,,2024-10-29,2024-25,ok,17,1.12
2026-07-22T10:39:12.666009,1610612755,overall,,2024-10-29,2024-25,ok,17,1.844
2026-07-22T10:39:14.611736,1610612755,home,,2024-10-29,2024-25,ok,17,1.218
2026-07-22T10:39:16.445754,1610612755,away,,2024-10-29,2024-25,ok,17,1.112
2026-07-22T10:39:18.732600,1610612756,overall,,2024-10-29,2024-25,ok,17,1.569
2026-07-22T10:39:20.653509,1610612756,home,,2024-10-29,2024-25,ok,17,1.194
2026-07-22T10:39:22.402434,1610612756,away,,2024-10-29,2024-25,ok,17,1.012
2026-07-22T10:39:24.763846,1610612757,overall,,2024-10-29,2024-25,ok,18,1.622
2026-07-22T10:39:26.881694,1610612757,home,,2024-10-29,2024-25,ok,18,1.377
2026-07-22T10:39:31.919902,1610612757,away,,2024-10-29,2024-25,ok,18,4.307
2026-07-22T10:39:34.172542,1610612758,overall,,2024-10-29,2024-25,ok,17,1.53
2026-07-22T10:39:36.119194,1610612758,home,,2024-10-29,2024-25,ok,17,1.22
2026-07-22T10:39:37.859480,1610612758,away,,2024-10-29,2024-25,ok,17,1.008
2026-07-22T10:39:40.107336,1610612759,overall,,2024-10-29,2024-25,ok,18,1.522
2026-07-22T10:39:44.927013,1610612759,home,,2024-10-29,2024-25,ok,18,4.084
2026-07-22T10:39:46.859059,1610612759,away,,2024-10-29,2024-25,ok,18,1.209
2026-07-22T10:39:49.221961,1610612760,overall,,2024-10-29,2024-25,ok,18,1.639
2026-07-22T10:39:51.083372,1610612760,home,,2024-10-29,2024-25,ok,18,1.145
2026-07-22T10:39:52.819784,1610612760,away,,2024-10-29,2024-25,ok,18,1.003
2026-07-22T10:39:55.176242,1610612761,overall,,2024-10-29,2024-25,ok,18,1.61
2026-07-22T10:39:57.113216,1610612761,home,,2024-10-29,2024-25,ok,18,1.205
2026-07-22T10:39:58.746899,1610612761,away,,2024-10-29,2024-25,ok,18,0.92
2026-07-22T10:40:01.098602,1610612762,overall,,2024-10-29,2024-25,ok,18,1.633
2026-07-22T10:40:03.050459,1610612762,home,,2024-10-29,2024-25,ok,18,1.232
2026-07-22T10:40:04.682497,1610612762,away,,2024-10-29,2024-25,ok,18,0.912
2026-07-22T10:40:16.464700,1610612763,overall,,2024-10-29,2024-25,ok,17,11.05
2026-07-22T10:40:18.615253,1610612763,home,,2024-10-29,2024-25,ok,17,1.423
2026-07-22T10:40:20.452615,1610612763,away,,2024-10-29,2024-25,ok,17,1.12
2026-07-22T10:40:22.604953,1610612764,overall,,2024-10-29,2024-25,ok,18,1.426
2026-07-22T10:40:24.650337,1610612764,home,,2024-10-29,2024-25,ok,18,1.326
2026-07-22T10:40:26.603229,1610612764,away,,2024-10-29,2024-25,ok,18,1.219
2026-07-22T10:40:28.655230,1610612765,overall,,2024-10-29,2024-25,ok,17,1.315
2026-07-22T10:40:30.598550,1610612765,home,,2024-10-29,2024-25,ok,17,1.212
2026-07-22T10:40:32.529596,1610612765,away,,2024-10-29,2024-25,ok,17,1.2
2026-07-22T10:40:34.702928,1610612766,overall,,2024-10-29,2024-25,ok,18,1.431
2026-07-22T10:40:36.889339,1610612766,home,,2024-10-29,2024-25,ok,18,1.464
2026-07-22T10:40:38.675861,1610612766,away,,2024-10-29,2024-25,ok,18,1.066
2026-07-22T10:40:40.933363,1610612737,overall,,2024-11-05,2024-25,ok,18,1.529
2026-07-22T10:40:43.192646,1610612737,home,,2024-11-05,2024-25,ok,18,1.529
2026-07-22T10:40:45.029749,1610612737,away,,2024-11-05,2024-25,ok,18,1.115
2026-07-22T10:40:47.192598,1610612738,overall,,2024-11-05,2024-25,ok,17,1.425
2026-07-22T10:40:49.020655,1610612738,home,,2024-11-05,2024-25,ok,17,1.106
2026-07-22T10:40:50.960244,1610612738,away,,2024-11-05,2024-25,ok,17,1.22
2026-07-22T10:40:53.231194,1610612739,overall,,2024-11-05,2024-25,ok,17,1.537
2026-07-22T10:40:55.369399,1610612739,home,,2024-11-05,2024-25,ok,17,1.415
2026-07-22T10:40:57.228282,1610612739,away,,2024-11-05,2024-25,ok,17,1.122
2026-07-22T10:40:59.375900,1610612740,overall,,2024-11-05,2024-25,ok,18,1.415
2026-07-22T10:41:01.237875,1610612740,home,,2024-11-05,2024-25,ok,18,1.135
2026-07-22T10:41:02.922078,1610612740,away,,2024-11-05,2024-25,ok,17,0.951
2026-07-22T10:41:05.084284,1610612741,overall,,2024-11-05,2024-25,ok,18,1.441
2026-07-22T10:41:07.153960,1610612741,home,,2024-11-05,2024-25,ok,18,1.346
2026-07-22T10:41:09.033609,1610612741,away,,2024-11-05,2024-25,ok,18,1.154
2026-07-22T10:41:11.339595,1610612742,overall,,2024-11-05,2024-25,ok,18,1.587
2026-07-22T10:41:13.141074,1610612742,home,,2024-11-05,2024-25,ok,18,1.082
2026-07-22T10:41:15.141327,1610612742,away,,2024-11-05,2024-25,ok,18,1.267
2026-07-22T10:41:17.558241,1610612743,overall,,2024-11-05,2024-25,ok,18,1.692
2026-07-22T10:41:19.329141,1610612743,home,,2024-11-05,2024-25,ok,18,1.047
2026-07-22T10:41:20.868540,1610612743,away,,2024-11-05,2024-25,ok,18,0.824
2026-07-22T10:41:22.924791,1610612744,overall,,2024-11-05,2024-25,ok,17,1.324
2026-07-22T10:41:24.863101,1610612744,home,,2024-11-05,2024-25,ok,17,1.214
2026-07-22T10:41:26.710603,1610612744,away,,2024-11-05,2024-25,ok,17,1.128
2026-07-22T10:41:28.760258,1610612745,overall,,2024-11-05,2024-25,ok,17,1.326
2026-07-22T10:41:30.501175,1610612745,home,,2024-11-05,2024-25,ok,17,1.011
2026-07-22T10:41:32.350133,1610612745,away,,2024-11-05,2024-25,ok,17,1.125
2026-07-22T10:41:34.393986,1610612746,overall,,2024-11-05,2024-25,ok,18,1.311
2026-07-22T10:41:36.236866,1610612746,home,,2024-11-05,2024-25,ok,18,1.091
2026-07-22T10:41:37.922684,1610612746,away,,2024-11-05,2024-25,ok,18,0.968
2026-07-22T10:41:39.707136,1610612747,overall,,2024-11-05,2024-25,ok,18,1.068
2026-07-22T10:41:41.556988,1610612747,home,,2024-11-05,2024-25,ok,18,1.124
2026-07-22T10:41:43.304384,1610612747,away,,2024-11-05,2024-25,ok,18,1.013
2026-07-22T10:41:45.137573,1610612748,overall,,2024-11-05,2024-25,ok,17,1.116
2026-07-22T10:41:46.876013,1610612748,home,,2024-11-05,2024-25,ok,17,1.023
2026-07-22T10:42:25.066269,1610612748,away,,2024-11-05,2024-25,empty,0,0.0
2026-07-22T10:42:26.960194,1610612749,overall,,2024-11-05,2024-25,ok,18,1.153
2026-07-22T10:42:28.679053,1610612749,home,,2024-11-05,2024-25,ok,18,0.98
2026-07-22T10:42:30.399665,1610612749,away,,2024-11-05,2024-25,ok,18,0.996
2026-07-22T10:42:32.271154,1610612750,overall,,2024-11-05,2024-25,ok,18,1.122
2026-07-22T10:42:33.987056,1610612750,home,,2024-11-05,2024-25,ok,18,0.987
2026-07-22T10:42:35.722209,1610612750,away,,2024-11-05,2024-25,ok,18,1.015
2026-07-22T10:42:37.587188,1610612751,overall,,2024-11-05,2024-25,ok,18,1.119
2026-07-22T10:42:39.312515,1610612751,home,,2024-11-05,2024-25,ok,18,1.007
2026-07-22T10:42:40.962194,1610612751,away,,2024-11-05,2024-25,ok,18,0.914
2026-07-22T10:42:43.005881,1610612752,overall,,2024-11-05,2024-25,ok,15,1.31
2026-07-22T10:42:44.630708,1610612752,home,,2024-11-05,2024-25,ok,15,0.909
2026-07-22T10:42:46.280850,1610612752,away,,2024-11-05,2024-25,ok,15,0.923
2026-07-22T10:42:47.957907,1610612753,overall,,2024-11-05,2024-25,ok,17,0.932
2026-07-22T10:42:49.566975,1610612753,home,,2024-11-05,2024-25,ok,17,0.867
2026-07-22T10:42:51.227451,1610612753,away,,2024-11-05,2024-25,ok,17,0.93
2026-07-22T10:42:53.235179,1610612754,overall,,2024-11-05,2024-25,ok,17,1.285
2026-07-22T10:42:54.827569,1610612754,home,,2024-11-05,2024-25,ok,17,0.87
2026-07-22T10:42:56.521376,1610612754,away,,2024-11-05,2024-25,ok,17,0.958
2026-07-22T10:42:58.262911,1610612755,overall,,2024-11-05,2024-25,ok,17,1.015
2026-07-22T10:43:00.105800,1610612755,home,,2024-11-05,2024-25,ok,17,1.109
2026-07-22T10:43:01.675300,1610612755,away,,2024-11-05,2024-25,ok,17,0.843
2026-07-22T10:43:03.492419,1610612756,overall,,2024-11-05,2024-25,ok,17,1.074
2026-07-22T10:43:05.040094,1610612756,home,,2024-11-05,2024-25,ok,17,0.823
2026-07-22T10:43:06.864403,1610612756,away,,2024-11-05,2024-25,ok,17,1.094
2026-07-22T10:43:08.723610,1610612757,overall,,2024-11-05,2024-25,ok,18,1.116
2026-07-22T10:43:10.446816,1610612757,home,,2024-11-05,2024-25,ok,18,0.999
2026-07-22T10:43:12.088146,1610612757,away,,2024-11-05,2024-25,ok,18,0.909
2026-07-22T10:43:13.850621,1610612758,overall,,2024-11-05,2024-25,ok,17,1.014
2026-07-22T10:43:15.569951,1610612758,home,,2024-11-05,2024-25,ok,17,0.981
2026-07-22T10:43:17.606892,1610612758,away,,2024-11-05,2024-25,ok,17,1.315
2026-07-22T10:43:19.676609,1610612759,overall,,2024-11-05,2024-25,ok,18,1.329
2026-07-22T10:43:21.304754,1610612759,home,,2024-11-05,2024-25,ok,18,0.899
2026-07-22T10:43:23.248587,1610612759,away,,2024-11-05,2024-25,ok,18,1.212
2026-07-22T10:43:24.875827,1610612760,overall,,2024-11-05,2024-25,ok,19,0.911
2026-07-22T10:43:26.725709,1610612760,home,,2024-11-05,2024-25,ok,19,1.128
2026-07-22T10:43:28.575139,1610612760,away,,2024-11-05,2024-25,ok,19,1.112
2026-07-22T10:43:30.521221,1610612761,overall,,2024-11-05,2024-25,ok,18,1.216
2026-07-22T10:43:32.159977,1610612761,home,,2024-11-05,2024-25,ok,18,0.902
2026-07-22T10:43:33.900697,1610612761,away,,2024-11-05,2024-25,ok,18,1.007
2026-07-22T10:43:35.734189,1610612762,overall,,2024-11-05,2024-25,ok,18,1.112
2026-07-22T10:43:37.582682,1610612762,home,,2024-11-05,2024-25,ok,18,1.122
2026-07-22T10:43:39.220930,1610612762,away,,2024-11-05,2024-25,ok,18,0.91
2026-07-22T10:43:41.185503,1610612763,overall,,2024-11-05,2024-25,ok,18,1.213
2026-07-22T10:43:43.002821,1610612763,home,,2024-11-05,2024-25,ok,18,1.096
2026-07-22T10:43:44.623883,1610612763,away,,2024-11-05,2024-25,ok,18,0.9
2026-07-22T10:43:46.607461,1610612764,overall,,2024-11-05,2024-25,ok,18,1.242
2026-07-22T10:43:48.179857,1610612764,home,,2024-11-05,2024-25,ok,18,0.855
2026-07-22T10:43:49.743801,1610612764,away,,2024-11-05,2024-25,ok,18,0.847
2026-07-22T10:43:51.625629,1610612765,overall,,2024-11-05,2024-25,ok,17,1.145
2026-07-22T10:43:53.345124,1610612765,home,,2024-11-05,2024-25,ok,17,0.999
2026-07-22T10:43:55.201794,1610612765,away,,2024-11-05,2024-25,ok,17,1.118
2026-07-22T10:43:57.563198,1610612766,overall,,2024-11-05,2024-25,ok,18,1.622
2026-07-22T10:43:59.297947,1610612766,home,,2024-11-05,2024-25,ok,18,1.001
2026-07-22T10:44:00.925944,1610612766,away,,2024-11-05,2024-25,ok,18,0.905
2026-07-22T10:44:02.781515,1610612737,overall,,2024-11-12,2024-25,ok,18,1.121
2026-07-22T10:44:04.622328,1610612737,home,,2024-11-12,2024-25,ok,18,1.1
2026-07-22T10:44:06.364321,1610612737,away,,2024-11-12,2024-25,ok,18,1.005
2026-07-22T10:44:08.205580,1610612738,overall,,2024-11-12,2024-25,ok,17,1.105
2026-07-22T10:44:09.933668,1610612738,home,,2024-11-12,2024-25,ok,17,1.005
2026-07-22T10:44:11.591405,1610612738,away,,2024-11-12,2024-25,ok,17,0.914
2026-07-22T10:44:13.223393,1610612739,overall,,2024-11-12,2024-25,ok,17,0.898
2026-07-22T10:44:14.944705,1610612739,home,,2024-11-12,2024-25,ok,17,1.0
2026-07-22T10:44:16.627525,1610612739,away,,2024-11-12,2024-25,ok,17,0.951
2026-07-22T10:44:18.348847,1610612740,overall,,2024-11-12,2024-25,ok,18,0.982
2026-07-22T10:44:19.929611,1610612740,home,,2024-11-12,2024-25,ok,18,0.861
2026-07-22T10:44:21.719958,1610612740,away,,2024-11-12,2024-25,ok,18,1.056
2026-07-22T10:44:23.562965,1610612741,overall,,2024-11-12,2024-25,ok,18,1.108
2026-07-22T10:44:25.712740,1610612741,home,,2024-11-12,2024-25,ok,18,1.416
2026-07-22T10:44:27.382113,1610612741,away,,2024-11-12,2024-25,ok,18,0.909
2026-07-22T10:44:29.323878,1610612742,overall,,2024-11-12,2024-25,ok,18,1.186
2026-07-22T10:44:31.020821,1610612742,home,,2024-11-12,2024-25,ok,18,0.987
2026-07-22T10:44:32.874411,1610612742,away,,2024-11-12,2024-25,ok,18,1.134
2026-07-22T10:44:34.730766,1610612743,overall,,2024-11-12,2024-25,ok,18,1.125
2026-07-22T10:44:36.559735,1610612743,home,,2024-11-12,2024-25,ok,18,1.106
2026-07-22T10:44:38.313769,1610612743,away,,2024-11-12,2024-25,ok,18,1.023
2026-07-22T10:44:40.362904,1610612744,overall,,2024-11-12,2024-25,ok,17,1.317
2026-07-22T10:44:41.976900,1610612744,home,,2024-11-12,2024-25,ok,17,0.892
2026-07-22T10:44:43.670368,1610612744,away,,2024-11-12,2024-25,ok,17,0.973
2026-07-22T10:44:45.575788,1610612745,overall,,2024-11-12,2024-25,ok,17,1.182
2026-07-22T10:44:47.348496,1610612745,home,,2024-11-12,2024-25,ok,17,1.053
2026-07-22T10:44:48.959346,1610612745,away,,2024-11-12,2024-25,ok,17,0.878
2026-07-22T10:44:50.604847,1610612746,overall,,2024-11-12,2024-25,ok,18,0.911
2026-07-22T10:44:52.129108,1610612746,home,,2024-11-12,2024-25,ok,18,0.798
2026-07-22T10:44:53.865765,1610612746,away,,2024-11-12,2024-25,ok,18,1.013
2026-07-22T10:44:55.414221,1610612747,overall,,2024-11-12,2024-25,ok,18,0.812
2026-07-22T10:44:57.044434,1610612747,home,,2024-11-12,2024-25,ok,18,0.904
2026-07-22T10:44:58.781675,1610612747,away,,2024-11-12,2024-25,ok,18,1.011
2026-07-22T10:45:00.334224,1610612748,overall,,2024-11-12,2024-25,ok,17,0.811
2026-07-22T10:45:02.058474,1610612748,home,,2024-11-12,2024-25,ok,17,1.001
2026-07-22T10:45:03.601758,1610612748,away,,2024-11-12,2024-25,ok,17,0.813
2026-07-22T10:45:05.226393,1610612749,overall,,2024-11-12,2024-25,ok,18,0.907
2026-07-22T10:45:07.019393,1610612749,home,,2024-11-12,2024-25,ok,18,1.075
2026-07-22T10:45:09.471860,1610612749,away,,2024-11-12,2024-25,ok,18,1.739
2026-07-22T10:45:11.172775,1610612750,overall,,2024-11-12,2024-25,ok,18,0.978
2026-07-22T10:45:13.331305,1610612750,home,,2024-11-12,2024-25,ok,18,1.433
2026-07-22T10:45:14.959031,1610612750,away,,2024-11-12,2024-25,ok,18,0.907
2026-07-22T10:45:16.697935,1610612751,overall,,2024-11-12,2024-25,ok,18,1.019
2026-07-22T10:45:18.450181,1610612751,home,,2024-11-12,2024-25,ok,18,1.028
2026-07-22T10:45:20.091086,1610612751,away,,2024-11-12,2024-25,ok,18,0.907
2026-07-22T10:45:21.820459,1610612752,overall,,2024-11-12,2024-25,ok,17,1.012
2026-07-22T10:45:23.337419,1610612752,home,,2024-11-12,2024-25,ok,17,0.794
2026-07-22T10:45:24.999496,1610612752,away,,2024-11-12,2024-25,ok,17,0.935
2026-07-22T10:45:26.642270,1610612753,overall,,2024-11-12,2024-25,ok,17,0.913
2026-07-22T10:45:28.221057,1610612753,home,,2024-11-12,2024-25,ok,17,0.858
2026-07-22T10:45:29.718123,1610612753,away,,2024-11-12,2024-25,ok,17,0.774
2026-07-22T10:45:31.341491,1610612754,overall,,2024-11-12,2024-25,ok,17,0.911
2026-07-22T10:45:33.093258,1610612754,home,,2024-11-12,2024-25,ok,17,1.025
2026-07-22T10:45:34.627512,1610612754,away,,2024-11-12,2024-25,ok,17,0.807
2026-07-22T10:45:36.267057,1610612755,overall,,2024-11-12,2024-25,ok,17,0.917
2026-07-22T10:45:38.003578,1610612755,home,,2024-11-12,2024-25,ok,17,1.017
2026-07-22T10:45:39.646835,1610612755,away,,2024-11-12,2024-25,ok,17,0.914
2026-07-22T10:45:41.394047,1610612756,overall,,2024-11-12,2024-25,ok,17,1.007
2026-07-22T10:45:43.220867,1610612756,home,,2024-11-12,2024-25,ok,17,1.113
2026-07-22T10:45:44.860046,1610612756,away,,2024-11-12,2024-25,ok,17,0.927
2026-07-22T10:45:46.601884,1610612757,overall,,2024-11-12,2024-25,ok,18,1.022
2026-07-22T10:45:48.278292,1610612757,home,,2024-11-12,2024-25,ok,18,0.956
2026-07-22T10:45:50.534723,1610612757,away,,2024-11-12,2024-25,ok,18,1.444
2026-07-22T10:45:52.375311,1610612758,overall,,2024-11-12,2024-25,ok,17,1.118
2026-07-22T10:45:54.395048,1610612758,home,,2024-11-12,2024-25,ok,17,1.245
2026-07-22T10:45:55.870507,1610612758,away,,2024-11-12,2024-25,ok,17,0.758
2026-07-22T10:45:58.304020,1610612759,overall,,2024-11-12,2024-25,ok,18,1.318
2026-07-22T10:46:06.613157,1610612759,home,,2024-11-12,2024-25,ok,18,7.263
2026-07-22T10:46:10.220133,1610612759,away,,2024-11-12,2024-25,ok,18,2.424
2026-07-22T10:46:12.252727,1610612760,overall,,2024-11-12,2024-25,ok,19,1.206
2026-07-22T10:46:14.162365,1610612760,home,,2024-11-12,2024-25,ok,19,1.12
2026-07-22T10:46:19.503905,1610612760,away,,2024-11-12,2024-25,ok,19,4.553
2026-07-22T10:46:21.355792,1610612761,overall,,2024-11-12,2024-25,ok,18,1.138
2026-07-22T10:46:27.531474,1610612761,home,,2024-11-12,2024-25,ok,18,5.451
2026-07-22T10:46:29.269198,1610612761,away,,2024-11-12,2024-25,ok,18,1.009
2026-07-22T10:46:31.229347,1610612762,overall,,2024-11-12,2024-25,ok,18,1.138
2026-07-22T10:46:35.249112,1610612762,home,,2024-11-12,2024-25,ok,18,3.303
2026-07-22T10:46:36.771819,1610612762,away,,2024-11-12,2024-25,ok,18,0.795
2026-07-22T10:46:38.684247,1610612763,overall,,2024-11-12,2024-25,ok,18,1.2
2026-07-22T10:46:41.036145,1610612763,home,,2024-11-12,2024-25,ok,18,1.64
2026-07-22T10:46:42.676939,1610612763,away,,2024-11-12,2024-25,ok,18,0.916
2026-07-22T10:46:44.318456,1610612764,overall,,2024-11-12,2024-25,ok,18,0.928
2026-07-22T10:46:45.958242,1610612764,home,,2024-11-12,2024-25,ok,18,0.918
2026-07-22T10:46:47.793838,1610612764,away,,2024-11-12,2024-25,ok,18,1.112
2026-07-22T10:46:49.473893,1610612765,overall,,2024-11-12,2024-25,ok,17,0.963
2026-07-22T10:46:51.078029,1610612765,home,,2024-11-12,2024-25,ok,17,0.89
2026-07-22T10:46:52.680253,1610612765,away,,2024-11-12,2024-25,ok,17,0.881
2026-07-22T10:46:54.249849,1610612766,overall,,2024-11-12,2024-25,ok,18,0.858
2026-07-22T10:46:55.731022,1610612766,home,,2024-11-12,2024-25,ok,18,0.765
2026-07-22T10:46:57.456965,1610612766,away,,2024-11-12,2024-25,ok,18,1.004
2026-07-22T10:46:59.208129,1610612737,overall,,2024-11-19,2024-25,ok,18,1.023
2026-07-22T10:47:01.211141,1610612737,home,,2024-11-19,2024-25,ok,18,1.078
2026-07-22T10:47:02.977985,1610612737,away,,2024-11-19,2024-25,ok,18,0.886
2026-07-22T10:47:04.717957,1610612738,overall,,2024-11-19,2024-25,ok,17,0.971
2026-07-22T10:47:06.568732,1610612738,home,,2024-11-19,2024-25,ok,17,1.132
2026-07-22T10:47:08.506435,1610612738,away,,2024-11-19,2024-25,ok,17,1.224
2026-07-22T10:47:10.388053,1610612739,overall,,2024-11-19,2024-25,ok,17,1.171
2026-07-22T10:47:11.943148,1610612739,home,,2024-11-19,2024-25,ok,17,0.819
2026-07-22T10:47:13.763739,1610612739,away,,2024-11-19,2024-25,ok,17,1.107
2026-07-22T10:47:15.502657,1610612740,overall,,2024-11-19,2024-25,ok,18,1.028
2026-07-22T10:47:43.095389,1610612740,home,,2024-11-19,2024-25,ok,18,2.062
2026-07-22T10:47:45.314862,1610612740,away,,2024-11-19,2024-25,ok,18,0.808
2026-07-22T10:47:47.091144,1610612741,overall,,2024-11-19,2024-25,ok,18,1.062
2026-07-22T10:47:48.697354,1610612741,home,,2024-11-19,2024-25,ok,18,0.888
2026-07-22T10:47:50.333499,1610612741,away,,2024-11-19,2024-25,ok,18,0.918
2026-07-22T10:47:52.000960,1610612742,overall,,2024-11-19,2024-25,ok,18,0.953
2026-07-22T10:47:53.796390,1610612742,home,,2024-11-19,2024-25,ok,18,1.028
2026-07-22T10:47:55.676636,1610612742,away,,2024-11-19,2024-25,ok,18,1.091
2026-07-22T10:47:57.660485,1610612743,overall,,2024-11-19,2024-25,ok,18,1.201
2026-07-22T10:47:59.782638,1610612743,home,,2024-11-19,2024-25,ok,18,1.321
2026-07-22T10:48:01.725724,1610612743,away,,2024-11-19,2024-25,ok,18,1.079
2026-07-22T10:48:03.906112,1610612744,overall,,2024-11-19,2024-25,ok,17,1.44
2026-07-22T10:48:05.961040,1610612744,home,,2024-11-19,2024-25,ok,17,1.341
2026-07-22T10:48:12.399589,1610612744,away,,2024-11-19,2024-25,ok,17,5.727
2026-07-22T10:48:14.330173,1610612745,overall,,2024-11-19,2024-25,ok,17,1.211
2026-07-22T10:48:16.524895,1610612745,home,,2024-11-19,2024-25,ok,17,1.479
2026-07-22T10:48:20.780332,1610612745,away,,2024-11-19,2024-25,ok,17,3.54
2026-07-22T10:48:22.287180,1610612746,overall,,2024-11-19,2024-25,ok,18,0.786
2026-07-22T10:48:24.136549,1610612746,home,,2024-11-19,2024-25,ok,18,1.134
2026-07-22T10:48:25.695631,1610612746,away,,2024-11-19,2024-25,ok,18,0.841
2026-07-22T10:48:27.220945,1610612747,overall,,2024-11-19,2024-25,ok,18,0.803
2026-07-22T10:48:28.790353,1610612747,home,,2024-11-19,2024-25,ok,18,0.857
2026-07-22T10:48:30.814755,1610612747,away,,2024-11-19,2024-25,ok,18,1.31
2026-07-22T10:48:32.418220,1610612748,overall,,2024-11-19,2024-25,ok,17,0.891
2026-07-22T10:48:33.965982,1610612748,home,,2024-11-19,2024-25,ok,17,0.832
2026-07-22T10:48:35.649268,1610612748,away,,2024-11-19,2024-25,ok,17,0.964
2026-07-22T10:48:37.168719,1610612749,overall,,2024-11-19,2024-25,ok,18,0.803
2026-07-22T10:48:38.789610,1610612749,home,,2024-11-19,2024-25,ok,18,0.897
2026-07-22T10:48:40.244063,1610612749,away,,2024-11-19,2024-25,ok,18,0.734
2026-07-22T10:48:41.884842,1610612750,overall,,2024-11-19,2024-25,ok,18,0.914
2026-07-22T10:48:43.822150,1610612750,home,,2024-11-19,2024-25,ok,18,1.222
2026-07-22T10:48:45.366737,1610612750,away,,2024-11-19,2024-25,ok,18,0.821
2026-07-22T10:48:47.114258,1610612751,overall,,2024-11-19,2024-25,ok,18,1.023
2026-07-22T10:48:49.080355,1610612751,home,,2024-11-19,2024-25,ok,18,1.238
2026-07-22T10:48:50.709570,1610612751,away,,2024-11-19,2024-25,ok,18,0.903
2026-07-22T10:48:56.183394,1610612752,overall,,2024-11-19,2024-25,ok,17,4.715
2026-07-22T10:48:57.899251,1610612752,home,,2024-11-19,2024-25,ok,17,0.967
2026-07-22T10:48:59.606305,1610612752,away,,2024-11-19,2024-25,ok,17,0.927
2026-07-22T10:49:01.194851,1610612753,overall,,2024-11-19,2024-25,ok,17,0.853
2026-07-22T10:49:03.206365,1610612753,home,,2024-11-19,2024-25,ok,17,0.843
2026-07-22T10:49:04.680641,1610612753,away,,2024-11-19,2024-25,ok,17,0.758
2026-07-22T10:49:06.328836,1610612754,overall,,2024-11-19,2024-25,ok,17,0.934
2026-07-22T10:49:07.945743,1610612754,home,,2024-11-19,2024-25,ok,17,0.903
2026-07-22T10:49:09.554946,1610612754,away,,2024-11-19,2024-25,ok,17,0.892
2026-07-22T10:49:11.601196,1610612755,overall,,2024-11-19,2024-25,ok,17,1.29
2026-07-22T10:49:13.289676,1610612755,home,,2024-11-19,2024-25,ok,17,0.919
2026-07-22T10:49:14.766679,1610612755,away,,2024-11-19,2024-25,ok,17,0.735
2026-07-22T10:49:16.609536,1610612756,overall,,2024-11-19,2024-25,ok,17,1.122
2026-07-22T10:49:18.220795,1610612756,home,,2024-11-19,2024-25,ok,17,0.811
2026-07-22T10:49:19.774441,1610612756,away,,2024-11-19,2024-25,ok,17,0.826
2026-07-22T10:49:21.464882,1610612757,overall,,2024-11-19,2024-25,ok,18,0.973
2026-07-22T10:49:23.056884,1610612757,home,,2024-11-19,2024-25,ok,18,0.876
2026-07-22T10:49:24.584777,1610612757,away,,2024-11-19,2024-25,ok,18,0.808
2026-07-22T10:49:26.321541,1610612758,overall,,2024-11-19,2024-25,ok,17,1.022
2026-07-22T10:49:27.858026,1610612758,home,,2024-11-19,2024-25,ok,17,0.822
2026-07-22T10:49:29.493999,1610612758,away,,2024-11-19,2024-25,ok,17,0.924
2026-07-22T10:49:31.337564,1610612759,overall,,2024-11-19,2024-25,ok,18,1.128
2026-07-22T10:49:33.028610,1610612759,home,,2024-11-19,2024-25,ok,18,0.975
2026-07-22T10:49:34.706285,1610612759,away,,2024-11-19,2024-25,ok,18,0.955
2026-07-22T10:49:36.425897,1610612760,overall,,2024-11-19,2024-25,ok,20,1.0
2026-07-22T10:49:38.022955,1610612760,home,,2024-11-19,2024-25,ok,20,0.847
2026-07-22T10:49:39.670962,1610612760,away,,2024-11-19,2024-25,ok,20,0.92
2026-07-22T10:49:41.479707,1610612761,overall,,2024-11-19,2024-25,ok,18,1.086
2026-07-22T10:49:44.137344,1610612761,home,,2024-11-19,2024-25,ok,18,1.934
2026-07-22T10:49:46.059168,1610612761,away,,2024-11-19,2024-25,ok,18,1.15
2026-07-22T10:49:47.827347,1610612762,overall,,2024-11-19,2024-25,ok,18,1.045
2026-07-22T10:49:49.319278,1610612762,home,,2024-11-19,2024-25,ok,18,0.778
2026-07-22T10:49:51.092031,1610612762,away,,2024-11-19,2024-25,ok,18,1.054
2026-07-22T10:49:52.761870,1610612763,overall,,2024-11-19,2024-25,ok,18,0.953
2026-07-22T10:49:54.344599,1610612763,home,,2024-11-19,2024-25,ok,18,0.871
2026-07-22T10:49:56.051408,1610612763,away,,2024-11-19,2024-25,ok,18,0.989
2026-07-22T10:49:57.885769,1610612764,overall,,2024-11-19,2024-25,ok,18,1.116
2026-07-22T10:49:59.571712,1610612764,home,,2024-11-19,2024-25,ok,18,0.964
2026-07-22T10:50:01.388710,1610612764,away,,2024-11-19,2024-25,ok,18,0.983
2026-07-22T10:50:03.084192,1610612765,overall,,2024-11-19,2024-25,ok,17,0.982
2026-07-22T10:50:04.814758,1610612765,home,,2024-11-19,2024-25,ok,17,1.007
2026-07-22T10:50:06.572733,1610612765,away,,2024-11-19,2024-25,ok,17,1.034
2026-07-22T10:50:08.417969,1610612766,overall,,2024-11-19,2024-25,ok,18,1.13
2026-07-22T10:50:10.072835,1610612766,home,,2024-11-19,2024-25,ok,18,0.943
2026-07-22T10:50:11.760123,1610612766,away,,2024-11-19,2024-25,ok,18,0.959
2026-07-22T10:50:13.602580,1610612737,overall,,2024-11-26,2024-25,ok,18,1.124
2026-07-22T10:50:15.064826,1610612737,home,,2024-11-26,2024-25,ok,18,0.747
2026-07-22T10:50:16.799342,1610612737,away,,2024-11-26,2024-25,ok,18,1.017
2026-07-22T10:50:18.740116,1610612738,overall,,2024-11-26,2024-25,ok,17,1.223
2026-07-22T10:50:20.287278,1610612738,home,,2024-11-26,2024-25,ok,17,0.829
2026-07-22T10:50:21.893787,1610612738,away,,2024-11-26,2024-25,ok,17,0.89
2026-07-22T10:50:23.576551,1610612739,overall,,2024-11-26,2024-25,ok,17,0.887
2026-07-22T10:50:25.258249,1610612739,home,,2024-11-26,2024-25,ok,17,0.961
2026-07-22T10:50:26.975233,1610612739,away,,2024-11-26,2024-25,ok,17,0.991
2026-07-22T10:50:28.855139,1610612740,overall,,2024-11-26,2024-25,ok,19,1.157
2026-07-22T10:50:30.517546,1610612740,home,,2024-11-26,2024-25,ok,19,0.95
2026-07-22T10:50:32.020734,1610612740,away,,2024-11-26,2024-25,ok,19,0.789
2026-07-22T10:50:33.704129,1610612741,overall,,2024-11-26,2024-25,ok,18,0.963
2026-07-22T10:50:35.471576,1610612741,home,,2024-11-26,2024-25,ok,18,1.04
2026-07-22T10:50:37.239849,1610612741,away,,2024-11-26,2024-25,ok,18,1.049
2026-07-22T10:50:39.139951,1610612742,overall,,2024-11-26,2024-25,ok,18,1.167
2026-07-22T10:50:40.704393,1610612742,home,,2024-11-26,2024-25,ok,18,0.835
2026-07-22T10:50:42.261788,1610612742,away,,2024-11-26,2024-25,ok,18,0.834
2026-07-22T10:50:44.162324,1610612743,overall,,2024-11-26,2024-25,ok,18,1.185
2026-07-22T10:50:45.891373,1610612743,home,,2024-11-26,2024-25,ok,18,1.01
2026-07-22T10:50:47.623966,1610612743,away,,2024-11-26,2024-25,ok,18,1.019
2026-07-22T10:50:49.367353,1610612744,overall,,2024-11-26,2024-25,ok,17,1.031
2026-07-22T10:50:51.211699,1610612744,home,,2024-11-26,2024-25,ok,17,1.13
2026-07-22T10:50:53.012737,1610612744,away,,2024-11-26,2024-25,ok,17,1.047
2026-07-22T10:50:55.368134,1610612745,overall,,2024-11-26,2024-25,ok,17,1.524
2026-07-22T10:50:57.017703,1610612745,home,,2024-11-26,2024-25,ok,17,0.935
2026-07-22T10:50:59.370609,1610612745,away,,2024-11-26,2024-25,ok,17,1.632
2026-07-22T10:51:01.150291,1610612746,overall,,2024-11-26,2024-25,ok,18,1.063
2026-07-22T10:51:02.888557,1610612746,home,,2024-11-26,2024-25,ok,18,1.022
2026-07-22T10:51:04.473517,1610612746,away,,2024-11-26,2024-25,ok,18,0.868
2026-07-22T10:51:06.063062,1610612747,overall,,2024-11-26,2024-25,ok,18,0.87
2026-07-22T10:51:07.917817,1610612747,home,,2024-11-26,2024-25,ok,18,1.136
2026-07-22T10:51:09.573809,1610612747,away,,2024-11-26,2024-25,ok,18,0.888
2026-07-22T10:51:11.059276,1610612748,overall,,2024-11-26,2024-25,ok,17,0.763
2026-07-22T10:51:12.713181,1610612748,home,,2024-11-26,2024-25,ok,17,0.938
2026-07-22T10:51:14.872288,1610612748,away,,2024-11-26,2024-25,ok,17,1.442
2026-07-22T10:51:16.607776,1610612749,overall,,2024-11-26,2024-25,ok,18,1.022
2026-07-22T10:51:18.235989,1610612749,home,,2024-11-26,2024-25,ok,18,0.913
2026-07-22T10:51:19.876396,1610612749,away,,2024-11-26,2024-25,ok,18,0.925
2026-07-22T10:51:21.522865,1610612750,overall,,2024-11-26,2024-25,ok,18,0.93
2026-07-22T10:51:23.163672,1610612750,home,,2024-11-26,2024-25,ok,18,0.924
2026-07-22T10:51:24.622233,1610612750,away,,2024-11-26,2024-25,ok,18,0.74
2026-07-22T10:51:26.340510,1610612751,overall,,2024-11-26,2024-25,ok,18,0.998
2026-07-22T10:51:28.071056,1610612751,home,,2024-11-26,2024-25,ok,18,1.014
2026-07-22T10:51:29.824212,1610612751,away,,2024-11-26,2024-25,ok,18,1.024
2026-07-22T10:51:31.454387,1610612752,overall,,2024-11-26,2024-25,ok,17,0.919
2026-07-22T10:51:32.980825,1610612752,home,,2024-11-26,2024-25,ok,17,0.813
2026-07-22T10:51:34.446809,1610612752,away,,2024-11-26,2024-25,ok,17,0.735
2026-07-22T10:51:36.127522,1610612753,overall,,2024-11-26,2024-25,ok,17,0.968
2026-07-22T10:51:37.584027,1610612753,home,,2024-11-26,2024-25,ok,17,0.74
2026-07-22T10:51:39.465565,1610612753,away,,2024-11-26,2024-25,ok,17,1.167
2026-07-22T10:51:41.300331,1610612754,overall,,2024-11-26,2024-25,ok,18,1.122
2026-07-22T10:51:42.893648,1610612754,home,,2024-11-26,2024-25,ok,18,0.881
2026-07-22T10:51:44.555659,1610612754,away,,2024-11-26,2024-25,ok,18,0.951
2026-07-22T10:51:46.611370,1610612755,overall,,2024-11-26,2024-25,ok,17,1.343
2026-07-22T10:51:48.232801,1610612755,home,,2024-11-26,2024-25,ok,17,0.909
2026-07-22T10:51:50.092296,1610612755,away,,2024-11-26,2024-25,ok,17,1.145
2026-07-22T10:51:51.779490,1610612756,overall,,2024-11-26,2024-25,ok,17,0.978
2026-07-22T10:51:53.266191,1610612756,home,,2024-11-26,2024-25,ok,17,0.774
2026-07-22T10:51:54.900844,1610612756,away,,2024-11-26,2024-25,ok,17,0.922
2026-07-22T10:51:56.595281,1610612757,overall,,2024-11-26,2024-25,ok,18,0.975
2026-07-22T10:51:58.416124,1610612757,home,,2024-11-26,2024-25,ok,18,1.026
2026-07-22T10:51:59.858533,1610612757,away,,2024-11-26,2024-25,ok,18,0.728
2026-07-22T10:52:01.545541,1610612758,overall,,2024-11-26,2024-25,ok,17,0.974
2026-07-22T10:52:03.081115,1610612758,home,,2024-11-26,2024-25,ok,17,0.822
2026-07-22T10:52:04.727450,1610612758,away,,2024-11-26,2024-25,ok,17,0.932
2026-07-22T10:52:06.373051,1610612759,overall,,2024-11-26,2024-25,ok,18,0.935
2026-07-22T10:52:07.802979,1610612759,home,,2024-11-26,2024-25,ok,18,0.718
2026-07-22T10:52:09.488019,1610612759,away,,2024-11-26,2024-25,ok,18,0.966
2026-07-22T10:52:10.981578,1610612760,overall,,2024-11-26,2024-25,ok,20,0.784
2026-07-22T10:52:12.817677,1610612760,home,,2024-11-26,2024-25,ok,20,1.119
2026-07-22T10:52:14.433075,1610612760,away,,2024-11-26,2024-25,ok,20,0.904
2026-07-22T10:52:16.206979,1610612761,overall,,2024-11-26,2024-25,ok,18,1.059
2026-07-22T10:52:17.742861,1610612761,home,,2024-11-26,2024-25,ok,18,0.82
2026-07-22T10:52:19.630870,1610612761,away,,2024-11-26,2024-25,ok,18,1.177
2026-07-22T10:52:21.223310,1610612762,overall,,2024-11-26,2024-25,ok,19,0.878
2026-07-22T10:52:22.788695,1610612762,home,,2024-11-26,2024-25,ok,19,0.851
2026-07-22T10:52:24.498528,1610612762,away,,2024-11-26,2024-25,ok,18,0.996
2026-07-22T10:52:26.120116,1610612763,overall,,2024-11-26,2024-25,ok,18,0.909
2026-07-22T10:52:27.679489,1610612763,home,,2024-11-26,2024-25,ok,18,0.839
2026-07-22T10:52:29.414077,1610612763,away,,2024-11-26,2024-25,ok,18,1.02
2026-07-22T10:52:31.156451,1610612764,overall,,2024-11-26,2024-25,ok,18,1.029
2026-07-22T10:52:32.781221,1610612764,home,,2024-11-26,2024-25,ok,18,0.916
2026-07-22T10:52:34.531989,1610612764,away,,2024-11-26,2024-25,ok,18,1.04
2026-07-22T10:52:36.058893,1610612765,overall,,2024-11-26,2024-25,ok,17,0.81
2026-07-22T10:52:37.707133,1610612765,home,,2024-11-26,2024-25,ok,17,0.938
2026-07-22T10:52:39.311523,1610612765,away,,2024-11-26,2024-25,ok,17,0.889
2026-07-22T10:52:40.974896,1610612766,overall,,2024-11-26,2024-25,ok,18,0.947
2026-07-22T10:52:42.603563,1610612766,home,,2024-11-26,2024-25,ok,18,0.915
2026-07-22T10:52:45.180396,1610612766,away,,2024-11-26,2024-25,ok,18,1.864
2026-07-22T10:52:46.911854,1610612737,overall,,2024-12-03,2024-25,ok,18,1.017
2026-07-22T10:52:48.480869,1610612737,home,,2024-12-03,2024-25,ok,18,0.857
2026-07-22T10:52:50.103047,1610612737,away,,2024-12-03,2024-25,ok,18,0.904
2026-07-22T10:52:51.845625,1610612738,overall,,2024-12-03,2024-25,ok,17,1.024
2026-07-22T10:52:53.289864,1610612738,home,,2024-12-03,2024-25,ok,17,0.727
2026-07-22T10:52:54.812830,1610612738,away,,2024-12-03,2024-25,ok,17,0.806
2026-07-22T10:52:56.489074,1610612739,overall,,2024-12-03,2024-25,ok,17,0.963
2026-07-22T10:52:58.092755,1610612739,home,,2024-12-03,2024-25,ok,17,0.888
2026-07-22T10:52:59.737981,1610612739,away,,2024-12-03,2024-25,ok,17,0.93
2026-07-22T10:53:01.271412,1610612740,overall,,2024-12-03,2024-25,ok,19,0.818
2026-07-22T10:53:02.908365,1610612740,home,,2024-12-03,2024-25,ok,19,0.919
2026-07-22T10:53:04.437788,1610612740,away,,2024-12-03,2024-25,ok,19,0.813
2026-07-22T10:53:06.141715,1610612741,overall,,2024-12-03,2024-25,ok,18,0.987
2026-07-22T10:53:07.715641,1610612741,home,,2024-12-03,2024-25,ok,18,0.858
2026-07-22T10:53:09.326595,1610612741,away,,2024-12-03,2024-25,ok,18,0.895
2026-07-22T10:53:10.944371,1610612742,overall,,2024-12-03,2024-25,ok,18,0.9
2026-07-22T10:53:12.527597,1610612742,home,,2024-12-03,2024-25,ok,18,0.868
2026-07-22T10:53:14.369301,1610612742,away,,2024-12-03,2024-25,ok,18,1.123
2026-07-22T10:53:16.098914,1610612743,overall,,2024-12-03,2024-25,ok,18,1.012
2026-07-22T10:53:17.833347,1610612743,home,,2024-12-03,2024-25,ok,18,1.019
2026-07-22T10:53:19.796775,1610612743,away,,2024-12-03,2024-25,ok,18,1.253
2026-07-22T10:53:21.630335,1610612744,overall,,2024-12-03,2024-25,ok,17,1.12
2026-07-22T10:53:23.162544,1610612744,home,,2024-12-03,2024-25,ok,17,0.812
2026-07-22T10:53:24.643155,1610612744,away,,2024-12-03,2024-25,ok,17,0.765
2026-07-22T10:53:26.181529,1610612745,overall,,2024-12-03,2024-25,ok,17,0.822
2026-07-22T10:53:27.890187,1610612745,home,,2024-12-03,2024-25,ok,17,0.991
2026-07-22T10:53:29.707365,1610612745,away,,2024-12-03,2024-25,ok,17,1.104
2026-07-22T10:53:31.400860,1610612746,overall,,2024-12-03,2024-25,ok,18,0.982
2026-07-22T10:53:35.467366,1610612746,home,,2024-12-03,2024-25,ok,18,3.353
2026-07-22T10:53:37.003956,1610612746,away,,2024-12-03,2024-25,ok,18,0.822
2026-07-22T10:53:38.835229,1610612747,overall,,2024-12-03,2024-25,ok,18,1.118
2026-07-22T10:53:40.502731,1610612747,home,,2024-12-03,2024-25,ok,18,0.953
2026-07-22T10:53:42.123920,1610612747,away,,2024-12-03,2024-25,ok,18,0.904
2026-07-22T10:53:43.760623,1610612748,overall,,2024-12-03,2024-25,ok,17,0.923
2026-07-22T10:53:45.195417,1610612748,home,,2024-12-03,2024-25,ok,17,0.721
2026-07-22T10:53:46.724450,1610612748,away,,2024-12-03,2024-25,ok,17,0.817
2026-07-22T10:53:48.467754,1610612749,overall,,2024-12-03,2024-25,ok,18,1.028
2026-07-22T10:53:50.110359,1610612749,home,,2024-12-03,2024-25,ok,18,0.928
2026-07-22T10:53:51.647396,1610612749,away,,2024-12-03,2024-25,ok,18,0.819
2026-07-22T10:53:53.426351,1610612750,overall,,2024-12-03,2024-25,ok,18,1.063
2026-07-22T10:53:54.924157,1610612750,home,,2024-12-03,2024-25,ok,18,0.782
2026-07-22T10:53:56.458738,1610612750,away,,2024-12-03,2024-25,ok,18,0.82
2026-07-22T10:53:58.421656,1610612751,overall,,2024-12-03,2024-25,ok,18,1.247
2026-07-22T10:53:59.974725,1610612751,home,,2024-12-03,2024-25,ok,18,0.839
2026-07-22T10:54:01.578191,1610612751,away,,2024-12-03,2024-25,ok,18,0.891
2026-07-22T10:54:03.220244,1610612752,overall,,2024-12-03,2024-25,ok,17,0.922
2026-07-22T10:54:04.857526,1610612752,home,,2024-12-03,2024-25,ok,17,0.921
2026-07-22T10:54:06.670805,1610612752,away,,2024-12-03,2024-25,ok,17,1.099
2026-07-22T10:54:08.436250,1610612753,overall,,2024-12-03,2024-25,ok,17,1.054
2026-07-22T10:54:10.181213,1610612753,home,,2024-12-03,2024-25,ok,17,1.028
2026-07-22T10:54:11.818604,1610612753,away,,2024-12-03,2024-25,ok,17,0.924
2026-07-22T10:54:13.563068,1610612754,overall,,2024-12-03,2024-25,ok,18,1.003
2026-07-22T10:54:15.193509,1610612754,home,,2024-12-03,2024-25,ok,18,0.916
2026-07-22T10:54:16.838953,1610612754,away,,2024-12-03,2024-25,ok,18,0.931
2026-07-22T10:54:18.591162,1610612755,overall,,2024-12-03,2024-25,ok,18,1.037
2026-07-22T10:54:23.287213,1610612755,home,,2024-12-03,2024-25,ok,17,3.981
2026-07-22T10:54:25.031497,1610612755,away,,2024-12-03,2024-25,ok,18,1.025
2026-07-22T10:54:26.674044,1610612756,overall,,2024-12-03,2024-25,ok,17,0.925
2026-07-22T10:54:28.306625,1610612756,home,,2024-12-03,2024-25,ok,17,0.916
2026-07-22T10:54:29.944906,1610612756,away,,2024-12-03,2024-25,ok,17,0.92
2026-07-22T10:54:31.685696,1610612757,overall,,2024-12-03,2024-25,ok,18,1.024
2026-07-22T10:54:33.324624,1610612757,home,,2024-12-03,2024-25,ok,18,0.926
2026-07-22T10:54:35.030616,1610612757,away,,2024-12-03,2024-25,ok,18,0.99
2026-07-22T10:54:36.625289,1610612758,overall,,2024-12-03,2024-25,ok,18,0.879
2026-07-22T10:54:38.321128,1610612758,home,,2024-12-03,2024-25,ok,18,0.982
2026-07-22T10:54:40.125429,1610612758,away,,2024-12-03,2024-25,ok,18,1.078
2026-07-22T10:54:41.821627,1610612759,overall,,2024-12-03,2024-25,ok,18,0.968
2026-07-22T10:54:43.303071,1610612759,home,,2024-12-03,2024-25,ok,18,0.763
2026-07-22T10:54:44.895785,1610612759,away,,2024-12-03,2024-25,ok,18,0.877
2026-07-22T10:54:46.838610,1610612760,overall,,2024-12-03,2024-25,ok,20,1.227
2026-07-22T10:54:48.449239,1610612760,home,,2024-12-03,2024-25,ok,20,0.894
2026-07-22T10:54:50.027346,1610612760,away,,2024-12-03,2024-25,ok,20,0.862
2026-07-22T10:54:51.962946,1610612761,overall,,2024-12-03,2024-25,ok,18,1.222
2026-07-22T10:54:53.596937,1610612761,home,,2024-12-03,2024-25,ok,18,0.922
2026-07-22T10:54:55.138217,1610612761,away,,2024-12-03,2024-25,ok,18,0.825
2026-07-22T10:54:56.824567,1610612762,overall,,2024-12-03,2024-25,ok,19,0.965
2026-07-22T10:54:58.345560,1610612762,home,,2024-12-03,2024-25,ok,19,0.805
2026-07-22T10:54:59.978426,1610612762,away,,2024-12-03,2024-25,ok,19,0.907
2026-07-22T10:55:01.660543,1610612763,overall,,2024-12-03,2024-25,ok,18,0.967
2026-07-22T10:55:03.692028,1610612763,home,,2024-12-03,2024-25,ok,18,1.307
2026-07-22T10:55:05.415780,1610612763,away,,2024-12-03,2024-25,ok,18,0.996
2026-07-22T10:55:07.114913,1610612764,overall,,2024-12-03,2024-25,ok,18,0.979
2026-07-22T10:55:08.664165,1610612764,home,,2024-12-03,2024-25,ok,18,0.835
2026-07-22T10:55:10.260281,1610612764,away,,2024-12-03,2024-25,ok,18,0.88
2026-07-22T10:55:12.047825,1610612765,overall,,2024-12-03,2024-25,ok,17,1.07
2026-07-22T10:55:13.570322,1610612765,home,,2024-12-03,2024-25,ok,17,0.809
2026-07-22T10:55:15.205339,1610612765,away,,2024-12-03,2024-25,ok,17,0.92
2026-07-22T10:55:16.949350,1610612766,overall,,2024-12-03,2024-25,ok,19,1.029
2026-07-22T10:55:18.485048,1610612766,home,,2024-12-03,2024-25,ok,19,0.821
2026-07-22T10:55:20.126451,1610612766,away,,2024-12-03,2024-25,ok,18,0.924
2026-07-22T10:55:21.659721,1610612737,overall,,2024-12-10,2024-25,ok,18,0.815
2026-07-22T10:55:23.175065,1610612737,home,,2024-12-10,2024-25,ok,18,0.799
2026-07-22T10:55:25.116431,1610612737,away,,2024-12-10,2024-25,ok,18,1.219
2026-07-22T10:55:26.653040,1610612738,overall,,2024-12-10,2024-25,ok,17,0.821
2026-07-22T10:55:28.324074,1610612738,home,,2024-12-10,2024-25,ok,17,0.953
2026-07-22T10:55:30.053886,1610612738,away,,2024-12-10,2024-25,ok,17,1.012
2026-07-22T10:55:31.687269,1610612739,overall,,2024-12-10,2024-25,ok,17,0.916
2026-07-22T10:55:33.331304,1610612739,home,,2024-12-10,2024-25,ok,17,0.93
2026-07-22T10:55:35.102421,1610612739,away,,2024-12-10,2024-25,ok,17,1.055
2026-07-22T10:55:36.805309,1610612740,overall,,2024-12-10,2024-25,ok,19,0.985
2026-07-22T10:55:38.793610,1610612740,home,,2024-12-10,2024-25,ok,19,1.272
2026-07-22T10:55:40.372549,1610612740,away,,2024-12-10,2024-25,ok,19,0.865
2026-07-22T10:55:41.962337,1610612741,overall,,2024-12-10,2024-25,ok,18,0.877
2026-07-22T10:55:43.594457,1610612741,home,,2024-12-10,2024-25,ok,18,0.908
2026-07-22T10:55:45.231741,1610612741,away,,2024-12-10,2024-25,ok,18,0.919
2026-07-22T10:55:46.840774,1610612742,overall,,2024-12-10,2024-25,ok,18,0.893
2026-07-22T10:55:48.589621,1610612742,home,,2024-12-10,2024-25,ok,18,1.032
2026-07-22T10:55:50.310539,1610612742,away,,2024-12-10,2024-25,ok,18,1.007
2026-07-22T10:55:51.942059,1610612743,overall,,2024-12-10,2024-25,ok,18,0.919
2026-07-22T10:55:54.731605,1610612743,home,,2024-12-10,2024-25,ok,18,2.039
2026-07-22T10:55:56.365206,1610612743,away,,2024-12-10,2024-25,ok,18,0.909
2026-07-22T10:55:57.871253,1610612744,overall,,2024-12-10,2024-25,ok,17,0.786
2026-07-22T10:55:59.475419,1610612744,home,,2024-12-10,2024-25,ok,17,0.887
2026-07-22T10:56:01.080673,1610612744,away,,2024-12-10,2024-25,ok,17,0.89
2026-07-22T10:56:04.914056,1610612745,overall,,2024-12-10,2024-25,ok,17,3.118
2026-07-22T10:56:06.593279,1610612745,home,,2024-12-10,2024-25,ok,17,0.967
2026-07-22T10:56:08.151280,1610612745,away,,2024-12-10,2024-25,ok,17,0.843
2026-07-22T10:56:09.669684,1610612746,overall,,2024-12-10,2024-25,ok,18,0.796
2026-07-22T10:56:11.329100,1610612746,home,,2024-12-10,2024-25,ok,18,0.94
2026-07-22T10:56:12.889734,1610612746,away,,2024-12-10,2024-25,ok,18,0.822
2026-07-22T10:56:14.490703,1610612747,overall,,2024-12-10,2024-25,ok,18,0.887
2026-07-22T10:56:17.825250,1610612747,home,,2024-12-10,2024-25,ok,18,2.62
2026-07-22T10:56:19.720269,1610612747,away,,2024-12-10,2024-25,ok,18,1.179
2026-07-22T10:56:21.361113,1610612748,overall,,2024-12-10,2024-25,ok,17,0.924
2026-07-22T10:56:22.932151,1610612748,home,,2024-12-10,2024-25,ok,17,0.852
2026-07-22T10:56:24.389222,1610612748,away,,2024-12-10,2024-25,ok,17,0.734
2026-07-22T10:56:26.034455,1610612749,overall,,2024-12-10,2024-25,ok,18,0.912
2026-07-22T10:56:27.708581,1610612749,home,,2024-12-10,2024-25,ok,18,0.956
2026-07-22T10:56:29.355833,1610612749,away,,2024-12-10,2024-25,ok,18,0.915
2026-07-22T10:56:31.283811,1610612750,overall,,2024-12-10,2024-25,ok,18,1.181
2026-07-22T10:56:33.132930,1610612750,home,,2024-12-10,2024-25,ok,18,0.947
2026-07-22T10:56:34.769009,1610612750,away,,2024-12-10,2024-25,ok,18,0.922
2026-07-22T10:56:36.288386,1610612751,overall,,2024-12-10,2024-25,ok,18,0.803
2026-07-22T10:56:37.756337,1610612751,home,,2024-12-10,2024-25,ok,18,0.755
2026-07-22T10:56:40.135650,1610612751,away,,2024-12-10,2024-25,ok,18,1.669
2026-07-22T10:56:41.841823,1610612752,overall,,2024-12-10,2024-25,ok,17,0.978
2026-07-22T10:56:43.458962,1610612752,home,,2024-12-10,2024-25,ok,17,0.9
2026-07-22T10:56:45.219140,1610612752,away,,2024-12-10,2024-25,ok,17,1.045
2026-07-22T10:56:47.471098,1610612753,overall,,2024-12-10,2024-25,ok,17,1.538
2026-07-22T10:56:49.111219,1610612753,home,,2024-12-10,2024-25,ok,17,0.924
2026-07-22T10:56:50.712922,1610612753,away,,2024-12-10,2024-25,ok,17,0.888
2026-07-22T10:56:52.334415,1610612754,overall,,2024-12-10,2024-25,ok,18,0.877
2026-07-22T10:56:54.025088,1610612754,home,,2024-12-10,2024-25,ok,18,0.977
2026-07-22T10:56:55.829463,1610612754,away,,2024-12-10,2024-25,ok,18,1.085
2026-07-22T10:56:57.605388,1610612755,overall,,2024-12-10,2024-25,ok,18,1.059
2026-07-22T10:56:59.287897,1610612755,home,,2024-12-10,2024-25,ok,18,0.96
2026-07-22T10:57:00.787001,1610612755,away,,2024-12-10,2024-25,ok,18,0.776
2026-07-22T10:57:02.431179,1610612756,overall,,2024-12-10,2024-25,ok,17,0.927
2026-07-22T10:57:04.224922,1610612756,home,,2024-12-10,2024-25,ok,17,1.075
2026-07-22T10:57:05.780991,1610612756,away,,2024-12-10,2024-25,ok,17,0.838
2026-07-22T10:57:07.362793,1610612757,overall,,2024-12-10,2024-25,ok,18,0.863
2026-07-22T10:57:09.076774,1610612757,home,,2024-12-10,2024-25,ok,18,0.899
2026-07-22T10:57:10.657036,1610612757,away,,2024-12-10,2024-25,ok,18,0.793
2026-07-22T10:57:12.275702,1610612758,overall,,2024-12-10,2024-25,ok,18,0.896
2026-07-22T10:57:13.991598,1610612758,home,,2024-12-10,2024-25,ok,18,1.0
2026-07-22T10:57:15.648807,1610612758,away,,2024-12-10,2024-25,ok,18,0.895
2026-07-22T10:57:17.417293,1610612759,overall,,2024-12-10,2024-25,ok,18,1.036
2026-07-22T10:57:19.039128,1610612759,home,,2024-12-10,2024-25,ok,18,0.906
2026-07-22T10:57:20.573506,1610612759,away,,2024-12-10,2024-25,ok,18,0.813
2026-07-22T10:57:22.241280,1610612760,overall,,2024-12-10,2024-25,ok,20,0.95
2026-07-22T10:57:23.827591,1610612760,home,,2024-12-10,2024-25,ok,20,0.87
2026-07-22T10:57:25.364860,1610612760,away,,2024-12-10,2024-25,ok,20,0.812
2026-07-22T10:57:27.305934,1610612761,overall,,2024-12-10,2024-25,ok,18,1.207
2026-07-22T10:57:29.053791,1610612761,home,,2024-12-10,2024-25,ok,18,1.035
2026-07-22T10:57:30.586697,1610612761,away,,2024-12-10,2024-25,ok,18,0.813
2026-07-22T10:57:32.334477,1610612762,overall,,2024-12-10,2024-25,ok,19,1.028
2026-07-22T10:57:34.075252,1610612762,home,,2024-12-10,2024-25,ok,19,1.018
2026-07-22T10:57:35.702729,1610612762,away,,2024-12-10,2024-25,ok,19,0.894
2026-07-22T10:57:37.343345,1610612763,overall,,2024-12-10,2024-25,ok,18,0.924
2026-07-22T10:57:39.697899,1610612763,home,,2024-12-10,2024-25,ok,18,1.638
2026-07-22T10:57:45.449730,1610612763,away,,2024-12-10,2024-25,ok,18,5.03
2026-07-22T10:57:47.187562,1610612764,overall,,2024-12-10,2024-25,ok,18,1.002
2026-07-22T10:57:48.913121,1610612764,home,,2024-12-10,2024-25,ok,18,1.012
2026-07-22T10:57:50.602562,1610612764,away,,2024-12-10,2024-25,ok,18,0.972
2026-07-22T10:57:52.292666,1610612765,overall,,2024-12-10,2024-25,ok,17,0.974
2026-07-22T10:57:54.139010,1610612765,home,,2024-12-10,2024-25,ok,17,1.13
2026-07-22T10:57:55.639547,1610612765,away,,2024-12-10,2024-25,ok,17,0.781
2026-07-22T10:57:57.302808,1610612766,overall,,2024-12-10,2024-25,ok,19,0.945
2026-07-22T10:57:59.738267,1610612766,home,,2024-12-10,2024-25,ok,19,1.722
2026-07-22T10:58:01.409966,1610612766,away,,2024-12-10,2024-25,ok,19,0.957
2026-07-22T10:58:03.044459,1610612737,overall,,2024-12-17,2024-25,ok,18,0.919
2026-07-22T10:58:04.783236,1610612737,home,,2024-12-17,2024-25,ok,18,1.023
2026-07-22T10:58:06.365955,1610612737,away,,2024-12-17,2024-25,ok,18,0.862
2026-07-22T10:58:08.056489,1610612738,overall,,2024-12-17,2024-25,ok,17,0.971
2026-07-22T10:58:11.237114,1610612738,home,,2024-12-17,2024-25,ok,17,2.465
2026-07-22T10:58:17.586409,1610612738,away,,2024-12-17,2024-25,ok,17,5.634
2026-07-22T10:58:19.128642,1610612739,overall,,2024-12-17,2024-25,ok,17,0.822
2026-07-22T10:58:20.966463,1610612739,home,,2024-12-17,2024-25,ok,17,1.123
2026-07-22T10:58:22.707020,1610612739,away,,2024-12-17,2024-25,ok,17,1.024
2026-07-22T10:58:24.217997,1610612740,overall,,2024-12-17,2024-25,ok,19,0.797
2026-07-22T10:58:25.678133,1610612740,home,,2024-12-17,2024-25,ok,19,0.744
2026-07-22T10:58:27.311269,1610612740,away,,2024-12-17,2024-25,ok,19,0.908
2026-07-22T10:58:28.854239,1610612741,overall,,2024-12-17,2024-25,ok,18,0.83
2026-07-22T10:58:30.663701,1610612741,home,,2024-12-17,2024-25,ok,18,1.087
2026-07-22T10:58:32.128677,1610612741,away,,2024-12-17,2024-25,ok,18,0.745
2026-07-22T10:58:33.773544,1610612742,overall,,2024-12-17,2024-25,ok,18,0.917
2026-07-22T10:58:35.504729,1610612742,home,,2024-12-17,2024-25,ok,18,1.016
2026-07-22T10:58:37.126014,1610612742,away,,2024-12-17,2024-25,ok,18,0.903
2026-07-22T10:58:38.682510,1610612743,overall,,2024-12-17,2024-25,ok,18,0.839
2026-07-22T10:58:40.428086,1610612743,home,,2024-12-17,2024-25,ok,18,0.99
2026-07-22T10:58:41.935040,1610612743,away,,2024-12-17,2024-25,ok,18,0.794
2026-07-22T10:58:43.574944,1610612744,overall,,2024-12-17,2024-25,ok,18,0.918
2026-07-22T10:58:45.234398,1610612744,home,,2024-12-17,2024-25,ok,18,0.947
2026-07-22T10:58:46.976823,1610612744,away,,2024-12-17,2024-25,ok,17,1.024
2026-07-22T10:58:48.510697,1610612745,overall,,2024-12-17,2024-25,ok,17,0.815
2026-07-22T10:58:50.261266,1610612745,home,,2024-12-17,2024-25,ok,17,1.032
2026-07-22T10:58:51.940563,1610612745,away,,2024-12-17,2024-25,ok,17,0.952
2026-07-22T10:58:53.887210,1610612746,overall,,2024-12-17,2024-25,ok,18,1.231
2026-07-22T10:58:55.425261,1610612746,home,,2024-12-17,2024-25,ok,18,0.817
2026-07-22T10:58:57.317655,1610612746,away,,2024-12-17,2024-25,ok,18,1.176
2026-07-22T10:58:58.909624,1610612747,overall,,2024-12-17,2024-25,ok,18,0.877
2026-07-22T10:59:00.466067,1610612747,home,,2024-12-17,2024-25,ok,18,0.835
2026-07-22T10:59:02.133710,1610612747,away,,2024-12-17,2024-25,ok,18,0.949
2026-07-22T10:59:03.676947,1610612748,overall,,2024-12-17,2024-25,ok,17,0.829
2026-07-22T10:59:05.618109,1610612748,home,,2024-12-17,2024-25,ok,17,1.222
2026-07-22T10:59:07.169288,1610612748,away,,2024-12-17,2024-25,ok,17,0.835
2026-07-22T10:59:08.891098,1610612749,overall,,2024-12-17,2024-25,ok,18,0.998
2026-07-22T10:59:10.488295,1610612749,home,,2024-12-17,2024-25,ok,18,0.88
2026-07-22T10:59:14.521692,1610612749,away,,2024-12-17,2024-25,ok,18,3.317
2026-07-22T10:59:16.095757,1610612750,overall,,2024-12-17,2024-25,ok,18,0.86
2026-07-22T10:59:17.794550,1610612750,home,,2024-12-17,2024-25,ok,18,0.981
2026-07-22T10:59:19.335541,1610612750,away,,2024-12-17,2024-25,ok,18,0.823
2026-07-22T10:59:20.872295,1610612751,overall,,2024-12-17,2024-25,ok,20,0.818
2026-07-22T10:59:22.425504,1610612751,home,,2024-12-17,2024-25,ok,20,0.805
2026-07-22T10:59:24.148878,1610612751,away,,2024-12-17,2024-25,ok,18,1.006
2026-07-22T10:59:25.802957,1610612752,overall,,2024-12-17,2024-25,ok,17,0.936
2026-07-22T10:59:27.421986,1610612752,home,,2024-12-17,2024-25,ok,17,0.902
2026-07-22T10:59:29.061478,1610612752,away,,2024-12-17,2024-25,ok,17,0.927
2026-07-22T10:59:30.806923,1610612753,overall,,2024-12-17,2024-25,ok,17,1.028
2026-07-22T10:59:32.342437,1610612753,home,,2024-12-17,2024-25,ok,17,0.816
2026-07-22T10:59:33.977663,1610612753,away,,2024-12-17,2024-25,ok,17,0.92
2026-07-22T10:59:35.604891,1610612754,overall,,2024-12-17,2024-25,ok,19,0.91
2026-07-22T10:59:37.110641,1610612754,home,,2024-12-17,2024-25,ok,19,0.789
2026-07-22T10:59:38.899366,1610612754,away,,2024-12-17,2024-25,ok,18,1.073
2026-07-22T10:59:40.636178,1610612755,overall,,2024-12-17,2024-25,ok,18,1.025
2026-07-22T10:59:42.200329,1610612755,home,,2024-12-17,2024-25,ok,18,0.844
2026-07-22T10:59:43.707172,1610612755,away,,2024-12-17,2024-25,ok,18,0.786
2026-07-22T10:59:45.348396,1610612756,overall,,2024-12-17,2024-25,ok,17,0.921
2026-07-22T10:59:46.989524,1610612756,home,,2024-12-17,2024-25,ok,17,0.92
2026-07-22T10:59:48.621196,1610612756,away,,2024-12-17,2024-25,ok,17,0.918
2026-07-22T10:59:50.158169,1610612757,overall,,2024-12-17,2024-25,ok,18,0.823
2026-07-22T10:59:51.777444,1610612757,home,,2024-12-17,2024-25,ok,18,0.902
2026-07-22T10:59:53.273244,1610612757,away,,2024-12-17,2024-25,ok,18,0.78
2026-07-22T10:59:54.873860,1610612758,overall,,2024-12-17,2024-25,ok,18,0.879
2026-07-22T10:59:56.813428,1610612758,home,,2024-12-17,2024-25,ok,18,1.221
2026-07-22T10:59:58.553219,1610612758,away,,2024-12-17,2024-25,ok,18,1.024
2026-07-22T11:00:00.524093,1610612759,overall,,2024-12-17,2024-25,ok,18,1.259
2026-07-22T11:00:02.239425,1610612759,home,,2024-12-17,2024-25,ok,18,1.0
2026-07-22T11:00:03.843502,1610612759,away,,2024-12-17,2024-25,ok,18,0.891
2026-07-22T11:00:05.926253,1610612760,overall,,2024-12-17,2024-25,ok,20,1.371
2026-07-22T11:00:07.668719,1610612760,home,,2024-12-17,2024-25,ok,20,1.029
2026-07-22T11:00:09.366995,1610612760,away,,2024-12-17,2024-25,ok,20,0.985
2026-07-22T11:00:11.050059,1610612761,overall,,2024-12-17,2024-25,ok,19,0.966
2026-07-22T11:00:13.711016,1610612761,home,,2024-12-17,2024-25,ok,19,1.945
2026-07-22T11:00:15.445173,1610612761,away,,2024-12-17,2024-25,ok,19,1.021
2026-07-22T11:00:17.193632,1610612762,overall,,2024-12-17,2024-25,ok,19,1.032
2026-07-22T11:00:19.035821,1610612762,home,,2024-12-17,2024-25,ok,19,1.127
2026-07-22T11:00:21.392939,1610612762,away,,2024-12-17,2024-25,ok,19,1.638
2026-07-22T11:00:23.745709,1610612763,overall,,2024-12-17,2024-25,ok,18,1.636
2026-07-22T11:00:25.693020,1610612763,home,,2024-12-17,2024-25,ok,18,1.23
2026-07-22T11:00:27.547406,1610612763,away,,2024-12-17,2024-25,ok,18,1.137
2026-07-22T11:00:29.796909,1610612764,overall,,2024-12-17,2024-25,ok,18,1.528
2026-07-22T11:00:35.930619,1610612764,home,,2024-12-17,2024-25,ok,18,5.418
2026-07-22T11:00:37.672656,1610612764,away,,2024-12-17,2024-25,ok,18,1.027
2026-07-22T11:00:39.720723,1610612765,overall,,2024-12-17,2024-25,ok,17,1.335
2026-07-22T11:00:41.564015,1610612765,home,,2024-12-17,2024-25,ok,17,1.13
2026-07-22T11:00:43.410637,1610612765,away,,2024-12-17,2024-25,ok,17,1.133
2026-07-22T11:00:47.300241,1610612766,overall,,2024-12-17,2024-25,ok,19,3.175
2026-07-22T11:00:49.246154,1610612766,home,,2024-12-17,2024-25,ok,19,1.23
2026-07-22T11:00:51.602051,1610612766,away,,2024-12-17,2024-25,ok,19,1.637
2026-07-22T11:00:54.163623,1610612737,overall,,2024-12-24,2024-25,ok,18,1.84
2026-07-22T11:00:56.190387,1610612737,home,,2024-12-24,2024-25,ok,18,1.311
2026-07-22T11:00:57.985289,1610612737,away,,2024-12-24,2024-25,ok,18,1.07
2026-07-22T11:01:00.058888,1610612738,overall,,2024-12-24,2024-25,ok,17,1.351
2026-07-22T11:01:02.062875,1610612738,home,,2024-12-24,2024-25,ok,17,1.271
2026-07-22T11:01:03.967689,1610612738,away,,2024-12-24,2024-25,ok,17,1.187
2026-07-22T11:01:06.034759,1610612739,overall,,2024-12-24,2024-25,ok,17,1.352
2026-07-22T11:01:08.185049,1610612739,home,,2024-12-24,2024-25,ok,17,1.432
2026-07-22T11:01:10.032116,1610612739,away,,2024-12-24,2024-25,ok,17,1.131
2026-07-22T11:01:12.182481,1610612740,overall,,2024-12-24,2024-25,ok,19,1.368
2026-07-22T11:01:14.401035,1610612740,home,,2024-12-24,2024-25,ok,19,1.397
2026-07-22T11:01:16.066183,1610612740,away,,2024-12-24,2024-25,ok,19,0.952
2026-07-22T11:01:18.523073,1610612741,overall,,2024-12-24,2024-25,ok,18,1.639
2026-07-22T11:01:20.278426,1610612741,home,,2024-12-24,2024-25,ok,18,1.034
2026-07-22T11:01:22.357821,1610612741,away,,2024-12-24,2024-25,ok,18,1.176
2026-07-22T11:01:24.784060,1610612742,overall,,2024-12-24,2024-25,ok,18,1.669
2026-07-22T11:01:26.766235,1610612742,home,,2024-12-24,2024-25,ok,18,1.185
2026-07-22T11:01:28.673096,1610612742,away,,2024-12-24,2024-25,ok,18,1.189
2026-07-22T11:01:30.845045,1610612743,overall,,2024-12-24,2024-25,ok,18,1.459
2026-07-22T11:01:32.695550,1610612743,home,,2024-12-24,2024-25,ok,18,1.134
2026-07-22T11:01:34.498223,1610612743,away,,2024-12-24,2024-25,ok,18,1.089
2026-07-22T11:01:36.805827,1610612744,overall,,2024-12-24,2024-25,ok,18,1.589
2026-07-22T11:01:38.814484,1610612744,home,,2024-12-24,2024-25,ok,18,1.281
2026-07-22T11:01:40.858637,1610612744,away,,2024-12-24,2024-25,ok,18,1.322
2026-07-22T11:01:43.314510,1610612745,overall,,2024-12-24,2024-25,ok,17,1.739
2026-07-22T11:01:45.162682,1610612745,home,,2024-12-24,2024-25,ok,17,1.132
2026-07-22T11:01:46.895819,1610612745,away,,2024-12-24,2024-25,ok,17,1.018
2026-07-22T11:01:49.152710,1610612746,overall,,2024-12-24,2024-25,ok,18,1.54
2026-07-22T11:01:50.994318,1610612746,home,,2024-12-24,2024-25,ok,18,1.125
2026-07-22T11:01:53.039648,1610612746,away,,2024-12-24,2024-25,ok,18,1.332
2026-07-22T11:01:55.888452,1610612747,overall,,2024-12-24,2024-25,ok,18,2.138
2026-07-22T11:01:57.654863,1610612747,home,,2024-12-24,2024-25,ok,18,1.053
2026-07-22T11:01:59.767994,1610612747,away,,2024-12-24,2024-25,ok,18,1.38
2026-07-22T11:02:01.933161,1610612748,overall,,2024-12-24,2024-25,ok,17,1.45
2026-07-22T11:02:03.770436,1610612748,home,,2024-12-24,2024-25,ok,17,1.117
2026-07-22T11:02:05.444557,1610612748,away,,2024-12-24,2024-25,ok,17,0.957
2026-07-22T11:02:07.863724,1610612749,overall,,2024-12-24,2024-25,ok,18,1.682
2026-07-22T11:02:09.595111,1610612749,home,,2024-12-24,2024-25,ok,18,1.005
2026-07-22T11:02:14.141684,1610612749,away,,2024-12-24,2024-25,ok,18,3.827
2026-07-22T11:02:16.387506,1610612750,overall,,2024-12-24,2024-25,ok,18,1.53
2026-07-22T11:02:18.232237,1610612750,home,,2024-12-24,2024-25,ok,18,1.13
2026-07-22T11:02:20.180128,1610612750,away,,2024-12-24,2024-25,ok,18,1.066
2026-07-22T11:02:22.463519,1610612751,overall,,2024-12-24,2024-25,ok,20,1.512
2026-07-22T11:02:24.140466,1610612751,home,,2024-12-24,2024-25,ok,20,0.958
2026-07-22T11:02:25.836322,1610612751,away,,2024-12-24,2024-25,ok,20,0.972
2026-07-22T11:02:27.776698,1610612752,overall,,2024-12-24,2024-25,ok,18,1.217
2026-07-22T11:02:29.505704,1610612752,home,,2024-12-24,2024-25,ok,18,1.01
2026-07-22T11:02:31.144720,1610612752,away,,2024-12-24,2024-25,ok,17,0.923
2026-07-22T11:02:33.386386,1610612753,overall,,2024-12-24,2024-25,ok,17,1.528
2026-07-22T11:02:35.047611,1610612753,home,,2024-12-24,2024-25,ok,17,0.947
2026-07-22T11:02:37.362179,1610612753,away,,2024-12-24,2024-25,ok,17,1.6
2026-07-22T11:02:39.326344,1610612754,overall,,2024-12-24,2024-25,ok,19,1.246
2026-07-22T11:02:41.171322,1610612754,home,,2024-12-24,2024-25,ok,19,1.131
2026-07-22T11:02:42.913098,1610612754,away,,2024-12-24,2024-25,ok,19,1.025
2026-07-22T11:02:44.904222,1610612755,overall,,2024-12-24,2024-25,ok,18,1.275
2026-07-22T11:02:46.803819,1610612755,home,,2024-12-24,2024-25,ok,18,1.185
2026-07-22T11:02:48.437829,1610612755,away,,2024-12-24,2024-25,ok,18,0.921
2026-07-22T11:02:50.537719,1610612756,overall,,2024-12-24,2024-25,ok,17,1.389
2026-07-22T11:02:53.252463,1610612756,home,,2024-12-24,2024-25,ok,17,1.999
2026-07-22T11:02:54.974966,1610612756,away,,2024-12-24,2024-25,ok,17,1.008
2026-07-22T11:02:58.783511,1610612757,overall,,2024-12-24,2024-25,ok,18,3.094
2026-07-22T11:03:01.152584,1610612757,home,,2024-12-24,2024-25,ok,18,1.458
2026-07-22T11:03:02.995260,1610612757,away,,2024-12-24,2024-25,ok,18,1.127
2026-07-22T11:03:05.748677,1610612758,overall,,2024-12-24,2024-25,ok,18,2.04
2026-07-22T11:03:07.901580,1610612758,home,,2024-12-24,2024-25,ok,18,1.435
2026-07-22T11:03:09.537335,1610612758,away,,2024-12-24,2024-25,ok,18,0.917
2026-07-22T11:03:11.787896,1610612759,overall,,2024-12-24,2024-25,ok,18,1.538
2026-07-22T11:03:13.626429,1610612759,home,,2024-12-24,2024-25,ok,18,1.124
2026-07-22T11:03:15.255873,1610612759,away,,2024-12-24,2024-25,ok,18,0.914
2026-07-22T11:03:17.533098,1610612760,overall,,2024-12-24,2024-25,ok,20,1.563
2026-07-22T11:03:19.353584,1610612760,home,,2024-12-24,2024-25,ok,20,1.104
2026-07-22T11:03:21.006647,1610612760,away,,2024-12-24,2024-25,ok,20,0.937
2026-07-22T11:03:23.357855,1610612761,overall,,2024-12-24,2024-25,ok,19,1.637
2026-07-22T11:03:25.102932,1610612761,home,,2024-12-24,2024-25,ok,19,1.034
2026-07-22T11:03:26.842381,1610612761,away,,2024-12-24,2024-25,ok,19,1.024
2026-07-22T11:03:28.991691,1610612762,overall,,2024-12-24,2024-25,ok,19,1.437
2026-07-22T11:03:30.942779,1610612762,home,,2024-12-24,2024-25,ok,19,1.235
2026-07-22T11:03:32.577252,1610612762,away,,2024-12-24,2024-25,ok,19,0.917
2026-07-22T11:03:35.240452,1610612763,overall,,2024-12-24,2024-25,ok,18,1.949
2026-07-22T11:03:37.390250,1610612763,home,,2024-12-24,2024-25,ok,18,1.436
2026-07-22T11:03:39.280495,1610612763,away,,2024-12-24,2024-25,ok,18,1.172
2026-07-22T11:03:41.104645,1610612764,overall,,2024-12-24,2024-25,ok,18,1.107
2026-07-22T11:03:43.054011,1610612764,home,,2024-12-24,2024-25,ok,18,1.233
2026-07-22T11:03:44.865244,1610612764,away,,2024-12-24,2024-25,ok,18,1.096
2026-07-22T11:03:46.769497,1610612765,overall,,2024-12-24,2024-25,ok,17,1.188
2026-07-22T11:03:48.446012,1610612765,home,,2024-12-24,2024-25,ok,17,0.96
2026-07-22T11:03:50.191833,1610612765,away,,2024-12-24,2024-25,ok,17,1.028
2026-07-22T11:03:52.136121,1610612766,overall,,2024-12-24,2024-25,ok,19,1.23
2026-07-22T11:03:54.188849,1610612766,home,,2024-12-24,2024-25,ok,19,1.332
2026-07-22T11:03:55.828320,1610612766,away,,2024-12-24,2024-25,ok,19,0.92
2026-07-22T11:03:57.904779,1610612737,overall,,2024-12-31,2024-25,ok,19,1.354
2026-07-22T11:03:59.804782,1610612737,home,,2024-12-31,2024-25,ok,19,1.184
2026-07-22T11:04:01.483650,1610612737,away,,2024-12-31,2024-25,ok,19,0.963
2026-07-22T11:04:03.313970,1610612738,overall,,2024-12-31,2024-25,ok,17,1.117
2026-07-22T11:04:04.850647,1610612738,home,,2024-12-31,2024-25,ok,17,0.818
2026-07-22T11:04:06.907795,1610612738,away,,2024-12-31,2024-25,ok,17,1.341
2026-07-22T11:04:08.535880,1610612739,overall,,2024-12-31,2024-25,ok,17,0.917
2026-07-22T11:04:10.389618,1610612739,home,,2024-12-31,2024-25,ok,17,1.143
2026-07-22T11:04:12.025751,1610612739,away,,2024-12-31,2024-25,ok,17,0.921
2026-07-22T11:04:13.764723,1610612740,overall,,2024-12-31,2024-25,ok,19,1.024
2026-07-22T11:04:15.380304,1610612740,home,,2024-12-31,2024-25,ok,19,0.898
2026-07-22T11:04:16.941821,1610612740,away,,2024-12-31,2024-25,ok,19,0.843
2026-07-22T11:04:18.890390,1610612741,overall,,2024-12-31,2024-25,ok,19,1.231
2026-07-22T11:04:21.038781,1610612741,home,,2024-12-31,2024-25,ok,18,1.436
2026-07-22T11:04:22.880569,1610612741,away,,2024-12-31,2024-25,ok,19,1.127
2026-07-22T11:04:25.031133,1610612742,overall,,2024-12-31,2024-25,ok,18,1.435
2026-07-22T11:04:26.831933,1610612742,home,,2024-12-31,2024-25,ok,18,1.084
2026-07-22T11:04:28.720979,1610612742,away,,2024-12-31,2024-25,ok,18,1.171
2026-07-22T11:04:30.915551,1610612743,overall,,2024-12-31,2024-25,ok,18,1.48
2026-07-22T11:04:32.713606,1610612743,home,,2024-12-31,2024-25,ok,18,1.085
2026-07-22T11:04:34.408195,1610612743,away,,2024-12-31,2024-25,ok,18,0.976
2026-07-22T11:04:36.531101,1610612744,overall,,2024-12-31,2024-25,ok,18,1.407
2026-07-22T11:04:38.482342,1610612744,home,,2024-12-31,2024-25,ok,18,1.237
2026-07-22T11:04:40.295120,1610612744,away,,2024-12-31,2024-25,ok,18,1.099
2026-07-22T11:04:42.749989,1610612745,overall,,2024-12-31,2024-25,ok,17,1.737
2026-07-22T11:04:44.440014,1610612745,home,,2024-12-31,2024-25,ok,17,0.973
2026-07-22T11:04:46.025760,1610612745,away,,2024-12-31,2024-25,ok,17,0.87
2026-07-22T11:04:48.180999,1610612746,overall,,2024-12-31,2024-25,ok,18,1.44
2026-07-22T11:04:50.022048,1610612746,home,,2024-12-31,2024-25,ok,18,1.125
2026-07-22T11:04:51.659933,1610612746,away,,2024-12-31,2024-25,ok,18,0.924
2026-07-22T11:04:53.708698,1610612747,overall,,2024-12-31,2024-25,ok,20,1.335
2026-07-22T11:04:55.465976,1610612747,home,,2024-12-31,2024-25,ok,20,1.044
2026-07-22T11:04:57.088996,1610612747,away,,2024-12-31,2024-25,ok,18,0.906
2026-07-22T11:04:59.026514,1610612748,overall,,2024-12-31,2024-25,ok,18,1.219
2026-07-22T11:05:00.779450,1610612748,home,,2024-12-31,2024-25,ok,17,1.037
2026-07-22T11:05:02.514537,1610612748,away,,2024-12-31,2024-25,ok,18,1.019
2026-07-22T11:05:04.560156,1610612749,overall,,2024-12-31,2024-25,ok,18,1.33
2026-07-22T11:05:07.533105,1610612749,home,,2024-12-31,2024-25,ok,18,2.26
2026-07-22T11:05:09.288235,1610612749,away,,2024-12-31,2024-25,ok,18,1.039
2026-07-22T11:05:11.296833,1610612750,overall,,2024-12-31,2024-25,ok,18,1.293
2026-07-22T11:05:13.267475,1610612750,home,,2024-12-31,2024-25,ok,18,1.255
2026-07-22T11:05:15.006658,1610612750,away,,2024-12-31,2024-25,ok,18,1.026
2026-07-22T11:05:17.093312,1610612751,overall,,2024-12-31,2024-25,ok,20,1.374
2026-07-22T11:05:19.009332,1610612751,home,,2024-12-31,2024-25,ok,20,1.204
2026-07-22T11:05:20.672388,1610612751,away,,2024-12-31,2024-25,ok,20,0.948
2026-07-22T11:05:22.579413,1610612752,overall,,2024-12-31,2024-25,ok,18,1.189
2026-07-22T11:05:24.326988,1610612752,home,,2024-12-31,2024-25,ok,18,1.029
2026-07-22T11:05:25.963726,1610612752,away,,2024-12-31,2024-25,ok,18,0.921
2026-07-22T11:05:27.910946,1610612753,overall,,2024-12-31,2024-25,ok,17,1.235
2026-07-22T11:05:29.548253,1610612753,home,,2024-12-31,2024-25,ok,17,0.922
2026-07-22T11:05:31.185880,1610612753,away,,2024-12-31,2024-25,ok,17,0.924
2026-07-22T11:05:33.460693,1610612754,overall,,2024-12-31,2024-25,ok,19,1.559
2026-07-22T11:05:35.081479,1610612754,home,,2024-12-31,2024-25,ok,19,0.902
2026-07-22T11:05:36.685256,1610612754,away,,2024-12-31,2024-25,ok,19,0.888
2026-07-22T11:05:39.378740,1610612755,overall,,2024-12-31,2024-25,ok,18,1.98
2026-07-22T11:05:41.158107,1610612755,home,,2024-12-31,2024-25,ok,18,1.067
2026-07-22T11:05:42.861039,1610612755,away,,2024-12-31,2024-25,ok,18,0.986
2026-07-22T11:05:44.907906,1610612756,overall,,2024-12-31,2024-25,ok,17,1.335
2026-07-22T11:05:46.609647,1610612756,home,,2024-12-31,2024-25,ok,17,0.986
2026-07-22T11:05:48.492689,1610612756,away,,2024-12-31,2024-25,ok,17,1.169
2026-07-22T11:05:50.519030,1610612757,overall,,2024-12-31,2024-25,ok,18,1.313
2026-07-22T11:05:52.255804,1610612757,home,,2024-12-31,2024-25,ok,18,1.027
2026-07-22T11:05:53.855304,1610612757,away,,2024-12-31,2024-25,ok,18,0.888
2026-07-22T11:05:55.868390,1610612758,overall,,2024-12-31,2024-25,ok,18,1.296
2026-07-22T11:05:58.121874,1610612758,home,,2024-12-31,2024-25,ok,18,1.534
2026-07-22T11:05:59.732874,1610612758,away,,2024-12-31,2024-25,ok,18,0.893
2026-07-22T11:06:01.926011,1610612759,overall,,2024-12-31,2024-25,ok,18,1.457
2026-07-22T11:06:03.761424,1610612759,home,,2024-12-31,2024-25,ok,18,1.105
2026-07-22T11:06:05.745077,1610612759,away,,2024-12-31,2024-25,ok,18,1.271
2026-07-22T11:06:07.952823,1610612760,overall,,2024-12-31,2024-25,ok,20,1.49
2026-07-22T11:06:09.957854,1610612760,home,,2024-12-31,2024-25,ok,20,1.288
2026-07-22T11:06:11.639760,1610612760,away,,2024-12-31,2024-25,ok,20,0.963
2026-07-22T11:06:13.793927,1610612761,overall,,2024-12-31,2024-25,ok,19,1.431
2026-07-22T11:06:15.735252,1610612761,home,,2024-12-31,2024-25,ok,19,1.222
2026-07-22T11:06:17.367488,1610612761,away,,2024-12-31,2024-25,ok,19,0.919
2026-07-22T11:06:19.420015,1610612762,overall,,2024-12-31,2024-25,ok,19,1.339
2026-07-22T11:06:21.165337,1610612762,home,,2024-12-31,2024-25,ok,19,1.029
2026-07-22T11:06:22.798474,1610612762,away,,2024-12-31,2024-25,ok,19,0.914
2026-07-22T11:06:25.053975,1610612763,overall,,2024-12-31,2024-25,ok,18,1.54
2026-07-22T11:06:26.776251,1610612763,home,,2024-12-31,2024-25,ok,18,1.004
2026-07-22T11:06:28.532582,1610612763,away,,2024-12-31,2024-25,ok,18,1.041
2026-07-22T11:06:30.684113,1610612764,overall,,2024-12-31,2024-25,ok,18,1.436
2026-07-22T11:06:32.732715,1610612764,home,,2024-12-31,2024-25,ok,18,1.334
2026-07-22T11:06:34.372467,1610612764,away,,2024-12-31,2024-25,ok,18,0.923
2026-07-22T11:06:36.333127,1610612765,overall,,2024-12-31,2024-25,ok,17,1.244
2026-07-22T11:06:38.160125,1610612765,home,,2024-12-31,2024-25,ok,17,1.111
2026-07-22T11:06:40.104631,1610612765,away,,2024-12-31,2024-25,ok,17,1.227
2026-07-22T11:06:42.268043,1610612766,overall,,2024-12-31,2024-25,ok,19,1.446
2026-07-22T11:06:44.181417,1610612766,home,,2024-12-31,2024-25,ok,19,1.192
2026-07-22T11:06:45.908874,1610612766,away,,2024-12-31,2024-25,ok,19,1.005
2026-07-22T11:06:48.091591,1610612737,overall,,2025-01-07,2024-25,ok,19,1.461
2026-07-22T11:06:49.805463,1610612737,home,,2025-01-07,2024-25,ok,19,1.0
2026-07-22T11:06:51.638389,1610612737,away,,2025-01-07,2024-25,ok,19,1.117
2026-07-22T11:06:54.030259,1610612738,overall,,2025-01-07,2024-25,ok,17,1.678
2026-07-22T11:06:55.980932,1610612738,home,,2025-01-07,2024-25,ok,17,1.231
2026-07-22T11:06:57.615281,1610612738,away,,2025-01-07,2024-25,ok,17,0.919
2026-07-22T11:06:59.888726,1610612739,overall,,2025-01-07,2024-25,ok,17,1.556
2026-07-22T11:07:01.778777,1610612739,home,,2025-01-07,2024-25,ok,17,1.164
2026-07-22T11:07:03.353626,1610612739,away,,2025-01-07,2024-25,ok,17,0.859
2026-07-22T11:07:05.522635,1610612740,overall,,2025-01-07,2024-25,ok,19,1.433
2026-07-22T11:07:07.459025,1610612740,home,,2025-01-07,2024-25,ok,19,1.214
2026-07-22T11:07:09.084613,1610612740,away,,2025-01-07,2024-25,ok,19,0.911
2026-07-22T11:07:10.939534,1610612741,overall,,2025-01-07,2024-25,ok,19,1.142
2026-07-22T11:07:13.093326,1610612741,home,,2025-01-07,2024-25,ok,19,1.431
2026-07-22T11:07:14.825409,1610612741,away,,2025-01-07,2024-25,ok,19,1.015
2026-07-22T11:07:16.764608,1610612742,overall,,2025-01-07,2024-25,ok,18,1.225
2026-07-22T11:07:18.385928,1610612742,home,,2025-01-07,2024-25,ok,18,0.909
2026-07-22T11:07:20.042597,1610612742,away,,2025-01-07,2024-25,ok,18,0.943
2026-07-22T11:07:21.778271,1610612743,overall,,2025-01-07,2024-25,ok,18,1.02
2026-07-22T11:07:23.498288,1610612743,home,,2025-01-07,2024-25,ok,18,1.005
2026-07-22T11:07:25.266468,1610612743,away,,2025-01-07,2024-25,ok,18,1.052
2026-07-22T11:07:27.305929,1610612744,overall,,2025-01-07,2024-25,ok,18,1.324
2026-07-22T11:07:29.053881,1610612744,home,,2025-01-07,2024-25,ok,18,1.036
2026-07-22T11:07:30.759539,1610612744,away,,2025-01-07,2024-25,ok,18,0.993
2026-07-22T11:07:32.636198,1610612745,overall,,2025-01-07,2024-25,ok,17,1.161
2026-07-22T11:07:34.380894,1610612745,home,,2025-01-07,2024-25,ok,17,1.029
2026-07-22T11:07:36.020478,1610612745,away,,2025-01-07,2024-25,ok,17,0.919
2026-07-22T11:07:37.758284,1610612746,overall,,2025-01-07,2024-25,ok,18,1.021
2026-07-22T11:07:39.294436,1610612746,home,,2025-01-07,2024-25,ok,18,0.819
2026-07-22T11:07:40.933576,1610612746,away,,2025-01-07,2024-25,ok,18,0.924
2026-07-22T11:07:42.668474,1610612747,overall,,2025-01-07,2024-25,ok,20,1.025
2026-07-22T11:07:44.313022,1610612747,home,,2025-01-07,2024-25,ok,20,0.93
2026-07-22T11:07:46.036361,1610612747,away,,2025-01-07,2024-25,ok,20,1.005
2026-07-22T11:07:47.824886,1610612748,overall,,2025-01-07,2024-25,ok,18,1.075
2026-07-22T11:07:49.330117,1610612748,home,,2025-01-07,2024-25,ok,18,0.787
2026-07-22T11:07:51.172192,1610612748,away,,2025-01-07,2024-25,ok,18,1.126
2026-07-22T11:07:53.119268,1610612749,overall,,2025-01-07,2024-25,ok,18,1.231
2026-07-22T11:07:54.655485,1610612749,home,,2025-01-07,2024-25,ok,18,0.817
2026-07-22T11:07:56.190678,1610612749,away,,2025-01-07,2024-25,ok,18,0.822
2026-07-22T11:07:57.727550,1610612750,overall,,2025-01-07,2024-25,ok,19,0.819
2026-07-22T11:07:59.615217,1610612750,home,,2025-01-07,2024-25,ok,19,1.168
2026-07-22T11:08:01.467749,1610612750,away,,2025-01-07,2024-25,ok,19,0.954
2026-07-22T11:08:03.160480,1610612751,overall,,2025-01-07,2024-25,ok,23,0.98
2026-07-22T11:08:04.895574,1610612751,home,,2025-01-07,2024-25,ok,23,1.022
2026-07-22T11:08:06.747732,1610612751,away,,2025-01-07,2024-25,ok,23,1.133
2026-07-22T11:08:08.271751,1610612752,overall,,2025-01-07,2024-25,ok,18,0.811
2026-07-22T11:08:09.911710,1610612752,home,,2025-01-07,2024-25,ok,18,0.925
2026-07-22T11:08:11.491288,1610612752,away,,2025-01-07,2024-25,ok,18,0.866
2026-07-22T11:08:13.395148,1610612753,overall,,2025-01-07,2024-25,ok,17,1.19
2026-07-22T11:08:15.030826,1610612753,home,,2025-01-07,2024-25,ok,17,0.922
2026-07-22T11:08:16.771309,1610612753,away,,2025-01-07,2024-25,ok,17,1.03
2026-07-22T11:08:18.468367,1610612754,overall,,2025-01-07,2024-25,ok,20,0.981
2026-07-22T11:08:20.154766,1610612754,home,,2025-01-07,2024-25,ok,20,0.972
2026-07-22T11:08:21.876621,1610612754,away,,2025-01-07,2024-25,ok,20,1.008
2026-07-22T11:08:23.430355,1610612755,overall,,2025-01-07,2024-25,ok,18,0.84
2026-07-22T11:08:25.169919,1610612755,home,,2025-01-07,2024-25,ok,18,1.011
2026-07-22T11:08:26.811667,1610612755,away,,2025-01-07,2024-25,ok,18,0.925
2026-07-22T11:08:28.557949,1610612756,overall,,2025-01-07,2024-25,ok,17,1.031
2026-07-22T11:08:30.291562,1610612756,home,,2025-01-07,2024-25,ok,17,1.019
2026-07-22T11:08:36.332760,1610612756,away,,2025-01-07,2024-25,ok,17,5.325
2026-07-22T11:08:38.279140,1610612757,overall,,2025-01-07,2024-25,ok,18,1.233
2026-07-22T11:08:39.851869,1610612757,home,,2025-01-07,2024-25,ok,18,0.854
2026-07-22T11:08:41.651956,1610612757,away,,2025-01-07,2024-25,ok,18,1.084
2026-07-22T11:08:43.395586,1610612758,overall,,2025-01-07,2024-25,ok,18,1.026
2026-07-22T11:08:45.139992,1610612758,home,,2025-01-07,2024-25,ok,18,1.031
2026-07-22T11:08:46.881228,1610612758,away,,2025-01-07,2024-25,ok,18,1.025
2026-07-22T11:08:48.961897,1610612759,overall,,2025-01-07,2024-25,ok,18,1.362
2026-07-22T11:08:50.975243,1610612759,home,,2025-01-07,2024-25,ok,18,1.3
2026-07-22T11:08:52.642415,1610612759,away,,2025-01-07,2024-25,ok,18,0.953
2026-07-22T11:08:54.328296,1610612760,overall,,2025-01-07,2024-25,ok,20,0.968
2026-07-22T11:08:56.377739,1610612760,home,,2025-01-07,2024-25,ok,20,1.336
2026-07-22T11:08:57.941341,1610612760,away,,2025-01-07,2024-25,ok,20,0.849
2026-07-22T11:08:59.649841,1610612761,overall,,2025-01-07,2024-25,ok,19,0.995
2026-07-22T11:09:01.872507,1610612761,home,,2025-01-07,2024-25,ok,19,1.51
2026-07-22T11:09:03.574365,1610612761,away,,2025-01-07,2024-25,ok,19,0.984
2026-07-22T11:09:05.620829,1610612762,overall,,2025-01-07,2024-25,ok,20,1.331
2026-07-22T11:09:07.468548,1610612762,home,,2025-01-07,2024-25,ok,20,1.131
2026-07-22T11:09:09.205486,1610612762,away,,2025-01-07,2024-25,ok,20,1.02
2026-07-22T11:09:11.046264,1610612763,overall,,2025-01-07,2024-25,ok,18,1.127
2026-07-22T11:09:12.891191,1610612763,home,,2025-01-07,2024-25,ok,18,1.131
2026-07-22T11:09:14.426486,1610612763,away,,2025-01-07,2024-25,ok,18,0.82
2026-07-22T11:09:16.166177,1610612764,overall,,2025-01-07,2024-25,ok,18,1.023
2026-07-22T11:09:17.903285,1610612764,home,,2025-01-07,2024-25,ok,18,1.025
2026-07-22T11:09:19.546136,1610612764,away,,2025-01-07,2024-25,ok,18,0.929
2026-07-22T11:09:21.287405,1610612765,overall,,2025-01-07,2024-25,ok,19,1.029
2026-07-22T11:09:22.927293,1610612765,home,,2025-01-07,2024-25,ok,19,0.925
2026-07-22T11:09:24.535148,1610612765,away,,2025-01-07,2024-25,ok,17,0.891
2026-07-22T11:09:26.202101,1610612766,overall,,2025-01-07,2024-25,ok,19,0.951
2026-07-22T11:09:27.945060,1610612766,home,,2025-01-07,2024-25,ok,19,1.025
2026-07-22T11:09:29.482673,1610612766,away,,2025-01-07,2024-25,ok,19,0.822
2026-07-22T11:09:31.423103,1610612737,overall,,2025-01-14,2024-25,ok,19,1.227
2026-07-22T11:09:32.962984,1610612737,home,,2025-01-14,2024-25,ok,19,0.824
2026-07-22T11:09:34.600293,1610612737,away,,2025-01-14,2024-25,ok,19,0.921
2026-07-22T11:09:36.545567,1610612738,overall,,2025-01-14,2024-25,ok,17,1.23
2026-07-22T11:09:40.641382,1610612738,home,,2025-01-14,2024-25,ok,17,3.38
2026-07-22T11:09:42.355635,1610612738,away,,2025-01-14,2024-25,ok,17,0.999
2026-07-22T11:09:44.021322,1610612739,overall,,2025-01-14,2024-25,ok,17,0.948
2026-07-22T11:09:45.735524,1610612739,home,,2025-01-14,2024-25,ok,17,0.995
2026-07-22T11:09:47.297788,1610612739,away,,2025-01-14,2024-25,ok,17,0.845
2026-07-22T11:09:48.966052,1610612740,overall,,2025-01-14,2024-25,ok,20,0.953
2026-07-22T11:09:51.401916,1610612740,home,,2025-01-14,2024-25,ok,19,1.706
2026-07-22T11:09:53.136263,1610612740,away,,2025-01-14,2024-25,ok,20,1.018
2026-07-22T11:09:54.882254,1610612741,overall,,2025-01-14,2024-25,ok,19,1.024
2026-07-22T11:09:56.831775,1610612741,home,,2025-01-14,2024-25,ok,19,1.231
2026-07-22T11:09:58.466731,1610612741,away,,2025-01-14,2024-25,ok,19,0.924
2026-07-22T11:10:00.344307,1610612742,overall,,2025-01-14,2024-25,ok,18,1.156
2026-07-22T11:10:02.275695,1610612742,home,,2025-01-14,2024-25,ok,18,1.191
2026-07-22T11:10:04.200131,1610612742,away,,2025-01-14,2024-25,ok,18,1.198
2026-07-22T11:10:08.701157,1610612743,overall,,2025-01-14,2024-25,ok,18,3.784
2026-07-22T11:10:10.472836,1610612743,home,,2025-01-14,2024-25,ok,18,1.053
2026-07-22T11:10:12.204655,1610612743,away,,2025-01-14,2024-25,ok,18,1.017
2026-07-22T11:10:14.024886,1610612744,overall,,2025-01-14,2024-25,ok,18,1.104
2026-07-22T11:10:15.971423,1610612744,home,,2025-01-14,2024-25,ok,18,1.231
2026-07-22T11:10:17.611080,1610612744,away,,2025-01-14,2024-25,ok,18,0.926
2026-07-22T11:10:19.656972,1610612745,overall,,2025-01-14,2024-25,ok,17,1.329
2026-07-22T11:10:21.396526,1610612745,home,,2025-01-14,2024-25,ok,17,1.029
2026-07-22T11:10:23.139375,1610612745,away,,2025-01-14,2024-25,ok,17,1.03
2026-07-22T11:10:24.984173,1610612746,overall,,2025-01-14,2024-25,ok,18,1.128
2026-07-22T11:10:26.722001,1610612746,home,,2025-01-14,2024-25,ok,18,1.02
2026-07-22T11:10:28.256230,1610612746,away,,2025-01-14,2024-25,ok,18,0.82
2026-07-22T11:10:30.103549,1610612747,overall,,2025-01-14,2024-25,ok,20,1.134
2026-07-22T11:10:31.741184,1610612747,home,,2025-01-14,2024-25,ok,20,0.92
2026-07-22T11:10:33.193917,1610612747,away,,2025-01-14,2024-25,ok,20,0.74
2026-07-22T11:10:35.019680,1610612748,overall,,2025-01-14,2024-25,ok,18,1.11
2026-07-22T11:10:36.758915,1610612748,home,,2025-01-14,2024-25,ok,18,1.021
2026-07-22T11:10:38.397641,1610612748,away,,2025-01-14,2024-25,ok,18,0.921
2026-07-22T11:10:39.855864,1610612749,overall,,2025-01-14,2024-25,ok,18,0.739
2026-07-22T11:10:41.330400,1610612749,home,,2025-01-14,2024-25,ok,18,0.757
2026-07-22T11:10:43.004323,1610612749,away,,2025-01-14,2024-25,ok,18,0.956
2026-07-22T11:10:44.746247,1610612750,overall,,2025-01-14,2024-25,ok,19,1.024
2026-07-22T11:10:46.392640,1610612750,home,,2025-01-14,2024-25,ok,19,0.928
2026-07-22T11:10:47.988934,1610612750,away,,2025-01-14,2024-25,ok,19,0.878
2026-07-22T11:10:49.769621,1610612751,overall,,2025-01-14,2024-25,ok,23,1.062
2026-07-22T11:10:51.513119,1610612751,home,,2025-01-14,2024-25,ok,23,1.031
2026-07-22T11:10:53.001045,1610612751,away,,2025-01-14,2024-25,ok,23,0.767
2026-07-22T11:10:54.578211,1610612752,overall,,2025-01-14,2024-25,ok,18,0.859
2026-07-22T11:10:56.112343,1610612752,home,,2025-01-14,2024-25,ok,18,0.819
2026-07-22T11:10:57.751506,1610612752,away,,2025-01-14,2024-25,ok,18,0.924
2026-07-22T11:10:59.659564,1610612753,overall,,2025-01-14,2024-25,ok,17,1.151
2026-07-22T11:11:01.797500,1610612753,home,,2025-01-14,2024-25,ok,17,1.424
2026-07-22T11:11:03.895544,1610612753,away,,2025-01-14,2024-25,ok,17,1.383
2026-07-22T11:11:05.636966,1610612754,overall,,2025-01-14,2024-25,ok,20,1.027
2026-07-22T11:11:07.583505,1610612754,home,,2025-01-14,2024-25,ok,20,1.228
2026-07-22T11:11:09.324485,1610612754,away,,2025-01-14,2024-25,ok,20,1.025
2026-07-22T11:11:11.024176,1610612755,overall,,2025-01-14,2024-25,ok,18,0.983
2026-07-22T11:11:12.704193,1610612755,home,,2025-01-14,2024-25,ok,18,0.962
2026-07-22T11:11:14.523878,1610612755,away,,2025-01-14,2024-25,ok,18,1.104
2026-07-22T11:11:16.288661,1610612756,overall,,2025-01-14,2024-25,ok,17,1.045
2026-07-22T11:11:18.132295,1610612756,home,,2025-01-14,2024-25,ok,17,1.128
2026-07-22T11:11:19.929166,1610612756,away,,2025-01-14,2024-25,ok,17,1.082
2026-07-22T11:11:21.817203,1610612757,overall,,2025-01-14,2024-25,ok,18,1.175
2026-07-22T11:11:23.447103,1610612757,home,,2025-01-14,2024-25,ok,18,0.905
2026-07-22T11:11:25.093229,1610612757,away,,2025-01-14,2024-25,ok,18,0.924
2026-07-22T11:11:26.836027,1610612758,overall,,2025-01-14,2024-25,ok,18,1.028
2026-07-22T11:11:28.576206,1610612758,home,,2025-01-14,2024-25,ok,18,1.024
2026-07-22T11:11:30.110644,1610612758,away,,2025-01-14,2024-25,ok,18,0.821
2026-07-22T11:11:31.648973,1610612759,overall,,2025-01-14,2024-25,ok,18,0.823
2026-07-22T11:11:33.154890,1610612759,home,,2025-01-14,2024-25,ok,18,0.79
2026-07-22T11:11:35.027676,1610612759,away,,2025-01-14,2024-25,ok,18,1.156
2026-07-22T11:11:36.562072,1610612760,overall,,2025-01-14,2024-25,ok,20,0.817
2026-07-22T11:11:38.203296,1610612760,home,,2025-01-14,2024-25,ok,20,0.923
2026-07-22T11:11:39.803870,1610612760,away,,2025-01-14,2024-25,ok,20,0.883
2026-07-22T11:11:41.683259,1610612761,overall,,2025-01-14,2024-25,ok,20,1.165
2026-07-22T11:11:43.320217,1610612761,home,,2025-01-14,2024-25,ok,20,0.921
2026-07-22T11:11:44.962230,1610612761,away,,2025-01-14,2024-25,ok,20,0.925
2026-07-22T11:11:46.671652,1610612762,overall,,2025-01-14,2024-25,ok,20,0.994
2026-07-22T11:11:48.236087,1610612762,home,,2025-01-14,2024-25,ok,20,0.835
2026-07-22T11:11:49.976316,1610612762,away,,2025-01-14,2024-25,ok,20,1.024
2026-07-22T11:11:51.923124,1610612763,overall,,2025-01-14,2024-25,ok,19,1.23
2026-07-22T11:11:53.724925,1610612763,home,,2025-01-14,2024-25,ok,18,1.047
2026-07-22T11:11:55.590293,1610612763,away,,2025-01-14,2024-25,ok,19,1.147
2026-07-22T11:11:57.565032,1610612764,overall,,2025-01-14,2024-25,ok,18,1.243
2026-07-22T11:11:59.012577,1610612764,home,,2025-01-14,2024-25,ok,18,0.728
2026-07-22T11:12:00.828522,1610612764,away,,2025-01-14,2024-25,ok,18,1.103
2026-07-22T11:12:02.633984,1610612765,overall,,2025-01-14,2024-25,ok,19,1.094
2026-07-22T11:12:04.111402,1610612765,home,,2025-01-14,2024-25,ok,19,0.756
2026-07-22T11:12:05.902871,1610612765,away,,2025-01-14,2024-25,ok,19,1.076
2026-07-22T11:12:07.620297,1610612766,overall,,2025-01-14,2024-25,ok,19,0.995
2026-07-22T11:12:09.106813,1610612766,home,,2025-01-14,2024-25,ok,19,0.773
2026-07-22T11:12:10.798789,1610612766,away,,2025-01-14,2024-25,ok,19,0.971
2026-07-22T11:12:12.724170,1610612737,overall,,2025-01-21,2024-25,ok,19,1.204
2026-07-22T11:12:14.577493,1610612737,home,,2025-01-21,2024-25,ok,19,1.133
2026-07-22T11:12:16.017128,1610612737,away,,2025-01-21,2024-25,ok,19,0.726
2026-07-22T11:12:17.930843,1610612738,overall,,2025-01-21,2024-25,ok,17,1.195
2026-07-22T11:12:19.774185,1610612738,home,,2025-01-21,2024-25,ok,17,1.132
2026-07-22T11:12:21.415008,1610612738,away,,2025-01-21,2024-25,ok,17,0.923
2026-07-22T11:12:23.056784,1610612739,overall,,2025-01-21,2024-25,ok,17,0.92
2026-07-22T11:12:24.797034,1610612739,home,,2025-01-21,2024-25,ok,17,1.018
2026-07-22T11:12:26.227974,1610612739,away,,2025-01-21,2024-25,ok,17,0.715
2026-07-22T11:12:28.073747,1610612740,overall,,2025-01-21,2024-25,ok,20,1.127
2026-07-22T11:12:30.018962,1610612740,home,,2025-01-21,2024-25,ok,20,1.229
2026-07-22T11:12:31.600968,1610612740,away,,2025-01-21,2024-25,ok,20,0.865
2026-07-22T11:12:33.124103,1610612741,overall,,2025-01-21,2024-25,ok,19,0.808
2026-07-22T11:12:34.933478,1610612741,home,,2025-01-21,2024-25,ok,19,1.099
2026-07-22T11:12:36.476232,1610612741,away,,2025-01-21,2024-25,ok,19,0.824
2026-07-22T11:12:38.255948,1610612742,overall,,2025-01-21,2024-25,ok,18,1.07
2026-07-22T11:12:40.249258,1610612742,home,,2025-01-21,2024-25,ok,18,1.278
2026-07-22T11:12:41.899302,1610612742,away,,2025-01-21,2024-25,ok,18,0.936
2026-07-22T11:12:43.639135,1610612743,overall,,2025-01-21,2024-25,ok,18,1.022
2026-07-22T11:12:45.371203,1610612743,home,,2025-01-21,2024-25,ok,18,1.023
2026-07-22T11:12:46.950086,1610612743,away,,2025-01-21,2024-25,ok,18,0.867
2026-07-22T11:12:48.964571,1610612744,overall,,2025-01-21,2024-25,ok,18,1.294
2026-07-22T11:12:50.839977,1610612744,home,,2025-01-21,2024-25,ok,18,1.149
2026-07-22T11:12:52.436018,1610612744,away,,2025-01-21,2024-25,ok,18,0.879
2026-07-22T11:12:54.095655,1610612745,overall,,2025-01-21,2024-25,ok,17,0.941
2026-07-22T11:12:55.589794,1610612745,home,,2025-01-21,2024-25,ok,17,0.772
2026-07-22T11:12:57.152905,1610612745,away,,2025-01-21,2024-25,ok,17,0.849
2026-07-22T11:12:58.794100,1610612746,overall,,2025-01-21,2024-25,ok,18,0.92
2026-07-22T11:13:00.303674,1610612746,home,,2025-01-21,2024-25,ok,18,0.792
2026-07-22T11:13:02.067314,1610612746,away,,2025-01-21,2024-25,ok,18,1.051
2026-07-22T11:13:03.819241,1610612747,overall,,2025-01-21,2024-25,ok,21,1.035
2026-07-22T11:13:05.838987,1610612747,home,,2025-01-21,2024-25,ok,21,1.308
2026-07-22T11:13:07.652577,1610612747,away,,2025-01-21,2024-25,ok,21,1.101
2026-07-22T11:13:09.446347,1610612748,overall,,2025-01-21,2024-25,ok,18,1.073
2026-07-22T11:13:10.989167,1610612748,home,,2025-01-21,2024-25,ok,18,0.817
2026-07-22T11:13:12.878110,1610612748,away,,2025-01-21,2024-25,ok,18,1.142
2026-07-22T11:13:14.513066,1610612749,overall,,2025-01-21,2024-25,ok,18,0.854
2026-07-22T11:13:16.097503,1610612749,home,,2025-01-21,2024-25,ok,18,0.868
2026-07-22T11:13:18.139691,1610612749,away,,2025-01-21,2024-25,ok,18,1.324
2026-07-22T11:13:19.710008,1610612750,overall,,2025-01-21,2024-25,ok,19,0.843
2026-07-22T11:13:21.654576,1610612750,home,,2025-01-21,2024-25,ok,19,1.092
2026-07-22T11:13:23.480669,1610612750,away,,2025-01-21,2024-25,ok,19,1.102
2026-07-22T11:13:25.121459,1610612751,overall,,2025-01-21,2024-25,ok,23,0.924
2026-07-22T11:13:27.480519,1610612751,home,,2025-01-21,2024-25,ok,23,1.644
2026-07-22T11:13:29.207990,1610612751,away,,2025-01-21,2024-25,ok,23,1.008
2026-07-22T11:13:30.844755,1610612752,overall,,2025-01-21,2024-25,ok,18,0.917
2026-07-22T11:13:32.380700,1610612752,home,,2025-01-21,2024-25,ok,18,0.817
2026-07-22T11:13:34.002369,1610612752,away,,2025-01-21,2024-25,ok,18,0.901
2026-07-22T11:13:35.657600,1610612753,overall,,2025-01-21,2024-25,ok,17,0.941
2026-07-22T11:13:37.377512,1610612753,home,,2025-01-21,2024-25,ok,17,1.008
2026-07-22T11:13:38.932456,1610612753,away,,2025-01-21,2024-25,ok,17,0.837
2026-07-22T11:13:41.389431,1610612754,overall,,2025-01-21,2024-25,ok,20,1.735
2026-07-22T11:13:42.929271,1610612754,home,,2025-01-21,2024-25,ok,20,0.821
2026-07-22T11:13:44.468213,1610612754,away,,2025-01-21,2024-25,ok,20,0.817
2026-07-22T11:13:46.306890,1610612755,overall,,2025-01-21,2024-25,ok,18,1.117
2026-07-22T11:13:47.843045,1610612755,home,,2025-01-21,2024-25,ok,18,0.822
2026-07-22T11:13:49.688058,1610612755,away,,2025-01-21,2024-25,ok,18,1.13
2026-07-22T11:13:51.312526,1610612756,overall,,2025-01-21,2024-25,ok,18,0.909
2026-07-22T11:13:53.271676,1610612756,home,,2025-01-21,2024-25,ok,17,1.245
2026-07-22T11:13:54.909107,1610612756,away,,2025-01-21,2024-25,ok,18,0.918
2026-07-22T11:13:56.649862,1610612757,overall,,2025-01-21,2024-25,ok,18,1.022
2026-07-22T11:13:58.288723,1610612757,home,,2025-01-21,2024-25,ok,18,0.919
2026-07-22T11:13:59.938978,1610612757,away,,2025-01-21,2024-25,ok,18,0.929
2026-07-22T11:14:01.667108,1610612758,overall,,2025-01-21,2024-25,ok,18,1.007
2026-07-22T11:14:03.204514,1610612758,home,,2025-01-21,2024-25,ok,18,0.819
2026-07-22T11:14:04.843858,1610612758,away,,2025-01-21,2024-25,ok,18,0.923
2026-07-22T11:14:09.202565,1610612759,overall,,2025-01-21,2024-25,ok,18,3.643
2026-07-22T11:14:10.985535,1610612759,home,,2025-01-21,2024-25,ok,18,1.067
2026-07-22T11:14:13.134674,1610612759,away,,2025-01-21,2024-25,ok,18,1.43
2026-07-22T11:14:14.875535,1610612760,overall,,2025-01-21,2024-25,ok,20,0.989
2026-07-22T11:14:16.515521,1610612760,home,,2025-01-21,2024-25,ok,20,0.921
2026-07-22T11:14:18.467723,1610612760,away,,2025-01-21,2024-25,ok,20,1.241
2026-07-22T11:14:20.101708,1610612761,overall,,2025-01-21,2024-25,ok,21,0.916
2026-07-22T11:14:21.845171,1610612761,home,,2025-01-21,2024-25,ok,21,1.026
2026-07-22T11:14:23.381099,1610612761,away,,2025-01-21,2024-25,ok,20,0.816
2026-07-22T11:14:24.914084,1610612762,overall,,2025-01-21,2024-25,ok,20,0.812
2026-07-22T11:14:26.656261,1610612762,home,,2025-01-21,2024-25,ok,20,1.027
2026-07-22T11:14:28.698357,1610612762,away,,2025-01-21,2024-25,ok,20,1.328
2026-07-22T11:14:30.239379,1610612763,overall,,2025-01-21,2024-25,ok,19,0.825
2026-07-22T11:14:31.971423,1610612763,home,,2025-01-21,2024-25,ok,19,0.915
2026-07-22T11:14:33.719339,1610612763,away,,2025-01-21,2024-25,ok,19,1.031
2026-07-22T11:14:35.256924,1610612764,overall,,2025-01-21,2024-25,ok,18,0.814
2026-07-22T11:14:36.791247,1610612764,home,,2025-01-21,2024-25,ok,18,0.814
2026-07-22T11:14:38.487884,1610612764,away,,2025-01-21,2024-25,ok,18,0.974
2026-07-22T11:14:40.170668,1610612765,overall,,2025-01-21,2024-25,ok,19,0.969
2026-07-22T11:14:41.708016,1610612765,home,,2025-01-21,2024-25,ok,19,0.818
2026-07-22T11:14:43.242863,1610612765,away,,2025-01-21,2024-25,ok,19,0.816
2026-07-22T11:14:44.684196,1610612766,overall,,2025-01-21,2024-25,ok,20,0.727
2026-07-22T11:14:46.167882,1610612766,home,,2025-01-21,2024-25,ok,20,0.76
2026-07-22T11:14:47.643737,1610612766,away,,2025-01-21,2024-25,ok,20,0.756
2026-07-22T11:14:49.183864,1610612737,overall,,2025-01-28,2024-25,ok,19,0.822
2026-07-22T11:14:50.719317,1610612737,home,,2025-01-28,2024-25,ok,19,0.819
2026-07-22T11:14:52.358763,1610612737,away,,2025-01-28,2024-25,ok,19,0.92
2026-07-22T11:14:54.154877,1610612738,overall,,2025-01-28,2024-25,ok,17,1.079
2026-07-22T11:14:55.940678,1610612738,home,,2025-01-28,2024-25,ok,17,1.072
2026-07-22T11:14:57.882464,1610612738,away,,2025-01-28,2024-25,ok,17,1.23
2026-07-22T11:14:59.684195,1610612739,overall,,2025-01-28,2024-25,ok,17,1.079
2026-07-22T11:15:01.382473,1610612739,home,,2025-01-28,2024-25,ok,17,0.981
2026-07-22T11:15:03.005929,1610612739,away,,2025-01-28,2024-25,ok,17,0.91
2026-07-22T11:15:04.542507,1610612740,overall,,2025-01-28,2024-25,ok,20,0.815
2026-07-22T11:15:06.282711,1610612740,home,,2025-01-28,2024-25,ok,20,1.021
2026-07-22T11:15:08.081725,1610612740,away,,2025-01-28,2024-25,ok,20,1.083
2026-07-22T11:15:09.902198,1610612741,overall,,2025-01-28,2024-25,ok,19,1.098
2026-07-22T11:15:11.502475,1610612741,home,,2025-01-28,2024-25,ok,19,0.88
2026-07-22T11:15:13.390849,1610612741,away,,2025-01-28,2024-25,ok,19,1.169
2026-07-22T11:15:15.197867,1610612742,overall,,2025-01-28,2024-25,ok,19,1.089
2026-07-22T11:15:16.752060,1610612742,home,,2025-01-28,2024-25,ok,19,0.799
2026-07-22T11:15:18.262650,1610612742,away,,2025-01-28,2024-25,ok,18,0.787
2026-07-22T11:15:19.904146,1610612743,overall,,2025-01-28,2024-25,ok,18,0.925
2026-07-22T11:15:21.395013,1610612743,home,,2025-01-28,2024-25,ok,18,0.768
2026-07-22T11:15:22.868558,1610612743,away,,2025-01-28,2024-25,ok,18,0.755
2026-07-22T11:15:24.922036,1610612744,overall,,2025-01-28,2024-25,ok,19,1.333
2026-07-22T11:15:26.462763,1610612744,home,,2025-01-28,2024-25,ok,19,0.828
2026-07-22T11:15:28.096026,1610612744,away,,2025-01-28,2024-25,ok,18,0.915
2026-07-22T11:15:29.632030,1610612745,overall,,2025-01-28,2024-25,ok,17,0.818
2026-07-22T11:15:31.070292,1610612745,home,,2025-01-28,2024-25,ok,17,0.719
2026-07-22T11:15:33.014925,1610612745,away,,2025-01-28,2024-25,ok,17,1.222
2026-07-22T11:15:34.679053,1610612746,overall,,2025-01-28,2024-25,ok,18,0.946
2026-07-22T11:15:36.594368,1610612746,home,,2025-01-28,2024-25,ok,18,1.2
2026-07-22T11:15:38.439971,1610612746,away,,2025-01-28,2024-25,ok,18,1.123
2026-07-22T11:15:40.075784,1610612747,overall,,2025-01-28,2024-25,ok,21,0.921
2026-07-22T11:15:41.747529,1610612747,home,,2025-01-28,2024-25,ok,21,0.95
2026-07-22T11:15:43.252375,1610612747,away,,2025-01-28,2024-25,ok,21,0.793
2026-07-22T11:15:44.788825,1610612748,overall,,2025-01-28,2024-25,ok,18,0.816
2026-07-22T11:15:46.526071,1610612748,home,,2025-01-28,2024-25,ok,18,1.022
2026-07-22T11:15:48.472505,1610612748,away,,2025-01-28,2024-25,ok,18,1.23
2026-07-22T11:15:50.109389,1610612749,overall,,2025-01-28,2024-25,ok,18,0.925
2026-07-22T11:15:51.649305,1610612749,home,,2025-01-28,2024-25,ok,18,0.821
2026-07-22T11:15:53.286562,1610612749,away,,2025-01-28,2024-25,ok,18,0.917
2026-07-22T11:15:54.823181,1610612750,overall,,2025-01-28,2024-25,ok,19,0.82
2026-07-22T11:15:56.468735,1610612750,home,,2025-01-28,2024-25,ok,19,0.93
2026-07-22T11:15:58.212768,1610612750,away,,2025-01-28,2024-25,ok,19,1.024
2026-07-22T11:15:59.708801,1610612751,overall,,2025-01-28,2024-25,ok,23,0.772
2026-07-22T11:16:01.277651,1610612751,home,,2025-01-28,2024-25,ok,23,0.846
2026-07-22T11:16:02.815478,1610612751,away,,2025-01-28,2024-25,ok,23,0.818
2026-07-22T11:16:04.552652,1610612752,overall,,2025-01-28,2024-25,ok,18,1.016
2026-07-22T11:16:06.086936,1610612752,home,,2025-01-28,2024-25,ok,18,0.821
2026-07-22T11:16:07.728296,1610612752,away,,2025-01-28,2024-25,ok,18,0.916
2026-07-22T11:16:09.339769,1610612753,overall,,2025-01-28,2024-25,ok,17,0.891
2026-07-22T11:16:10.901310,1610612753,home,,2025-01-28,2024-25,ok,17,0.843
2026-07-22T11:16:12.642440,1610612753,away,,2025-01-28,2024-25,ok,17,1.019
2026-07-22T11:16:14.493810,1610612754,overall,,2025-01-28,2024-25,ok,20,1.129
2026-07-22T11:16:15.928105,1610612754,home,,2025-01-28,2024-25,ok,20,0.711
2026-07-22T11:16:17.558074,1610612754,away,,2025-01-28,2024-25,ok,20,0.911
2026-07-22T11:16:19.091400,1610612755,overall,,2025-01-28,2024-25,ok,18,0.816
2026-07-22T11:16:20.568190,1610612755,home,,2025-01-28,2024-25,ok,18,0.765
2026-07-22T11:16:22.165166,1610612755,away,,2025-01-28,2024-25,ok,18,0.879
2026-07-22T11:16:23.695588,1610612756,overall,,2025-01-28,2024-25,ok,18,0.816
2026-07-22T11:16:25.112231,1610612756,home,,2025-01-28,2024-25,ok,18,0.704
2026-07-22T11:16:26.570991,1610612756,away,,2025-01-28,2024-25,ok,18,0.74
2026-07-22T11:16:28.310876,1610612757,overall,,2025-01-28,2024-25,ok,18,1.016
2026-07-22T11:16:29.842766,1610612757,home,,2025-01-28,2024-25,ok,18,0.816
2026-07-22T11:16:31.482491,1610612757,away,,2025-01-28,2024-25,ok,18,0.923
2026-07-22T11:16:32.995098,1610612758,overall,,2025-01-28,2024-25,ok,18,0.795
2026-07-22T11:16:34.452231,1610612758,home,,2025-01-28,2024-25,ok,18,0.74
2026-07-22T11:16:35.973693,1610612758,away,,2025-01-28,2024-25,ok,18,0.801
2026-07-22T11:16:40.801529,1610612759,overall,,2025-01-28,2024-25,ok,18,4.11
2026-07-22T11:16:42.441338,1610612759,home,,2025-01-28,2024-25,ok,18,0.927
2026-07-22T11:16:44.282810,1610612759,away,,2025-01-28,2024-25,ok,18,1.125
2026-07-22T11:16:45.731430,1610612760,overall,,2025-01-28,2024-25,ok,20,0.735
2026-07-22T11:16:47.476034,1610612760,home,,2025-01-28,2024-25,ok,20,1.032
2026-07-22T11:16:49.098288,1610612760,away,,2025-01-28,2024-25,ok,20,0.903
2026-07-22T11:16:50.524401,1610612761,overall,,2025-01-28,2024-25,ok,21,0.709
2026-07-22T11:16:52.067960,1610612761,home,,2025-01-28,2024-25,ok,21,0.827
2026-07-22T11:16:53.542801,1610612761,away,,2025-01-28,2024-25,ok,21,0.755
2026-07-22T11:16:55.235921,1610612762,overall,,2025-01-28,2024-25,ok,20,0.974
2026-07-22T11:16:56.727928,1610612762,home,,2025-01-28,2024-25,ok,20,0.728
2026-07-22T11:16:58.312823,1610612762,away,,2025-01-28,2024-25,ok,20,0.863
2026-07-22T11:16:59.795513,1610612763,overall,,2025-01-28,2024-25,ok,19,0.764
2026-07-22T11:17:01.388446,1610612763,home,,2025-01-28,2024-25,ok,19,0.877
2026-07-22T11:17:06.610599,1610612763,away,,2025-01-28,2024-25,ok,19,4.506
2026-07-22T11:17:11.907697,1610612764,overall,,2025-01-28,2024-25,ok,18,4.578
2026-07-22T11:17:13.487522,1610612764,home,,2025-01-28,2024-25,ok,18,0.863
2026-07-22T11:17:15.211991,1610612764,away,,2025-01-28,2024-25,ok,18,1.005
2026-07-22T11:17:16.754072,1610612765,overall,,2025-01-28,2024-25,ok,19,0.828
2026-07-22T11:17:18.482498,1610612765,home,,2025-01-28,2024-25,ok,19,1.016
2026-07-22T11:17:20.126690,1610612765,away,,2025-01-28,2024-25,ok,19,0.923
2026-07-22T11:17:21.662881,1610612766,overall,,2025-01-28,2024-25,ok,20,0.818
2026-07-22T11:17:23.324318,1610612766,home,,2025-01-28,2024-25,ok,20,0.928
2026-07-22T11:17:28.422498,1610612766,away,,2025-01-28,2024-25,ok,20,4.371
2026-07-22T11:17:29.957558,1610612737,overall,,2025-02-04,2024-25,ok,19,0.816
2026-07-22T11:17:31.800725,1610612737,home,,2025-02-04,2024-25,ok,19,1.128
2026-07-22T11:17:33.642853,1610612737,away,,2025-02-04,2024-25,ok,19,1.123
2026-07-22T11:17:35.281584,1610612738,overall,,2025-02-04,2024-25,ok,17,0.919
2026-07-22T11:17:36.918678,1610612738,home,,2025-02-04,2024-25,ok,17,0.922
2026-07-22T11:17:38.761880,1610612738,away,,2025-02-04,2024-25,ok,17,1.122
2026-07-22T11:17:40.402571,1610612739,overall,,2025-02-04,2024-25,ok,17,0.919
2026-07-22T11:17:42.139820,1610612739,home,,2025-02-04,2024-25,ok,17,1.016
2026-07-22T11:17:43.723298,1610612739,away,,2025-02-04,2024-25,ok,17,0.868
2026-07-22T11:17:45.322490,1610612740,overall,,2025-02-04,2024-25,ok,20,0.873
2026-07-22T11:17:46.853509,1610612740,home,,2025-02-04,2024-25,ok,20,0.807
2026-07-22T11:17:48.592705,1610612740,away,,2025-02-04,2024-25,ok,20,1.025
2026-07-22T11:17:50.133272,1610612741,overall,,2025-02-04,2024-25,ok,22,0.825
2026-07-22T11:17:51.669615,1610612741,home,,2025-02-04,2024-25,ok,22,0.816
2026-07-22T11:17:53.253435,1610612741,away,,2025-02-04,2024-25,ok,19,0.87
2026-07-22T11:17:57.787791,1610612742,overall,,2025-02-04,2024-25,ok,22,3.813
2026-07-22T11:17:59.521751,1610612742,home,,2025-02-04,2024-25,ok,19,0.943
2026-07-22T11:18:01.086800,1610612742,away,,2025-02-04,2024-25,ok,22,0.838
2026-07-22T11:18:02.826811,1610612743,overall,,2025-02-04,2024-25,ok,18,1.027
2026-07-22T11:18:04.624611,1610612743,home,,2025-02-04,2024-25,ok,18,1.083
2026-07-22T11:18:06.103984,1610612743,away,,2025-02-04,2024-25,ok,18,0.762
2026-07-22T11:18:07.638841,1610612744,overall,,2025-02-04,2024-25,ok,19,0.815
2026-07-22T11:18:09.792440,1610612744,home,,2025-02-04,2024-25,ok,19,1.431
2026-07-22T11:18:16.036006,1610612744,away,,2025-02-04,2024-25,ok,18,5.52
2026-07-22T11:18:17.545327,1610612745,overall,,2025-02-04,2024-25,ok,17,0.788
2026-07-22T11:18:19.211808,1610612745,home,,2025-02-04,2024-25,ok,17,0.95
2026-07-22T11:18:21.271163,1610612745,away,,2025-02-04,2024-25,ok,17,1.341
2026-07-22T11:18:23.308810,1610612746,overall,,2025-02-04,2024-25,ok,20,1.316
2026-07-22T11:18:24.769532,1610612746,home,,2025-02-04,2024-25,ok,20,0.743
2026-07-22T11:18:26.249148,1610612746,away,,2025-02-04,2024-25,ok,20,0.765
2026-07-22T11:18:27.720237,1610612747,overall,,2025-02-04,2024-25,ok,24,0.753
2026-07-22T11:18:29.252235,1610612747,home,,2025-02-04,2024-25,ok,21,0.809
2026-07-22T11:18:30.784660,1610612747,away,,2025-02-04,2024-25,ok,24,0.81
2026-07-22T11:18:32.334695,1610612748,overall,,2025-02-04,2024-25,ok,18,0.83
2026-07-22T11:18:35.290868,1610612748,home,,2025-02-04,2024-25,ok,18,2.232
2026-07-22T11:18:39.488170,1610612748,away,,2025-02-04,2024-25,ok,18,3.48
2026-07-22T11:18:40.997146,1610612749,overall,,2025-02-04,2024-25,ok,18,0.789
2026-07-22T11:18:42.658986,1610612749,home,,2025-02-04,2024-25,ok,18,0.943
2026-07-22T11:18:44.176212,1610612749,away,,2025-02-04,2024-25,ok,18,0.797
2026-07-22T11:18:45.847719,1610612750,overall,,2025-02-04,2024-25,ok,19,0.948
2026-07-22T11:18:47.375867,1610612750,home,,2025-02-04,2024-25,ok,19,0.809
2026-07-22T11:18:49.491896,1610612750,away,,2025-02-04,2024-25,ok,19,1.399
2026-07-22T11:18:51.169556,1610612751,overall,,2025-02-04,2024-25,ok,23,0.964
2026-07-22T11:18:53.154745,1610612751,home,,2025-02-04,2024-25,ok,23,1.267
2026-07-22T11:18:54.640077,1610612751,away,,2025-02-04,2024-25,ok,23,0.773
2026-07-22T11:18:56.179852,1610612752,overall,,2025-02-04,2024-25,ok,18,0.821
2026-07-22T11:18:57.713932,1610612752,home,,2025-02-04,2024-25,ok,18,0.822
2026-07-22T11:18:59.547064,1610612752,away,,2025-02-04,2024-25,ok,18,1.022
2026-07-22T11:19:01.095482,1610612753,overall,,2025-02-04,2024-25,ok,17,0.823
2026-07-22T11:19:02.645133,1610612753,home,,2025-02-04,2024-25,ok,17,0.83
2026-07-22T11:19:04.169563,1610612753,away,,2025-02-04,2024-25,ok,17,0.8
2026-07-22T11:19:05.702637,1610612754,overall,,2025-02-04,2024-25,ok,20,0.81
2026-07-22T11:19:07.238695,1610612754,home,,2025-02-04,2024-25,ok,20,0.82
2026-07-22T11:19:08.977819,1610612754,away,,2025-02-04,2024-25,ok,20,1.022
2026-07-22T11:19:10.696057,1610612755,overall,,2025-02-04,2024-25,ok,19,1.003
2026-07-22T11:19:12.248199,1610612755,home,,2025-02-04,2024-25,ok,19,0.832
2026-07-22T11:19:13.923198,1610612755,away,,2025-02-04,2024-25,ok,18,0.954
2026-07-22T11:19:15.728298,1610612756,overall,,2025-02-04,2024-25,ok,18,1.081
2026-07-22T11:19:17.362252,1610612756,home,,2025-02-04,2024-25,ok,18,0.915
2026-07-22T11:19:19.000799,1610612756,away,,2025-02-04,2024-25,ok,18,0.917
2026-07-22T11:19:22.453553,1610612757,overall,,2025-02-04,2024-25,ok,18,2.735
2026-07-22T11:19:24.114829,1610612757,home,,2025-02-04,2024-25,ok,18,0.947
2026-07-22T11:19:25.855523,1610612757,away,,2025-02-04,2024-25,ok,18,1.02
2026-07-22T11:19:27.594609,1610612758,overall,,2025-02-04,2024-25,ok,20,1.022
2026-07-22T11:19:29.337744,1610612758,home,,2025-02-04,2024-25,ok,18,1.019
2026-07-22T11:19:30.972624,1610612758,away,,2025-02-04,2024-25,ok,20,0.913
2026-07-22T11:19:32.919484,1610612759,overall,,2025-02-04,2024-25,ok,20,1.226
2026-07-22T11:19:34.517412,1610612759,home,,2025-02-04,2024-25,ok,18,0.881
2026-07-22T11:19:36.195365,1610612759,away,,2025-02-04,2024-25,ok,20,0.957
2026-07-22T11:19:37.730440,1610612760,overall,,2025-02-04,2024-25,ok,20,0.819
2026-07-22T11:19:39.310135,1610612760,home,,2025-02-04,2024-25,ok,20,0.861
2026-07-22T11:19:41.110326,1610612760,away,,2025-02-04,2024-25,ok,20,1.082
2026-07-22T11:19:42.853570,1610612761,overall,,2025-02-04,2024-25,ok,21,1.028
2026-07-22T11:19:44.486800,1610612761,home,,2025-02-04,2024-25,ok,21,0.914
2026-07-22T11:19:46.296060,1610612761,away,,2025-02-04,2024-25,ok,21,1.09
2026-07-22T11:19:48.088465,1610612762,overall,,2025-02-04,2024-25,ok,21,1.072
2026-07-22T11:19:50.116349,1610612762,home,,2025-02-04,2024-25,ok,21,1.306
2026-07-22T11:19:51.756061,1610612762,away,,2025-02-04,2024-25,ok,20,0.921
2026-07-22T11:19:53.393514,1610612763,overall,,2025-02-04,2024-25,ok,19,0.922
2026-07-22T11:19:58.209824,1610612763,home,,2025-02-04,2024-25,ok,19,4.101
2026-07-22T11:20:00.478880,1610612763,away,,2025-02-04,2024-25,ok,19,1.538
2026-07-22T11:20:02.302538,1610612764,overall,,2025-02-04,2024-25,ok,18,1.103
2026-07-22T11:20:03.940575,1610612764,home,,2025-02-04,2024-25,ok,18,0.916
2026-07-22T11:20:05.887605,1610612764,away,,2025-02-04,2024-25,ok,18,1.225
2026-07-22T11:20:07.731054,1610612765,overall,,2025-02-04,2024-25,ok,19,1.124
2026-07-22T11:20:09.462379,1610612765,home,,2025-02-04,2024-25,ok,19,1.019
2026-07-22T11:20:12.874232,1610612765,away,,2025-02-04,2024-25,ok,19,2.698
2026-07-22T11:20:14.796886,1610612766,overall,,2025-02-04,2024-25,ok,20,1.207
2026-07-22T11:20:16.305308,1610612766,home,,2025-02-04,2024-25,ok,20,0.794
2026-07-22T11:20:17.971181,1610612766,away,,2025-02-04,2024-25,ok,20,0.951
2026-07-22T11:20:19.610147,1610612737,overall,,2025-02-11,2024-25,ok,23,0.923
2026-07-22T11:20:21.251654,1610612737,home,,2025-02-11,2024-25,ok,23,0.927
2026-07-22T11:20:22.884766,1610612737,away,,2025-02-11,2024-25,ok,23,0.912
2026-07-22T11:20:24.576744,1610612738,overall,,2025-02-11,2024-25,ok,18,0.974
2026-07-22T11:20:27.819423,1610612738,home,,2025-02-11,2024-25,ok,17,2.52
2026-07-22T11:20:29.345161,1610612738,away,,2025-02-11,2024-25,ok,18,0.811
2026-07-22T11:20:31.484390,1610612739,overall,,2025-02-11,2024-25,ok,18,1.421
2026-07-22T11:20:33.382859,1610612739,home,,2025-02-11,2024-25,ok,18,1.182
2026-07-22T11:20:34.962112,1610612739,away,,2025-02-11,2024-25,ok,18,0.859
2026-07-22T11:20:36.750690,1610612740,overall,,2025-02-11,2024-25,ok,22,1.067
2026-07-22T11:20:38.302837,1610612740,home,,2025-02-11,2024-25,ok,20,0.832
2026-07-22T11:20:39.912471,1610612740,away,,2025-02-11,2024-25,ok,22,0.885
2026-07-22T11:20:41.503787,1610612741,overall,,2025-02-11,2024-25,ok,22,0.878
2026-07-22T11:20:43.585836,1610612741,home,,2025-02-11,2024-25,ok,22,1.369
2026-07-22T11:20:45.644275,1610612741,away,,2025-02-11,2024-25,ok,22,1.343
2026-07-22T11:20:47.410261,1610612742,overall,,2025-02-11,2024-25,ok,22,1.05
2026-07-22T11:20:49.100157,1610612742,home,,2025-02-11,2024-25,ok,22,0.968
2026-07-22T11:20:50.740492,1610612742,away,,2025-02-11,2024-25,ok,22,0.916
2026-07-22T11:20:52.376992,1610612743,overall,,2025-02-11,2024-25,ok,18,0.916
2026-07-22T11:20:54.014884,1610612743,home,,2025-02-11,2024-25,ok,18,0.921
2026-07-22T11:20:55.651565,1610612743,away,,2025-02-11,2024-25,ok,18,0.924
2026-07-22T11:20:57.358129,1610612744,overall,,2025-02-11,2024-25,ok,20,0.991
2026-07-22T11:20:59.033280,1610612744,home,,2025-02-11,2024-25,ok,19,0.957
2026-07-22T11:21:01.080679,1610612744,away,,2025-02-11,2024-25,ok,20,1.335
2026-07-22T11:21:02.719702,1610612745,overall,,2025-02-11,2024-25,ok,19,0.919
2026-07-22T11:21:04.359284,1610612745,home,,2025-02-11,2024-25,ok,18,0.919
2026-07-22T11:21:05.895733,1610612745,away,,2025-02-11,2024-25,ok,19,0.819
2026-07-22T11:21:07.534247,1610612746,overall,,2025-02-11,2024-25,ok,22,0.921
2026-07-22T11:21:09.101207,1610612746,home,,2025-02-11,2024-25,ok,22,0.85
2026-07-22T11:21:10.648113,1610612746,away,,2025-02-11,2024-25,ok,20,0.824
2026-07-22T11:21:12.358189,1610612747,overall,,2025-02-11,2024-25,ok,26,0.989
2026-07-22T11:21:14.191142,1610612747,home,,2025-02-11,2024-25,ok,26,1.116
2026-07-22T11:21:15.930847,1610612747,away,,2025-02-11,2024-25,ok,24,1.02
2026-07-22T11:21:17.603554,1610612748,overall,,2025-02-11,2024-25,ok,21,0.952
2026-07-22T11:21:19.310512,1610612748,home,,2025-02-11,2024-25,ok,21,0.987
2026-07-22T11:21:23.687338,1610612748,away,,2025-02-11,2024-25,ok,21,3.656
2026-07-22T11:21:25.350183,1610612749,overall,,2025-02-11,2024-25,ok,21,0.944
2026-07-22T11:21:27.092426,1610612749,home,,2025-02-11,2024-25,ok,21,1.029
2026-07-22T11:21:28.576332,1610612749,away,,2025-02-11,2024-25,ok,21,0.762
2026-07-22T11:21:30.364476,1610612750,overall,,2025-02-11,2024-25,ok,19,1.072
2026-07-22T11:21:32.005162,1610612750,home,,2025-02-11,2024-25,ok,19,0.921
2026-07-22T11:21:33.644935,1610612750,away,,2025-02-11,2024-25,ok,19,0.925
2026-07-22T11:21:35.489305,1610612751,overall,,2025-02-11,2024-25,ok,23,1.126
2026-07-22T11:21:37.025583,1610612751,home,,2025-02-11,2024-25,ok,23,0.816
2026-07-22T11:21:38.766101,1610612751,away,,2025-02-11,2024-25,ok,23,1.018
2026-07-22T11:21:40.506179,1610612752,overall,,2025-02-11,2024-25,ok,19,1.025
2026-07-22T11:21:42.145803,1610612752,home,,2025-02-11,2024-25,ok,19,0.916
2026-07-22T11:21:43.710443,1610612752,away,,2025-02-11,2024-25,ok,19,0.847
2026-07-22T11:21:45.421292,1610612753,overall,,2025-02-11,2024-25,ok,18,0.994
2026-07-22T11:21:49.516017,1610612753,home,,2025-02-11,2024-25,ok,18,3.376
2026-07-22T11:21:51.124220,1610612753,away,,2025-02-11,2024-25,ok,17,0.895
2026-07-22T11:21:54.331529,1610612754,overall,,2025-02-11,2024-25,ok,21,2.488
2026-07-22T11:21:56.074460,1610612754,home,,2025-02-11,2024-25,ok,21,1.031
2026-07-22T11:21:59.620075,1610612754,away,,2025-02-11,2024-25,ok,20,2.832
2026-07-22T11:22:02.420436,1610612755,overall,,2025-02-11,2024-25,ok,22,2.087
2026-07-22T11:22:04.157652,1610612755,home,,2025-02-11,2024-25,ok,22,1.016
2026-07-22T11:22:05.799229,1610612755,away,,2025-02-11,2024-25,ok,21,0.92
2026-07-22T11:22:07.452063,1610612756,overall,,2025-02-11,2024-25,ok,20,0.935
2026-07-22T11:22:09.282772,1610612756,home,,2025-02-11,2024-25,ok,20,1.11
2026-07-22T11:22:10.900475,1610612756,away,,2025-02-11,2024-25,ok,18,0.902
2026-07-22T11:22:12.491529,1610612757,overall,,2025-02-11,2024-25,ok,19,0.868
2026-07-22T11:22:14.156918,1610612757,home,,2025-02-11,2024-25,ok,18,0.948
2026-07-22T11:22:17.780228,1610612757,away,,2025-02-11,2024-25,ok,19,2.911
2026-07-22T11:22:22.389566,1610612758,overall,,2025-02-11,2024-25,ok,23,3.885
2026-07-22T11:22:24.129759,1610612758,home,,2025-02-11,2024-25,ok,22,1.026
2026-07-22T11:22:25.874930,1610612758,away,,2025-02-11,2024-25,ok,23,1.03
2026-07-22T11:22:27.615220,1610612759,overall,,2025-02-11,2024-25,ok,21,1.024
2026-07-22T11:22:31.092219,1610612759,home,,2025-02-11,2024-25,ok,18,2.755
2026-07-22T11:22:32.768742,1610612759,away,,2025-02-11,2024-25,ok,21,0.955
2026-07-22T11:22:34.463738,1610612760,overall,,2025-02-11,2024-25,ok,21,0.975
2026-07-22T11:22:36.213660,1610612760,home,,2025-02-11,2024-25,ok,21,1.036
2026-07-22T11:22:37.953457,1610612760,away,,2025-02-11,2024-25,ok,20,1.024
2026-07-22T11:22:39.900569,1610612761,overall,,2025-02-11,2024-25,ok,23,1.228
2026-07-22T11:22:41.449307,1610612761,home,,2025-02-11,2024-25,ok,21,0.817
2026-07-22T11:22:43.381816,1610612761,away,,2025-02-11,2024-25,ok,23,1.215
2026-07-22T11:22:45.838525,1610612762,overall,,2025-02-11,2024-25,ok,24,1.739
2026-07-22T11:22:47.398068,1610612762,home,,2025-02-11,2024-25,ok,22,0.838
2026-07-22T11:22:49.013956,1610612762,away,,2025-02-11,2024-25,ok,22,0.9
2026-07-22T11:22:50.755539,1610612763,overall,,2025-02-11,2024-25,ok,21,1.019
2026-07-22T11:22:52.492129,1610612763,home,,2025-02-11,2024-25,ok,21,1.021
2026-07-22T11:22:54.136409,1610612763,away,,2025-02-11,2024-25,ok,21,0.927
2026-07-22T11:22:55.889317,1610612764,overall,,2025-02-11,2024-25,ok,25,1.032
2026-07-22T11:22:57.519617,1610612764,home,,2025-02-11,2024-25,ok,25,0.917
2026-07-22T11:22:59.357294,1610612764,away,,2025-02-11,2024-25,ok,18,1.124
2026-07-22T11:23:01.048308,1610612765,overall,,2025-02-11,2024-25,ok,21,0.966
2026-07-22T11:23:02.628626,1610612765,home,,2025-02-11,2024-25,ok,21,0.865
2026-07-22T11:23:04.574877,1610612765,away,,2025-02-11,2024-25,ok,21,1.225
2026-07-22T11:23:06.233174,1610612766,overall,,2025-02-11,2024-25,ok,24,0.936
2026-07-22T11:23:07.756562,1610612766,home,,2025-02-11,2024-25,ok,24,0.804
2026-07-22T11:23:09.516453,1610612766,away,,2025-02-11,2024-25,ok,22,1.045
2026-07-22T11:23:11.082724,1610612737,overall,,2025-02-18,2024-25,ok,23,0.844
2026-07-22T11:23:12.674424,1610612737,home,,2025-02-18,2024-25,ok,23,0.872
2026-07-22T11:23:15.025809,1610612737,away,,2025-02-18,2024-25,ok,23,1.634
2026-07-22T11:23:16.719237,1610612738,overall,,2025-02-18,2024-25,ok,18,0.974
2026-07-22T11:23:18.305736,1610612738,home,,2025-02-18,2024-25,ok,18,0.868
2026-07-22T11:23:20.043894,1610612738,away,,2025-02-18,2024-25,ok,18,1.016
2026-07-22T11:23:21.654720,1610612739,overall,,2025-02-18,2024-25,ok,18,0.899
2026-07-22T11:23:23.315580,1610612739,home,,2025-02-18,2024-25,ok,18,0.945
2026-07-22T11:23:25.161429,1610612739,away,,2025-02-18,2024-25,ok,18,1.131
2026-07-22T11:23:26.902890,1610612740,overall,,2025-02-18,2024-25,ok,22,1.018
2026-07-22T11:23:28.466097,1610612740,home,,2025-02-18,2024-25,ok,22,0.846
2026-07-22T11:23:30.182092,1610612740,away,,2025-02-18,2024-25,ok,22,0.998
2026-07-22T11:23:31.839858,1610612741,overall,,2025-02-18,2024-25,ok,22,0.937
2026-07-22T11:23:33.473159,1610612741,home,,2025-02-18,2024-25,ok,22,0.918
2026-07-22T11:23:35.197137,1610612741,away,,2025-02-18,2024-25,ok,22,1.001
2026-07-22T11:23:37.040247,1610612742,overall,,2025-02-18,2024-25,ok,22,1.121
2026-07-22T11:23:38.782208,1610612742,home,,2025-02-18,2024-25,ok,22,1.025
2026-07-22T11:23:40.401390,1610612742,away,,2025-02-18,2024-25,ok,22,0.905
2026-07-22T11:23:42.160269,1610612743,overall,,2025-02-18,2024-25,ok,18,1.045
2026-07-22T11:23:43.800192,1610612743,home,,2025-02-18,2024-25,ok,18,0.922
2026-07-22T11:23:45.544117,1610612743,away,,2025-02-18,2024-25,ok,18,1.028
2026-07-22T11:23:47.138478,1610612744,overall,,2025-02-18,2024-25,ok,20,0.873
2026-07-22T11:23:48.887691,1610612744,home,,2025-02-18,2024-25,ok,19,1.025
2026-07-22T11:23:50.486952,1610612744,away,,2025-02-18,2024-25,ok,20,0.881
2026-07-22T11:23:52.187510,1610612745,overall,,2025-02-18,2024-25,ok,19,0.985
2026-07-22T11:23:53.813745,1610612745,home,,2025-02-18,2024-25,ok,18,0.907
2026-07-22T11:23:55.364893,1610612745,away,,2025-02-18,2024-25,ok,19,0.834
2026-07-22T11:23:57.009362,1610612746,overall,,2025-02-18,2024-25,ok,23,0.922
2026-07-22T11:23:58.544871,1610612746,home,,2025-02-18,2024-25,ok,23,0.818
2026-07-22T11:24:00.185271,1610612746,away,,2025-02-18,2024-25,ok,23,0.92
2026-07-22T11:24:01.952653,1610612747,overall,,2025-02-18,2024-25,ok,27,1.051
2026-07-22T11:24:03.525240,1610612747,home,,2025-02-18,2024-25,ok,26,0.853
2026-07-22T11:24:05.202609,1610612747,away,,2025-02-18,2024-25,ok,26,0.958
2026-07-22T11:24:06.839953,1610612748,overall,,2025-02-18,2024-25,ok,21,0.917
2026-07-22T11:24:08.580574,1610612748,home,,2025-02-18,2024-25,ok,21,1.019
2026-07-22T11:24:10.125800,1610612748,away,,2025-02-18,2024-25,ok,21,0.827
2026-07-22T11:24:12.778786,1610612749,overall,,2025-02-18,2024-25,ok,21,1.933
2026-07-22T11:24:14.417010,1610612749,home,,2025-02-18,2024-25,ok,21,0.92
2026-07-22T11:24:16.056235,1610612749,away,,2025-02-18,2024-25,ok,21,0.916
2026-07-22T11:24:17.797096,1610612750,overall,,2025-02-18,2024-25,ok,19,1.018
2026-07-22T11:24:19.438213,1610612750,home,,2025-02-18,2024-25,ok,19,0.92
2026-07-22T11:24:21.073490,1610612750,away,,2025-02-18,2024-25,ok,19,0.911
2026-07-22T11:24:22.974775,1610612751,overall,,2025-02-18,2024-25,ok,23,1.179
2026-07-22T11:24:24.692625,1610612751,home,,2025-02-18,2024-25,ok,23,1.003
2026-07-22T11:24:26.289539,1610612751,away,,2025-02-18,2024-25,ok,23,0.878
2026-07-22T11:24:27.830287,1610612752,overall,,2025-02-18,2024-25,ok,19,0.812
2026-07-22T11:24:29.570801,1610612752,home,,2025-02-18,2024-25,ok,19,1.021
2026-07-22T11:24:31.312327,1610612752,away,,2025-02-18,2024-25,ok,19,1.029
2026-07-22T11:24:32.953239,1610612753,overall,,2025-02-18,2024-25,ok,18,0.923
2026-07-22T11:24:34.689273,1610612753,home,,2025-02-18,2024-25,ok,18,1.02
2026-07-22T11:24:36.331507,1610612753,away,,2025-02-18,2024-25,ok,17,0.921
2026-07-22T11:24:38.246279,1610612754,overall,,2025-02-18,2024-25,ok,21,1.193
2026-07-22T11:24:39.914455,1610612754,home,,2025-02-18,2024-25,ok,21,0.95
2026-07-22T11:24:41.493879,1610612754,away,,2025-02-18,2024-25,ok,21,0.867
2026-07-22T11:24:43.090888,1610612755,overall,,2025-02-18,2024-25,ok,22,0.875
2026-07-22T11:24:44.805152,1610612755,home,,2025-02-18,2024-25,ok,22,0.997
2026-07-22T11:24:46.465685,1610612755,away,,2025-02-18,2024-25,ok,22,0.941
2026-07-22T11:24:48.107551,1610612756,overall,,2025-02-18,2024-25,ok,20,0.921
2026-07-22T11:24:49.949461,1610612756,home,,2025-02-18,2024-25,ok,20,1.124
2026-07-22T11:24:51.795716,1610612756,away,,2025-02-18,2024-25,ok,20,1.126
2026-07-22T11:24:53.520288,1610612757,overall,,2025-02-18,2024-25,ok,19,1.004
2026-07-22T11:24:55.472847,1610612757,home,,2025-02-18,2024-25,ok,18,1.242
2026-07-22T11:24:57.013357,1610612757,away,,2025-02-18,2024-25,ok,19,0.829
2026-07-22T11:24:58.653436,1610612758,overall,,2025-02-18,2024-25,ok,24,0.92
2026-07-22T11:25:00.293539,1610612758,home,,2025-02-18,2024-25,ok,22,0.917
2026-07-22T11:25:01.936249,1610612758,away,,2025-02-18,2024-25,ok,24,0.924
2026-07-22T11:25:03.686570,1610612759,overall,,2025-02-18,2024-25,ok,21,1.037
2026-07-22T11:25:05.309874,1610612759,home,,2025-02-18,2024-25,ok,18,0.902
2026-07-22T11:25:06.950241,1610612759,away,,2025-02-18,2024-25,ok,21,0.922
2026-07-22T11:25:08.896337,1610612760,overall,,2025-02-18,2024-25,ok,21,1.221
2026-07-22T11:25:10.540450,1610612760,home,,2025-02-18,2024-25,ok,21,0.926
2026-07-22T11:25:12.235850,1610612760,away,,2025-02-18,2024-25,ok,20,0.969
2026-07-22T11:25:13.915625,1610612761,overall,,2025-02-18,2024-25,ok,23,0.956
2026-07-22T11:25:15.651927,1610612761,home,,2025-02-18,2024-25,ok,23,1.016
2026-07-22T11:25:17.292937,1610612761,away,,2025-02-18,2024-25,ok,23,0.919
2026-07-22T11:25:20.979047,1610612762,overall,,2025-02-18,2024-25,ok,24,2.962
2026-07-22T11:25:22.875313,1610612762,home,,2025-02-18,2024-25,ok,23,1.179
2026-07-22T11:25:24.563050,1610612762,away,,2025-02-18,2024-25,ok,22,0.968
2026-07-22T11:25:26.406294,1610612763,overall,,2025-02-18,2024-25,ok,21,1.124
2026-07-22T11:25:28.029445,1610612763,home,,2025-02-18,2024-25,ok,21,0.9
2026-07-22T11:25:30.809330,1610612763,away,,2025-02-18,2024-25,ok,21,2.059
2026-07-22T11:25:33.063673,1610612764,overall,,2025-02-18,2024-25,ok,25,1.538
2026-07-22T11:25:35.176267,1610612764,home,,2025-02-18,2024-25,ok,25,1.395
2026-07-22T11:25:37.054365,1610612764,away,,2025-02-18,2024-25,ok,18,1.163
2026-07-22T11:25:39.105504,1610612765,overall,,2025-02-18,2024-25,ok,21,1.336
2026-07-22T11:25:42.175191,1610612765,home,,2025-02-18,2024-25,ok,21,2.348
2026-07-22T11:25:43.876620,1610612765,away,,2025-02-18,2024-25,ok,21,0.988
2026-07-22T11:25:45.966257,1610612766,overall,,2025-02-18,2024-25,ok,25,1.374
2026-07-22T11:25:47.808574,1610612766,home,,2025-02-18,2024-25,ok,24,1.127
2026-07-22T11:25:49.542840,1610612766,away,,2025-02-18,2024-25,ok,23,1.018
2026-07-22T11:25:51.726591,1610612737,overall,,2025-02-25,2024-25,ok,23,1.462
2026-07-22T11:25:53.759895,1610612737,home,,2025-02-25,2024-25,ok,23,1.311
2026-07-22T11:25:55.485549,1610612737,away,,2025-02-25,2024-25,ok,23,1.0
2026-07-22T11:25:57.758520,1610612738,overall,,2025-02-25,2024-25,ok,18,1.56
2026-07-22T11:25:59.649208,1610612738,home,,2025-02-25,2024-25,ok,18,1.168
2026-07-22T11:26:01.425545,1610612738,away,,2025-02-25,2024-25,ok,18,1.057
2026-07-22T11:26:03.622687,1610612739,overall,,2025-02-25,2024-25,ok,20,1.486
2026-07-22T11:26:05.626152,1610612739,home,,2025-02-25,2024-25,ok,20,1.281
2026-07-22T11:26:07.240735,1610612739,away,,2025-02-25,2024-25,ok,20,0.901
2026-07-22T11:26:09.313155,1610612740,overall,,2025-02-25,2024-25,ok,22,1.356
2026-07-22T11:26:11.052698,1610612740,home,,2025-02-25,2024-25,ok,22,1.025
2026-07-22T11:26:15.479207,1610612740,away,,2025-02-25,2024-25,ok,22,3.701
2026-07-22T11:26:17.711507,1610612741,overall,,2025-02-25,2024-25,ok,23,1.508
2026-07-22T11:26:19.756001,1610612741,home,,2025-02-25,2024-25,ok,23,1.326
2026-07-22T11:26:21.603175,1610612741,away,,2025-02-25,2024-25,ok,23,1.13
2026-07-22T11:26:23.955573,1610612742,overall,,2025-02-25,2024-25,ok,23,1.635
2026-07-22T11:26:25.697465,1610612742,home,,2025-02-25,2024-25,ok,23,1.023
2026-07-22T11:26:27.345058,1610612742,away,,2025-02-25,2024-25,ok,23,0.927
2026-07-22T11:26:29.693410,1610612743,overall,,2025-02-25,2024-25,ok,18,1.619
2026-07-22T11:26:31.573734,1610612743,home,,2025-02-25,2024-25,ok,18,1.158
2026-07-22T11:26:33.274065,1610612743,away,,2025-02-25,2024-25,ok,18,0.977
2026-07-22T11:26:35.627966,1610612744,overall,,2025-02-25,2024-25,ok,23,1.635
2026-07-22T11:26:37.574592,1610612744,home,,2025-02-25,2024-25,ok,23,1.232
2026-07-22T11:26:39.332607,1610612744,away,,2025-02-25,2024-25,ok,22,1.037
2026-07-22T11:26:41.473802,1610612745,overall,,2025-02-25,2024-25,ok,19,1.427
2026-07-22T11:26:43.308506,1610612745,home,,2025-02-25,2024-25,ok,18,1.114
2026-07-22T11:26:44.975250,1610612745,away,,2025-02-25,2024-25,ok,19,0.95
2026-07-22T11:26:47.201828,1610612746,overall,,2025-02-25,2024-25,ok,23,1.503
2026-07-22T11:26:49.042373,1610612746,home,,2025-02-25,2024-25,ok,23,1.125
2026-07-22T11:26:50.887914,1610612746,away,,2025-02-25,2024-25,ok,23,1.122
2026-07-22T11:26:53.146286,1610612747,overall,,2025-02-25,2024-25,ok,27,1.525
2026-07-22T11:26:54.988526,1610612747,home,,2025-02-25,2024-25,ok,27,1.124
2026-07-22T11:26:56.721324,1610612747,away,,2025-02-25,2024-25,ok,26,1.014
2026-07-22T11:26:58.970692,1610612748,overall,,2025-02-25,2024-25,ok,21,1.479
2026-07-22T11:27:00.893046,1610612748,home,,2025-02-25,2024-25,ok,21,1.208
2026-07-22T11:27:02.779575,1610612748,away,,2025-02-25,2024-25,ok,21,1.081
2026-07-22T11:27:04.874085,1610612749,overall,,2025-02-25,2024-25,ok,21,1.363
2026-07-22T11:27:06.758820,1610612749,home,,2025-02-25,2024-25,ok,21,1.166
2026-07-22T11:27:08.413265,1610612749,away,,2025-02-25,2024-25,ok,21,0.938
2026-07-22T11:27:10.659844,1610612750,overall,,2025-02-25,2024-25,ok,19,1.529
2026-07-22T11:27:12.594167,1610612750,home,,2025-02-25,2024-25,ok,19,1.215
2026-07-22T11:27:16.688686,1610612750,away,,2025-02-25,2024-25,ok,19,3.381
2026-07-22T11:27:18.842188,1610612751,overall,,2025-02-25,2024-25,ok,24,1.433
2026-07-22T11:27:20.892913,1610612751,home,,2025-02-25,2024-25,ok,24,1.329
2026-07-22T11:27:22.738173,1610612751,away,,2025-02-25,2024-25,ok,24,1.127
2026-07-22T11:27:24.988519,1610612752,overall,,2025-02-25,2024-25,ok,19,1.527
2026-07-22T11:27:26.718830,1610612752,home,,2025-02-25,2024-25,ok,19,1.02
2026-07-22T11:27:29.287307,1610612752,away,,2025-02-25,2024-25,ok,19,1.841
2026-07-22T11:27:31.332076,1610612753,overall,,2025-02-25,2024-25,ok,18,1.33
2026-07-22T11:27:33.076321,1610612753,home,,2025-02-25,2024-25,ok,18,1.021
2026-07-22T11:27:34.906491,1610612753,away,,2025-02-25,2024-25,ok,18,1.115
2026-07-22T11:27:41.478855,1610612754,overall,,2025-02-25,2024-25,ok,21,5.857
2026-07-22T11:27:43.317859,1610612754,home,,2025-02-25,2024-25,ok,21,1.12
2026-07-22T11:27:44.954960,1610612754,away,,2025-02-25,2024-25,ok,21,0.919
2026-07-22T11:27:47.618286,1610612755,overall,,2025-02-25,2024-25,ok,24,1.951
2026-07-22T11:27:49.563365,1610612755,home,,2025-02-25,2024-25,ok,24,1.231
2026-07-22T11:27:51.202896,1610612755,away,,2025-02-25,2024-25,ok,22,0.918
2026-07-22T11:27:55.298284,1610612756,overall,,2025-02-25,2024-25,ok,20,3.378
2026-07-22T11:27:57.141376,1610612756,home,,2025-02-25,2024-25,ok,20,1.119
2026-07-22T11:27:58.779337,1610612756,away,,2025-02-25,2024-25,ok,20,0.921
2026-07-22T11:28:03.389672,1610612757,overall,,2025-02-25,2024-25,ok,19,3.887
2026-07-22T11:28:05.131406,1610612757,home,,2025-02-25,2024-25,ok,19,1.02
2026-07-22T11:28:06.763683,1610612757,away,,2025-02-25,2024-25,ok,19,0.914
2026-07-22T11:28:11.040562,1610612758,overall,,2025-02-25,2024-25,ok,24,3.554
2026-07-22T11:28:13.013707,1610612758,home,,2025-02-25,2024-25,ok,23,1.258
2026-07-22T11:28:14.966606,1610612758,away,,2025-02-25,2024-25,ok,24,1.228
2026-07-22T11:28:17.216160,1610612759,overall,,2025-02-25,2024-25,ok,21,1.523
2026-07-22T11:28:19.259805,1610612759,home,,2025-02-25,2024-25,ok,21,1.321
2026-07-22T11:28:20.980170,1610612759,away,,2025-02-25,2024-25,ok,21,1.002
2026-07-22T11:28:23.420135,1610612760,overall,,2025-02-25,2024-25,ok,21,1.725
2026-07-22T11:28:25.197003,1610612760,home,,2025-02-25,2024-25,ok,21,1.059
2026-07-22T11:28:26.840201,1610612760,away,,2025-02-25,2024-25,ok,20,0.924
2026-07-22T11:28:29.093371,1610612761,overall,,2025-02-25,2024-25,ok,24,1.535
2026-07-22T11:28:30.931032,1610612761,home,,2025-02-25,2024-25,ok,24,1.125
2026-07-22T11:28:32.676480,1610612761,away,,2025-02-25,2024-25,ok,23,1.031
2026-07-22T11:28:34.933233,1610612762,overall,,2025-02-25,2024-25,ok,25,1.541
2026-07-22T11:28:36.876051,1610612762,home,,2025-02-25,2024-25,ok,24,1.227
2026-07-22T11:28:38.614352,1610612762,away,,2025-02-25,2024-25,ok,22,1.022
2026-07-22T11:28:40.811405,1610612763,overall,,2025-02-25,2024-25,ok,22,1.478
2026-07-22T11:28:42.714105,1610612763,home,,2025-02-25,2024-25,ok,22,1.188
2026-07-22T11:28:44.454672,1610612763,away,,2025-02-25,2024-25,ok,22,1.022
2026-07-22T11:28:46.417760,1610612764,overall,,2025-02-25,2024-25,ok,27,1.241
2026-07-22T11:28:48.141797,1610612764,home,,2025-02-25,2024-25,ok,27,1.008
2026-07-22T11:28:49.983775,1610612764,away,,2025-02-25,2024-25,ok,24,1.118
2026-07-22T11:28:51.742875,1610612765,overall,,2025-02-25,2024-25,ok,21,1.042
2026-07-22T11:28:53.366788,1610612765,home,,2025-02-25,2024-25,ok,21,0.906
2026-07-22T11:28:54.995990,1610612765,away,,2025-02-25,2024-25,ok,21,0.91
2026-07-22T11:28:57.149974,1610612766,overall,,2025-02-25,2024-25,ok,26,1.433
2026-07-22T11:28:58.892676,1610612766,home,,2025-02-25,2024-25,ok,24,1.024
2026-07-22T11:29:00.694597,1610612766,away,,2025-02-25,2024-25,ok,24,1.083
2026-07-22T11:29:02.884725,1610612737,overall,,2025-03-04,2024-25,ok,24,1.468
2026-07-22T11:29:04.496941,1610612737,home,,2025-03-04,2024-25,ok,23,0.891
2026-07-22T11:29:06.158456,1610612737,away,,2025-03-04,2024-25,ok,24,0.942
2026-07-22T11:29:08.047153,1610612738,overall,,2025-03-04,2024-25,ok,18,1.175
2026-07-22T11:29:09.802418,1610612738,home,,2025-03-04,2024-25,ok,18,1.039
2026-07-22T11:29:11.550449,1610612738,away,,2025-03-04,2024-25,ok,18,1.032
2026-07-22T11:29:13.328394,1610612739,overall,,2025-03-04,2024-25,ok,20,1.061
2026-07-22T11:29:14.966806,1610612739,home,,2025-03-04,2024-25,ok,20,0.916
2026-07-22T11:29:16.581673,1610612739,away,,2025-03-04,2024-25,ok,20,0.901
2026-07-22T11:29:18.452262,1610612740,overall,,2025-03-04,2024-25,ok,24,1.155
2026-07-22T11:29:20.189660,1610612740,home,,2025-03-04,2024-25,ok,22,1.018
2026-07-22T11:29:22.032918,1610612740,away,,2025-03-04,2024-25,ok,24,1.118
2026-07-22T11:29:23.879610,1610612741,overall,,2025-03-04,2024-25,ok,23,1.129
2026-07-22T11:29:25.617534,1610612741,home,,2025-03-04,2024-25,ok,23,1.02
2026-07-22T11:29:28.181695,1610612741,away,,2025-03-04,2024-25,ok,23,1.843
2026-07-22T11:29:29.918874,1610612742,overall,,2025-03-04,2024-25,ok,24,1.014
2026-07-22T11:29:31.555175,1610612742,home,,2025-03-04,2024-25,ok,24,0.919
2026-07-22T11:29:33.194674,1610612742,away,,2025-03-04,2024-25,ok,23,0.915
2026-07-22T11:29:35.243287,1610612743,overall,,2025-03-04,2024-25,ok,18,1.327
2026-07-22T11:29:37.107048,1610612743,home,,2025-03-04,2024-25,ok,18,1.14
2026-07-22T11:29:38.725533,1610612743,away,,2025-03-04,2024-25,ok,18,0.901
2026-07-22T11:29:40.733649,1610612744,overall,,2025-03-04,2024-25,ok,23,1.285
2026-07-22T11:29:42.411105,1610612744,home,,2025-03-04,2024-25,ok,23,0.96
2026-07-22T11:29:44.049303,1610612744,away,,2025-03-04,2024-25,ok,23,0.922
2026-07-22T11:29:46.096940,1610612745,overall,,2025-03-04,2024-25,ok,20,1.332
2026-07-22T11:29:47.733997,1610612745,home,,2025-03-04,2024-25,ok,18,0.915
2026-07-22T11:29:49.375209,1610612745,away,,2025-03-04,2024-25,ok,20,0.927
2026-07-22T11:29:51.018321,1610612746,overall,,2025-03-04,2024-25,ok,25,0.921
2026-07-22T11:29:52.663865,1610612746,home,,2025-03-04,2024-25,ok,23,0.926
2026-07-22T11:29:54.391616,1610612746,away,,2025-03-04,2024-25,ok,25,1.011
2026-07-22T11:29:56.134174,1610612747,overall,,2025-03-04,2024-25,ok,27,1.03
2026-07-22T11:29:57.793608,1610612747,home,,2025-03-04,2024-25,ok,27,0.941
2026-07-22T11:29:59.508616,1610612747,away,,2025-03-04,2024-25,ok,26,0.996
2026-07-22T11:30:01.353039,1610612748,overall,,2025-03-04,2024-25,ok,21,1.119
2026-07-22T11:30:03.095111,1610612748,home,,2025-03-04,2024-25,ok,21,1.025
2026-07-22T11:30:04.836830,1610612748,away,,2025-03-04,2024-25,ok,21,1.018
2026-07-22T11:30:08.217507,1610612749,overall,,2025-03-04,2024-25,ok,22,2.661
2026-07-22T11:30:10.004019,1610612749,home,,2025-03-04,2024-25,ok,21,1.065
2026-07-22T11:30:12.829113,1610612749,away,,2025-03-04,2024-25,ok,22,2.101
2026-07-22T11:30:14.770173,1610612750,overall,,2025-03-04,2024-25,ok,20,1.215
2026-07-22T11:30:16.510886,1610612750,home,,2025-03-04,2024-25,ok,20,1.019
2026-07-22T11:30:18.046657,1610612750,away,,2025-03-04,2024-25,ok,20,0.812
2026-07-22T11:30:19.788700,1610612751,overall,,2025-03-04,2024-25,ok,26,1.021
2026-07-22T11:30:21.525779,1610612751,home,,2025-03-04,2024-25,ok,25,1.019
2026-07-22T11:30:26.036165,1610612751,away,,2025-03-04,2024-25,ok,26,3.789
2026-07-22T11:30:27.878455,1610612752,overall,,2025-03-04,2024-25,ok,21,1.122
2026-07-22T11:30:29.481500,1610612752,home,,2025-03-04,2024-25,ok,21,0.886
2026-07-22T11:30:31.035687,1610612752,away,,2025-03-04,2024-25,ok,19,0.841
2026-07-22T11:30:32.702688,1610612753,overall,,2025-03-04,2024-25,ok,18,0.947
2026-07-22T11:30:34.532108,1610612753,home,,2025-03-04,2024-25,ok,18,1.116
2026-07-22T11:30:36.170432,1610612753,away,,2025-03-04,2024-25,ok,18,0.924
2026-07-22T11:30:37.718414,1610612754,overall,,2025-03-04,2024-25,ok,22,0.83
2026-07-22T11:30:39.991624,1610612754,home,,2025-03-04,2024-25,ok,22,1.552
2026-07-22T11:30:41.597363,1610612754,away,,2025-03-04,2024-25,ok,21,0.895
2026-07-22T11:30:43.343030,1610612755,overall,,2025-03-04,2024-25,ok,25,1.027
2026-07-22T11:30:45.081751,1610612755,home,,2025-03-04,2024-25,ok,25,1.016
2026-07-22T11:30:46.818993,1610612755,away,,2025-03-04,2024-25,ok,25,1.023
2026-07-22T11:30:48.561309,1610612756,overall,,2025-03-04,2024-25,ok,20,1.026
2026-07-22T11:30:50.303168,1610612756,home,,2025-03-04,2024-25,ok,20,1.026
2026-07-22T11:30:52.052627,1610612756,away,,2025-03-04,2024-25,ok,20,1.033
2026-07-22T11:30:53.938130,1610612757,overall,,2025-03-04,2024-25,ok,19,1.174
2026-07-22T11:30:55.832152,1610612757,home,,2025-03-04,2024-25,ok,19,1.175
2026-07-22T11:30:57.472957,1610612757,away,,2025-03-04,2024-25,ok,19,0.923
2026-07-22T11:30:59.315356,1610612758,overall,,2025-03-04,2024-25,ok,25,1.123
2026-07-22T11:31:00.954088,1610612758,home,,2025-03-04,2024-25,ok,23,0.922
2026-07-22T11:31:02.588859,1610612758,away,,2025-03-04,2024-25,ok,25,0.913
2026-07-22T11:31:04.437211,1610612759,overall,,2025-03-04,2024-25,ok,21,1.132
2026-07-22T11:31:06.176403,1610612759,home,,2025-03-04,2024-25,ok,21,1.014
2026-07-22T11:31:07.920334,1610612759,away,,2025-03-04,2024-25,ok,21,1.026
2026-07-22T11:31:09.667153,1610612760,overall,,2025-03-04,2024-25,ok,21,1.022
2026-07-22T11:31:11.198701,1610612760,home,,2025-03-04,2024-25,ok,21,0.811
2026-07-22T11:31:12.944387,1610612760,away,,2025-03-04,2024-25,ok,20,1.027
2026-07-22T11:31:14.778083,1610612761,overall,,2025-03-04,2024-25,ok,24,1.11
2026-07-22T11:31:16.722858,1610612761,home,,2025-03-04,2024-25,ok,24,1.223
2026-07-22T11:31:18.361166,1610612761,away,,2025-03-04,2024-25,ok,24,0.917
2026-07-22T11:31:20.205915,1610612762,overall,,2025-03-04,2024-25,ok,25,1.125
2026-07-22T11:31:22.076644,1610612762,home,,2025-03-04,2024-25,ok,24,1.145
2026-07-22T11:31:23.611195,1610612762,away,,2025-03-04,2024-25,ok,22,0.816
2026-07-22T11:31:25.324482,1610612763,overall,,2025-03-04,2024-25,ok,22,0.99
2026-07-22T11:31:27.066429,1610612763,home,,2025-03-04,2024-25,ok,22,1.025
2026-07-22T11:31:28.704000,1610612763,away,,2025-03-04,2024-25,ok,22,0.915
2026-07-22T11:31:30.362440,1610612764,overall,,2025-03-04,2024-25,ok,28,0.94
2026-07-22T11:31:33.416653,1610612764,home,,2025-03-04,2024-25,ok,27,2.333
2026-07-22T11:31:35.156881,1610612764,away,,2025-03-04,2024-25,ok,25,1.016
2026-07-22T11:31:36.895985,1610612765,overall,,2025-03-04,2024-25,ok,21,1.021
2026-07-22T11:31:38.545341,1610612765,home,,2025-03-04,2024-25,ok,21,0.926
2026-07-22T11:31:40.076331,1610612765,away,,2025-03-04,2024-25,ok,21,0.808
2026-07-22T11:31:41.816491,1610612766,overall,,2025-03-04,2024-25,ok,27,1.017
2026-07-22T11:31:43.468235,1610612766,home,,2025-03-04,2024-25,ok,27,0.927
2026-07-22T11:31:45.071361,1610612766,away,,2025-03-04,2024-25,ok,24,0.885
2026-07-22T11:31:46.829917,1610612737,overall,,2025-03-11,2024-25,ok,25,1.038
2026-07-22T11:31:48.776388,1610612737,home,,2025-03-11,2024-25,ok,24,1.231
2026-07-22T11:31:50.329018,1610612737,away,,2025-03-11,2024-25,ok,24,0.837
2026-07-22T11:31:51.950927,1610612738,overall,,2025-03-11,2024-25,ok,19,0.907
2026-07-22T11:31:53.793242,1610612738,home,,2025-03-11,2024-25,ok,19,1.126
2026-07-22T11:31:55.667818,1610612738,away,,2025-03-11,2024-25,ok,18,1.16
2026-07-22T11:31:57.173255,1610612739,overall,,2025-03-11,2024-25,ok,20,0.787
2026-07-22T11:31:58.907522,1610612739,home,,2025-03-11,2024-25,ok,20,1.017
2026-07-22T11:32:00.759022,1610612739,away,,2025-03-11,2024-25,ok,20,1.122
2026-07-22T11:32:02.600402,1610612740,overall,,2025-03-11,2024-25,ok,25,1.122
2026-07-22T11:32:04.140754,1610612740,home,,2025-03-11,2024-25,ok,24,0.821
2026-07-22T11:32:05.672058,1610612740,away,,2025-03-11,2024-25,ok,24,0.811
2026-07-22T11:32:07.595693,1610612741,overall,,2025-03-11,2024-25,ok,23,1.207
2026-07-22T11:32:09.153637,1610612741,home,,2025-03-11,2024-25,ok,23,0.835
2026-07-22T11:32:10.855436,1610612741,away,,2025-03-11,2024-25,ok,23,0.98
2026-07-22T11:32:12.631644,1610612742,overall,,2025-03-11,2024-25,ok,24,1.057
2026-07-22T11:32:14.464828,1610612742,home,,2025-03-11,2024-25,ok,24,1.114
2026-07-22T11:32:16.323509,1610612742,away,,2025-03-11,2024-25,ok,24,1.135
2026-07-22T11:32:18.063257,1610612743,overall,,2025-03-11,2024-25,ok,18,1.016
2026-07-22T11:32:19.698180,1610612743,home,,2025-03-11,2024-25,ok,18,0.92
2026-07-22T11:32:21.238818,1610612743,away,,2025-03-11,2024-25,ok,18,0.818
2026-07-22T11:32:23.322333,1610612744,overall,,2025-03-11,2024-25,ok,24,1.361
2026-07-22T11:32:24.967658,1610612744,home,,2025-03-11,2024-25,ok,24,0.929
2026-07-22T11:32:26.666235,1610612744,away,,2025-03-11,2024-25,ok,24,0.976
2026-07-22T11:32:28.403565,1610612745,overall,,2025-03-11,2024-25,ok,20,1.02
2026-07-22T11:32:29.913161,1610612745,home,,2025-03-11,2024-25,ok,19,0.795
2026-07-22T11:32:31.680907,1610612745,away,,2025-03-11,2024-25,ok,20,1.045
2026-07-22T11:32:33.509950,1610612746,overall,,2025-03-11,2024-25,ok,25,1.11
2026-07-22T11:32:35.164028,1610612746,home,,2025-03-11,2024-25,ok,25,0.93
2026-07-22T11:32:36.700310,1610612746,away,,2025-03-11,2024-25,ok,25,0.814
2026-07-22T11:32:38.440726,1610612747,overall,,2025-03-11,2024-25,ok,27,1.019
2026-07-22T11:32:40.102572,1610612747,home,,2025-03-11,2024-25,ok,27,0.942
2026-07-22T11:32:41.715227,1610612747,away,,2025-03-11,2024-25,ok,26,0.894
2026-07-22T11:32:43.559240,1610612748,overall,,2025-03-11,2024-25,ok,21,1.13
2026-07-22T11:32:45.405340,1610612748,home,,2025-03-11,2024-25,ok,21,1.126
2026-07-22T11:32:47.656850,1610612748,away,,2025-03-11,2024-25,ok,21,1.527
2026-07-22T11:32:49.193855,1610612749,overall,,2025-03-11,2024-25,ok,23,0.819
2026-07-22T11:32:50.937292,1610612749,home,,2025-03-11,2024-25,ok,23,1.023
2026-07-22T11:32:52.533781,1610612749,away,,2025-03-11,2024-25,ok,23,0.879
2026-07-22T11:32:56.632312,1610612750,overall,,2025-03-11,2024-25,ok,20,3.375
2026-07-22T11:32:58.305881,1610612750,home,,2025-03-11,2024-25,ok,20,0.955
2026-07-22T11:32:59.957277,1610612750,away,,2025-03-11,2024-25,ok,20,0.924
2026-07-22T11:33:02.094481,1610612751,overall,,2025-03-11,2024-25,ok,26,1.422
2026-07-22T11:33:04.022449,1610612751,home,,2025-03-11,2024-25,ok,26,1.216
2026-07-22T11:33:05.594311,1610612751,away,,2025-03-11,2024-25,ok,26,0.848
2026-07-22T11:33:07.156423,1610612752,overall,,2025-03-11,2024-25,ok,22,0.848
2026-07-22T11:33:09.124288,1610612752,home,,2025-03-11,2024-25,ok,21,1.253
2026-07-22T11:33:10.826627,1610612752,away,,2025-03-11,2024-25,ok,22,0.981
2026-07-22T11:33:12.528252,1610612753,overall,,2025-03-11,2024-25,ok,18,0.989
2026-07-22T11:33:14.170045,1610612753,home,,2025-03-11,2024-25,ok,18,0.925
2026-07-22T11:33:16.018895,1610612753,away,,2025-03-11,2024-25,ok,18,1.132
2026-07-22T11:33:17.878665,1610612754,overall,,2025-03-11,2024-25,ok,22,1.091
2026-07-22T11:33:19.616889,1610612754,home,,2025-03-11,2024-25,ok,22,1.012
2026-07-22T11:33:21.246373,1610612754,away,,2025-03-11,2024-25,ok,22,0.904
2026-07-22T11:33:22.918450,1610612755,overall,,2025-03-11,2024-25,ok,25,0.953
2026-07-22T11:33:24.423722,1610612755,home,,2025-03-11,2024-25,ok,25,0.777
2026-07-22T11:33:26.057656,1610612755,away,,2025-03-11,2024-25,ok,25,0.918
2026-07-22T11:33:29.536003,1610612756,overall,,2025-03-11,2024-25,ok,20,2.762
2026-07-22T11:33:31.277901,1610612756,home,,2025-03-11,2024-25,ok,20,1.026
2026-07-22T11:33:32.808032,1610612756,away,,2025-03-11,2024-25,ok,20,0.814
2026-07-22T11:33:34.661488,1610612757,overall,,2025-03-11,2024-25,ok,19,1.129
2026-07-22T11:33:36.468583,1610612757,home,,2025-03-11,2024-25,ok,19,1.086
2026-07-22T11:33:38.652210,1610612757,away,,2025-03-11,2024-25,ok,19,1.461
2026-07-22T11:33:40.391721,1610612758,overall,,2025-03-11,2024-25,ok,25,1.017
2026-07-22T11:33:41.929655,1610612758,home,,2025-03-11,2024-25,ok,24,0.819
2026-07-22T11:33:43.482830,1610612758,away,,2025-03-11,2024-25,ok,25,0.83
2026-07-22T11:33:45.413075,1610612759,overall,,2025-03-11,2024-25,ok,21,1.216
2026-07-22T11:33:47.043496,1610612759,home,,2025-03-11,2024-25,ok,21,0.907
2026-07-22T11:33:48.790100,1610612759,away,,2025-03-11,2024-25,ok,21,1.022
2026-07-22T11:33:50.424885,1610612760,overall,,2025-03-11,2024-25,ok,21,0.92
2026-07-22T11:33:51.964943,1610612760,home,,2025-03-11,2024-25,ok,21,0.827
2026-07-22T11:33:53.575990,1610612760,away,,2025-03-11,2024-25,ok,20,0.899
2026-07-22T11:33:55.141050,1610612761,overall,,2025-03-11,2024-25,ok,25,0.847
2026-07-22T11:33:56.880279,1610612761,home,,2025-03-11,2024-25,ok,25,1.021
2026-07-22T11:33:58.724642,1610612761,away,,2025-03-11,2024-25,ok,24,1.126
2026-07-22T11:34:00.281251,1610612762,overall,,2025-03-11,2024-25,ok,25,0.837
2026-07-22T11:34:02.207939,1610612762,home,,2025-03-11,2024-25,ok,24,1.202
2026-07-22T11:34:05.376821,1610612762,away,,2025-03-11,2024-25,ok,23,2.453
2026-07-22T11:34:07.123358,1610612763,overall,,2025-03-11,2024-25,ok,22,1.023
2026-07-22T11:34:08.964176,1610612763,home,,2025-03-11,2024-25,ok,22,1.128
2026-07-22T11:34:10.603381,1610612763,away,,2025-03-11,2024-25,ok,22,0.918
2026-07-22T11:34:12.350715,1610612764,overall,,2025-03-11,2024-25,ok,28,1.029
2026-07-22T11:34:14.127762,1610612764,home,,2025-03-11,2024-25,ok,28,1.057
2026-07-22T11:34:16.030596,1610612764,away,,2025-03-11,2024-25,ok,25,1.179
2026-07-22T11:34:18.805264,1610612765,overall,,2025-03-11,2024-25,ok,21,2.056
2026-07-22T11:34:20.542380,1610612765,home,,2025-03-11,2024-25,ok,21,1.018
2026-07-22T11:34:22.247776,1610612765,away,,2025-03-11,2024-25,ok,21,0.986
2026-07-22T11:34:24.032847,1610612766,overall,,2025-03-11,2024-25,ok,27,1.062
2026-07-22T11:34:25.690514,1610612766,home,,2025-03-11,2024-25,ok,27,0.938
2026-07-22T11:34:27.307213,1610612766,away,,2025-03-11,2024-25,ok,25,0.902
2026-07-22T11:34:29.048402,1610612737,overall,,2025-03-18,2024-25,ok,25,1.02
2026-07-22T11:34:30.891048,1610612737,home,,2025-03-18,2024-25,ok,24,1.124
2026-07-22T11:34:32.633850,1610612737,away,,2025-03-18,2024-25,ok,25,1.017
2026-07-22T11:34:34.226683,1610612738,overall,,2025-03-18,2024-25,ok,19,0.87
2026-07-22T11:34:35.805268,1610612738,home,,2025-03-18,2024-25,ok,19,0.865
2026-07-22T11:34:37.445577,1610612738,away,,2025-03-18,2024-25,ok,19,0.926
2026-07-22T11:34:39.186235,1610612739,overall,,2025-03-18,2024-25,ok,20,1.022
2026-07-22T11:34:40.640378,1610612739,home,,2025-03-18,2024-25,ok,20,0.738
2026-07-22T11:34:42.156144,1610612739,away,,2025-03-18,2024-25,ok,20,0.794
2026-07-22T11:34:43.898909,1610612740,overall,,2025-03-18,2024-25,ok,25,1.024
2026-07-22T11:34:45.388714,1610612740,home,,2025-03-18,2024-25,ok,24,0.771
2026-07-22T11:34:47.075333,1610612740,away,,2025-03-18,2024-25,ok,25,0.96
2026-07-22T11:34:49.019173,1610612741,overall,,2025-03-18,2024-25,ok,23,1.228
2026-07-22T11:34:50.558098,1610612741,home,,2025-03-18,2024-25,ok,23,0.825
2026-07-22T11:34:55.494033,1610612741,away,,2025-03-18,2024-25,ok,23,4.218
2026-07-22T11:34:57.015921,1610612742,overall,,2025-03-18,2024-25,ok,24,0.807
2026-07-22T11:34:58.751089,1610612742,home,,2025-03-18,2024-25,ok,24,1.012
2026-07-22T11:35:03.050134,1610612742,away,,2025-03-18,2024-25,ok,24,3.541
2026-07-22T11:35:06.834627,1610612743,overall,,2025-03-18,2024-25,ok,18,3.063
2026-07-22T11:35:08.688943,1610612743,home,,2025-03-18,2024-25,ok,18,1.134
2026-07-22T11:35:10.216929,1610612743,away,,2025-03-18,2024-25,ok,18,0.806
2026-07-22T11:35:11.957276,1610612744,overall,,2025-03-18,2024-25,ok,24,1.021
2026-07-22T11:35:13.501100,1610612744,home,,2025-03-18,2024-25,ok,24,0.827
2026-07-22T11:35:15.130366,1610612744,away,,2025-03-18,2024-25,ok,24,0.915
2026-07-22T11:35:16.768940,1610612745,overall,,2025-03-18,2024-25,ok,20,0.922
2026-07-22T11:35:18.488644,1610612745,home,,2025-03-18,2024-25,ok,19,1.0
2026-07-22T11:35:24.345970,1610612745,away,,2025-03-18,2024-25,ok,20,5.137
2026-07-22T11:35:26.125283,1610612746,overall,,2025-03-18,2024-25,ok,25,1.063
2026-07-22T11:35:27.728220,1610612746,home,,2025-03-18,2024-25,ok,25,0.879
2026-07-22T11:35:29.570281,1610612746,away,,2025-03-18,2024-25,ok,25,1.126
2026-07-22T11:35:31.764480,1610612747,overall,,2025-03-18,2024-25,ok,27,1.476
2026-07-22T11:35:33.382142,1610612747,home,,2025-03-18,2024-25,ok,27,0.902
2026-07-22T11:35:35.310343,1610612747,away,,2025-03-18,2024-25,ok,26,1.209
2026-07-22T11:35:36.978413,1610612748,overall,,2025-03-18,2024-25,ok,21,0.949
2026-07-22T11:35:38.705774,1610612748,home,,2025-03-18,2024-25,ok,21,1.008
2026-07-22T11:35:40.424938,1610612748,away,,2025-03-18,2024-25,ok,21,0.997
2026-07-22T11:35:42.166434,1610612749,overall,,2025-03-18,2024-25,ok,23,1.02
2026-07-22T11:35:43.803537,1610612749,home,,2025-03-18,2024-25,ok,23,0.922
2026-07-22T11:35:45.340426,1610612749,away,,2025-03-18,2024-25,ok,23,0.813
2026-07-22T11:35:46.976036,1610612750,overall,,2025-03-18,2024-25,ok,20,0.914
2026-07-22T11:35:48.622579,1610612750,home,,2025-03-18,2024-25,ok,20,0.932
2026-07-22T11:35:50.118553,1610612750,away,,2025-03-18,2024-25,ok,20,0.782
2026-07-22T11:35:51.997823,1610612751,overall,,2025-03-18,2024-25,ok,26,1.162
2026-07-22T11:35:53.499977,1610612751,home,,2025-03-18,2024-25,ok,26,0.79
2026-07-22T11:35:54.992371,1610612751,away,,2025-03-18,2024-25,ok,26,0.78
2026-07-22T11:35:56.705999,1610612752,overall,,2025-03-18,2024-25,ok,22,0.994
2026-07-22T11:35:58.243527,1610612752,home,,2025-03-18,2024-25,ok,22,0.821
2026-07-22T11:36:00.021921,1610612752,away,,2025-03-18,2024-25,ok,22,1.061
2026-07-22T11:36:01.827141,1610612753,overall,,2025-03-18,2024-25,ok,18,1.083
2026-07-22T11:36:03.567225,1610612753,home,,2025-03-18,2024-25,ok,18,1.019
2026-07-22T11:36:05.308958,1610612753,away,,2025-03-18,2024-25,ok,18,1.02
2026-07-22T11:36:06.948342,1610612754,overall,,2025-03-18,2024-25,ok,22,0.921
2026-07-22T11:36:08.584552,1610612754,home,,2025-03-18,2024-25,ok,22,0.925
2026-07-22T11:36:10.224859,1610612754,away,,2025-03-18,2024-25,ok,22,0.923
2026-07-22T11:36:12.002076,1610612755,overall,,2025-03-18,2024-25,ok,26,1.035
2026-07-22T11:36:13.671093,1610612755,home,,2025-03-18,2024-25,ok,26,0.947
2026-07-22T11:36:15.346617,1610612755,away,,2025-03-18,2024-25,ok,26,0.952
2026-07-22T11:36:17.092203,1610612756,overall,,2025-03-18,2024-25,ok,20,1.026
2026-07-22T11:36:18.621213,1610612756,home,,2025-03-18,2024-25,ok,20,0.81
2026-07-22T11:36:20.166336,1610612756,away,,2025-03-18,2024-25,ok,20,0.828
2026-07-22T11:36:21.793450,1610612757,overall,,2025-03-18,2024-25,ok,19,0.912
2026-07-22T11:36:23.535921,1610612757,home,,2025-03-18,2024-25,ok,19,1.024
2026-07-22T11:36:25.277074,1610612757,away,,2025-03-18,2024-25,ok,19,1.02
2026-07-22T11:36:27.121976,1610612758,overall,,2025-03-18,2024-25,ok,25,1.121
2026-07-22T11:36:28.655399,1610612758,home,,2025-03-18,2024-25,ok,24,0.813
2026-07-22T11:36:30.296680,1610612758,away,,2025-03-18,2024-25,ok,25,0.921
2026-07-22T11:36:32.240826,1610612759,overall,,2025-03-18,2024-25,ok,21,1.225
2026-07-22T11:36:33.817873,1610612759,home,,2025-03-18,2024-25,ok,21,0.861
2026-07-22T11:36:35.325438,1610612759,away,,2025-03-18,2024-25,ok,21,0.784
2026-07-22T11:36:37.059419,1610612760,overall,,2025-03-18,2024-25,ok,21,1.012
2026-07-22T11:36:38.577115,1610612760,home,,2025-03-18,2024-25,ok,21,0.798
2026-07-22T11:36:40.138989,1610612760,away,,2025-03-18,2024-25,ok,20,0.845
2026-07-22T11:36:41.867345,1610612761,overall,,2025-03-18,2024-25,ok,25,1.009
2026-07-22T11:36:43.711038,1610612761,home,,2025-03-18,2024-25,ok,25,1.12
2026-07-22T11:36:45.349407,1610612761,away,,2025-03-18,2024-25,ok,25,0.921
2026-07-22T11:36:46.911284,1610612762,overall,,2025-03-18,2024-25,ok,25,0.846
2026-07-22T11:36:48.625268,1610612762,home,,2025-03-18,2024-25,ok,24,0.998
2026-07-22T11:36:50.472868,1610612762,away,,2025-03-18,2024-25,ok,23,1.129
2026-07-22T11:36:52.099375,1610612763,overall,,2025-03-18,2024-25,ok,22,0.912
2026-07-22T11:36:53.638138,1610612763,home,,2025-03-18,2024-25,ok,22,0.816
2026-07-22T11:36:55.281723,1610612763,away,,2025-03-18,2024-25,ok,22,0.921
2026-07-22T11:36:56.920079,1610612764,overall,,2025-03-18,2024-25,ok,28,0.922
2026-07-22T11:36:58.653933,1610612764,home,,2025-03-18,2024-25,ok,28,1.018
2026-07-22T11:37:00.174290,1610612764,away,,2025-03-18,2024-25,ok,25,0.801
2026-07-22T11:37:01.941790,1610612765,overall,,2025-03-18,2024-25,ok,21,1.043
2026-07-22T11:37:03.681206,1610612765,home,,2025-03-18,2024-25,ok,21,1.016
2026-07-22T11:37:06.038169,1610612765,away,,2025-03-18,2024-25,ok,21,1.636
2026-07-22T11:37:07.774351,1610612766,overall,,2025-03-18,2024-25,ok,28,1.016
2026-07-22T11:37:09.366738,1610612766,home,,2025-03-18,2024-25,ok,28,0.869
2026-07-22T11:37:10.886547,1610612766,away,,2025-03-18,2024-25,ok,26,0.806
2026-07-22T11:37:12.464713,1610612737,overall,,2025-03-25,2024-25,ok,25,0.858
2026-07-22T11:37:14.040137,1610612737,home,,2025-03-25,2024-25,ok,24,0.855
2026-07-22T11:37:15.578834,1610612737,away,,2025-03-25,2024-25,ok,25,0.817
2026-07-22T11:37:19.512979,1610612738,overall,,2025-03-25,2024-25,ok,19,3.137
2026-07-22T11:37:21.025508,1610612738,home,,2025-03-25,2024-25,ok,19,0.792
2026-07-22T11:37:22.626085,1610612738,away,,2025-03-25,2024-25,ok,19,0.875
2026-07-22T11:37:24.165254,1610612739,overall,,2025-03-25,2024-25,ok,20,0.822
2026-07-22T11:37:25.780502,1610612739,home,,2025-03-25,2024-25,ok,20,0.894
2026-07-22T11:37:27.436288,1610612739,away,,2025-03-25,2024-25,ok,20,0.936
2026-07-22T11:37:29.287174,1610612740,overall,,2025-03-25,2024-25,ok,25,1.133
2026-07-22T11:37:30.823497,1610612740,home,,2025-03-25,2024-25,ok,24,0.817
2026-07-22T11:37:32.741835,1610612740,away,,2025-03-25,2024-25,ok,25,1.055
2026-07-22T11:37:34.419514,1610612741,overall,,2025-03-25,2024-25,ok,23,0.94
2026-07-22T11:37:35.972793,1610612741,home,,2025-03-25,2024-25,ok,23,0.824
2026-07-22T11:37:37.529757,1610612741,away,,2025-03-25,2024-25,ok,23,0.833
2026-07-22T11:40:15.886330,1610612742,overall,,2025-03-25,2024-25,ok,24,1.85
2026-07-22T11:40:18.069239,1610612742,home,,2025-03-25,2024-25,ok,24,0.846
2026-07-22T11:40:19.627060,1610612742,away,,2025-03-25,2024-25,ok,24,0.839
2026-07-22T11:40:21.362588,1610612743,overall,,2025-03-25,2024-25,ok,18,1.021
2026-07-22T11:40:22.903672,1610612743,home,,2025-03-25,2024-25,ok,18,0.82
2026-07-22T11:40:24.983701,1610612743,away,,2025-03-25,2024-25,ok,18,1.362
2026-07-22T11:40:27.244986,1610612744,overall,,2025-03-25,2024-25,ok,24,1.472
2026-07-22T11:40:29.190052,1610612744,home,,2025-03-25,2024-25,ok,24,1.114
2026-07-22T11:40:31.063924,1610612744,away,,2025-03-25,2024-25,ok,24,0.863
2026-07-22T11:40:33.003073,1610612745,overall,,2025-03-25,2024-25,ok,20,1.146
2026-07-22T11:40:34.732016,1610612745,home,,2025-03-25,2024-25,ok,19,0.929
2026-07-22T11:40:36.348943,1610612745,away,,2025-03-25,2024-25,ok,20,0.782
2026-07-22T11:40:38.527716,1610612746,overall,,2025-03-25,2024-25,ok,25,1.345
2026-07-22T11:40:40.661075,1610612746,home,,2025-03-25,2024-25,ok,25,1.263
2026-07-22T11:40:46.731524,1610612746,away,,2025-03-25,2024-25,ok,25,5.349
2026-07-22T11:40:48.401653,1610612747,overall,,2025-03-25,2024-25,ok,27,0.956
2026-07-22T11:40:50.453587,1610612747,home,,2025-03-25,2024-25,ok,27,1.332
2026-07-22T11:40:52.295610,1610612747,away,,2025-03-25,2024-25,ok,26,1.124
2026-07-22T11:40:54.031281,1610612748,overall,,2025-03-25,2024-25,ok,21,1.017
2026-07-22T11:40:55.673285,1610612748,home,,2025-03-25,2024-25,ok,21,0.922
2026-07-22T11:40:57.620651,1610612748,away,,2025-03-25,2024-25,ok,21,1.226
2026-07-22T11:40:59.360011,1610612749,overall,,2025-03-25,2024-25,ok,23,1.021
2026-07-22T11:41:01.509874,1610612749,home,,2025-03-25,2024-25,ok,23,1.43
2026-07-22T11:41:03.251046,1610612749,away,,2025-03-25,2024-25,ok,23,1.017
2026-07-22T12:08:02.736980,1610612750,overall,,2025-03-25,2024-25,ok,20,1.477
2026-07-22T12:08:05.104527,1610612750,home,,2025-03-25,2024-25,ok,20,1.584
2026-07-22T12:08:07.288384,1610612750,away,,2025-03-25,2024-25,ok,20,1.467
2026-07-22T12:08:09.678651,1610612751,overall,,2025-03-25,2024-25,ok,26,1.634
2026-07-22T12:08:11.715633,1610612751,home,,2025-03-25,2024-25,ok,26,1.309
2026-07-22T12:08:14.034996,1610612751,away,,2025-03-25,2024-25,ok,26,1.597
2026-07-22T12:08:16.850635,1610612752,overall,,2025-03-25,2024-25,ok,22,2.07
2026-07-22T12:08:18.832445,1610612752,home,,2025-03-25,2024-25,ok,22,1.251
2026-07-22T12:08:21.231748,1610612752,away,,2025-03-25,2024-25,ok,22,1.672
2026-07-22T12:25:03.011214,1610612753,overall,,2025-03-25,2024-25,ok,18,3.075
2026-07-22T12:25:05.381220,1610612753,home,,2025-03-25,2024-25,ok,18,1.645
2026-07-22T12:25:07.359630,1610612753,away,,2025-03-25,2024-25,ok,18,1.203
2026-07-22T12:25:10.652848,1610612754,overall,,2025-03-25,2024-25,ok,22,2.512
2026-07-22T12:25:12.398924,1610612754,home,,2025-03-25,2024-25,ok,22,1.013
2026-07-22T12:25:14.088438,1610612754,away,,2025-03-25,2024-25,ok,22,0.962
2026-07-22T12:25:16.471588,1610612755,overall,,2025-03-25,2024-25,ok,27,1.638
2026-07-22T12:25:18.501104,1610612755,home,,2025-03-25,2024-25,ok,26,1.293
2026-07-22T12:25:20.541385,1610612755,away,,2025-03-25,2024-25,ok,27,1.317
2026-07-22T12:41:14.811426,1610612756,overall,,2025-03-25,2024-25,ok,20,1.549
2026-07-22T12:41:17.102433,1610612756,home,,2025-03-25,2024-25,ok,20,1.547
2026-07-22T12:41:18.750616,1610612756,away,,2025-03-25,2024-25,ok,20,0.929
2026-07-22T12:41:20.864285,1610612757,overall,,2025-03-25,2024-25,ok,19,1.384
2026-07-22T12:41:22.946615,1610612757,home,,2025-03-25,2024-25,ok,19,1.357
2026-07-22T12:41:24.768746,1610612757,away,,2025-03-25,2024-25,ok,19,1.097
2026-07-22T12:41:27.164489,1610612758,overall,,2025-03-25,2024-25,ok,26,1.646
2026-07-22T12:41:29.177099,1610612758,home,,2025-03-25,2024-25,ok,25,1.147
2026-07-22T12:41:30.958690,1610612758,away,,2025-03-25,2024-25,ok,25,1.026
2026-07-22T12:41:33.310530,1610612759,overall,,2025-03-25,2024-25,ok,21,1.61
2026-07-22T12:57:01.491618,1610612759,home,,2025-03-25,2024-25,ok,21,1.837
2026-07-22T12:57:03.562671,1610612759,away,,2025-03-25,2024-25,ok,21,1.351
2026-07-22T12:57:05.962745,1610612760,overall,,2025-03-25,2024-25,ok,21,1.672
2026-07-22T12:57:08.058176,1610612760,home,,2025-03-25,2024-25,ok,21,1.376
2026-07-22T12:57:10.473654,1610612760,away,,2025-03-25,2024-25,ok,20,1.377
2026-07-22T12:57:12.992128,1610612761,overall,,2025-03-25,2024-25,ok,25,1.639
2026-07-22T12:57:15.278512,1610612761,home,,2025-03-25,2024-25,ok,25,1.392
2026-07-22T12:57:17.319011,1610612761,away,,2025-03-25,2024-25,ok,25,1.153
2026-07-22T12:57:19.518620,1610612762,overall,,2025-03-25,2024-25,ok,25,1.406
2026-07-22T12:57:22.054615,1610612762,home,,2025-03-25,2024-25,ok,24,1.813
2026-07-22T12:57:29.933203,1610612762,away,,2025-03-25,2024-25,ok,23,7.16
2026-07-22T12:57:32.258892,1610612763,overall,,2025-03-25,2024-25,ok,22,1.581
2026-07-22T12:57:34.190595,1610612763,home,,2025-03-25,2024-25,ok,22,1.206
2026-07-22T12:57:35.930118,1610612763,away,,2025-03-25,2024-25,ok,22,1.019
2026-07-22T12:57:42.091700,1610612764,overall,,2025-03-25,2024-25,ok,28,5.417
2026-07-22T12:57:44.123015,1610612764,home,,2025-03-25,2024-25,ok,28,1.312
2026-07-22T12:57:45.966388,1610612764,away,,2025-03-25,2024-25,ok,25,1.121
2026-07-22T13:08:23.313448,1610612765,overall,,2025-03-25,2024-25,ok,21,2.17
2026-07-22T13:08:25.584382,1610612765,home,,2025-03-25,2024-25,ok,21,1.555
2026-07-22T13:08:27.513451,1610612765,away,,2025-03-25,2024-25,ok,21,1.197
2026-07-22T13:08:29.738533,1610612766,overall,,2025-03-25,2024-25,ok,28,1.462
2026-07-22T13:08:31.664477,1610612766,home,,2025-03-25,2024-25,ok,28,1.141
2026-07-22T13:08:33.458193,1610612766,away,,2025-03-25,2024-25,ok,26,1.069
2026-07-22T13:08:35.766625,1610612737,overall,,2025-04-01,2024-25,ok,25,1.558
2026-07-22T13:08:37.743486,1610612737,home,,2025-04-01,2024-25,ok,24,1.256
2026-07-22T13:08:39.691238,1610612737,away,,2025-04-01,2024-25,ok,25,1.225
2026-07-22T13:08:41.963827,1610612738,overall,,2025-04-01,2024-25,ok,19,1.53
2026-07-22T13:24:35.053741,1610612738,home,,2025-04-01,2024-25,ok,19,2.355
2026-07-22T13:24:37.298122,1610612738,away,,2025-04-01,2024-25,ok,19,1.519
2026-07-22T13:24:39.769313,1610612739,overall,,2025-04-01,2024-25,ok,20,1.729
2026-07-22T13:24:41.799840,1610612739,home,,2025-04-01,2024-25,ok,20,1.3
2026-07-22T13:24:43.645148,1610612739,away,,2025-04-01,2024-25,ok,20,1.12
2026-07-22T13:24:45.909385,1610612740,overall,,2025-04-01,2024-25,ok,25,1.518
2026-07-22T13:24:47.832952,1610612740,home,,2025-04-01,2024-25,ok,24,1.196
2026-07-22T13:24:49.481276,1610612740,away,,2025-04-01,2024-25,ok,25,0.925
2026-07-22T13:24:52.066806,1610612741,overall,,2025-04-01,2024-25,ok,23,1.832
2026-07-22T13:38:40.700283,1610612741,home,,2025-04-01,2024-25,ok,23,1.769
2026-07-22T13:38:46.682950,1610612741,away,,2025-04-01,2024-25,ok,23,5.258
2026-07-22T13:38:49.364147,1610612742,overall,,2025-04-01,2024-25,ok,24,1.939
2026-07-22T13:38:51.164183,1610612742,home,,2025-04-01,2024-25,ok,24,1.076
2026-07-22T13:38:52.830337,1610612742,away,,2025-04-01,2024-25,ok,24,0.946
2026-07-22T13:38:55.089093,1610612743,overall,,2025-04-01,2024-25,ok,18,1.525
2026-07-22T13:38:57.020223,1610612743,home,,2025-04-01,2024-25,ok,18,1.207
2026-07-22T13:38:58.967421,1610612743,away,,2025-04-01,2024-25,ok,18,1.22
2026-07-22T13:39:39.677261,1610612744,overall,,2025-04-01,2024-25,ok,24,2.601
2026-07-22T13:39:41.790436,1610612744,home,,2025-04-01,2024-25,ok,24,1.39
2026-07-22T13:39:43.659558,1610612744,away,,2025-04-01,2024-25,ok,24,1.139
2026-07-22T13:39:46.218522,1610612745,overall,,2025-04-01,2024-25,ok,20,1.831
2026-07-22T13:39:48.497083,1610612745,home,,2025-04-01,2024-25,ok,19,1.507
2026-07-22T13:39:50.765682,1610612745,away,,2025-04-01,2024-25,ok,20,1.425
2026-07-22T13:39:53.375264,1610612746,overall,,2025-04-01,2024-25,ok,25,1.702
2026-07-22T13:39:55.514256,1610612746,home,,2025-04-01,2024-25,ok,25,1.303
2026-07-22T13:39:57.426796,1610612746,away,,2025-04-01,2024-25,ok,25,1.103
2026-07-22T13:39:59.694292,1610612747,overall,,2025-04-01,2024-25,ok,27,1.507
2026-07-22T13:40:01.848846,1610612747,home,,2025-04-01,2024-25,ok,27,1.43
2026-07-22T13:40:10.082452,1610612747,away,,2025-04-01,2024-25,ok,26,7.52
2026-07-22T13:40:12.353826,1610612748,overall,,2025-04-01,2024-25,ok,21,1.508
2026-07-22T13:40:14.283995,1610612748,home,,2025-04-01,2024-25,ok,21,1.206
2026-07-22T13:40:15.955316,1610612748,away,,2025-04-01,2024-25,ok,21,0.943
2026-07-22T13:40:19.304472,1610612749,overall,,2025-04-01,2024-25,ok,23,2.614
2026-07-22T13:40:21.140477,1610612749,home,,2025-04-01,2024-25,ok,23,1.105
2026-07-22T13:40:23.084271,1610612749,away,,2025-04-01,2024-25,ok,23,1.218
2026-07-22T13:40:25.143808,1610612750,overall,,2025-04-01,2024-25,ok,20,1.323
2026-07-22T14:34:02.033500,1610612750,home,,2025-04-01,2024-25,ok,20,2.378
2026-07-22T14:34:04.585838,1610612750,away,,2025-04-01,2024-25,ok,20,1.828
2026-07-22T14:34:08.347711,1610612751,overall,,2025-04-01,2024-25,ok,27,3.034
2026-07-22T14:34:11.275668,1610612751,home,,2025-04-01,2024-25,ok,27,2.2
2026-07-22T14:34:14.041817,1610612751,away,,2025-04-01,2024-25,ok,27,2.036
2026-07-22T14:34:16.646949,1610612752,overall,,2025-04-01,2024-25,ok,22,1.872
2026-07-22T14:34:19.042345,1610612752,home,,2025-04-01,2024-25,ok,22,1.676
2026-07-22T14:34:21.207403,1610612752,away,,2025-04-01,2024-25,ok,22,1.442
2026-07-22T16:34:48.767854,1610612753,overall,,2025-04-01,2024-25,ok,18,1.551
2026-07-22T16:34:56.195973,1610612753,home,,2025-04-01,2024-25,ok,18,6.693
2026-07-22T16:34:59.948682,1610612753,away,,2025-04-01,2024-25,ok,18,3.035
2026-07-22T16:35:05.953384,1610612754,overall,,2025-04-01,2024-25,ok,22,4.629
2026-07-22T16:35:08.676956,1610612754,home,,2025-04-01,2024-25,ok,22,1.986
2026-07-22T16:35:11.459209,1610612754,away,,2025-04-01,2024-25,ok,22,2.05
2026-07-22T16:35:14.632610,1610612755,overall,,2025-04-01,2024-25,ok,28,2.441
2026-07-22T16:35:17.745394,1610612755,home,,2025-04-01,2024-25,ok,28,2.367
2026-07-22T16:35:20.127083,1610612755,away,,2025-04-01,2024-25,ok,28,1.659
2026-07-22T16:35:23.516991,1610612756,overall,,2025-04-01,2024-25,ok,20,2.654
2026-07-22T16:35:29.217439,1610612756,home,,2025-04-01,2024-25,ok,20,4.981
2026-07-22T16:35:34.254761,1610612756,away,,2025-04-01,2024-25,ok,20,4.319
2026-07-22T16:35:37.211855,1610612757,overall,,2025-04-01,2024-25,ok,19,2.235
2026-07-22T16:35:40.053991,1610612757,home,,2025-04-01,2024-25,ok,19,2.125
2026-07-22T16:35:42.848575,1610612757,away,,2025-04-01,2024-25,ok,19,2.083
2026-07-22T16:35:45.632734,1610612758,overall,,2025-04-01,2024-25,ok,26,2.059
2026-07-22T16:35:48.261740,1610612758,home,,2025-04-01,2024-25,ok,25,1.876
2026-07-22T16:35:50.437622,1610612758,away,,2025-04-01,2024-25,ok,25,1.462
2026-07-22T16:35:53.205184,1610612759,overall,,2025-04-01,2024-25,ok,21,2.047
2026-07-22T16:35:55.579726,1610612759,home,,2025-04-01,2024-25,ok,21,1.644
2026-07-22T16:35:57.805695,1610612759,away,,2025-04-01,2024-25,ok,21,1.505
2026-07-22T16:36:00.493736,1610612760,overall,,2025-04-01,2024-25,ok,21,1.937
2026-07-22T16:36:03.051540,1610612760,home,,2025-04-01,2024-25,ok,21,1.739
2026-07-22T16:36:05.312161,1610612760,away,,2025-04-01,2024-25,ok,20,1.518
2026-07-22T16:36:08.100562,1610612761,overall,,2025-04-01,2024-25,ok,26,2.009
2026-07-22T16:36:10.639279,1610612761,home,,2025-04-01,2024-25,ok,26,1.803
2026-07-22T16:36:13.802768,1610612761,away,,2025-04-01,2024-25,ok,26,2.44
2026-07-22T16:36:16.962517,1610612762,overall,,2025-04-01,2024-25,ok,25,2.433
2026-07-22T16:36:19.313639,1610612762,home,,2025-04-01,2024-25,ok,24,1.632
2026-07-22T16:36:21.341203,1610612762,away,,2025-04-01,2024-25,ok,23,1.305
2026-07-22T16:36:24.130281,1610612763,overall,,2025-04-01,2024-25,ok,22,2.066
2026-07-22T16:36:26.520740,1610612763,home,,2025-04-01,2024-25,ok,22,1.675
2026-07-22T16:36:28.526119,1610612763,away,,2025-04-01,2024-25,ok,22,1.284
2026-07-22T16:36:31.099949,1610612764,overall,,2025-04-01,2024-25,ok,28,1.852
2026-07-22T16:36:33.563205,1610612764,home,,2025-04-01,2024-25,ok,28,1.727
2026-07-22T16:36:35.553523,1610612764,away,,2025-04-01,2024-25,ok,25,1.267
2026-07-22T16:36:37.954903,1610612765,overall,,2025-04-01,2024-25,ok,21,1.686
2026-07-22T16:36:40.372331,1610612765,home,,2025-04-01,2024-25,ok,21,1.701
2026-07-22T16:36:42.556831,1610612765,away,,2025-04-01,2024-25,ok,21,1.47
2026-07-22T16:36:45.221193,1610612766,overall,,2025-04-01,2024-25,ok,28,1.945
2026-07-22T16:36:47.512405,1610612766,home,,2025-04-01,2024-25,ok,28,1.577
2026-07-22T16:36:49.595060,1610612766,away,,2025-04-01,2024-25,ok,26,1.364
2026-07-22T16:36:52.220741,1610612737,overall,,2025-04-08,2024-25,ok,25,1.882
2026-07-22T16:36:54.641170,1610612737,home,,2025-04-08,2024-25,ok,24,1.703
2026-07-22T16:36:57.095503,1610612737,away,,2025-04-08,2024-25,ok,25,1.741
2026-07-22T16:36:59.862798,1610612738,overall,,2025-04-08,2024-25,ok,19,2.041
2026-07-22T16:37:03.439082,1610612738,home,,2025-04-08,2024-25,ok,19,2.858
2026-07-22T16:37:05.907260,1610612738,away,,2025-04-08,2024-25,ok,19,1.749
2026-07-22T16:37:11.848563,1610612739,overall,,2025-04-08,2024-25,ok,21,5.217
2026-07-22T16:37:14.300762,1610612739,home,,2025-04-08,2024-25,ok,21,1.738
2026-07-22T16:37:16.352724,1610612739,away,,2025-04-08,2024-25,ok,20,1.33
2026-07-22T16:37:19.021122,1610612740,overall,,2025-04-08,2024-25,ok,26,1.94
2026-07-22T16:37:21.515024,1610612740,home,,2025-04-08,2024-25,ok,25,1.738
2026-07-22T16:37:23.909471,1610612740,away,,2025-04-08,2024-25,ok,26,1.673
2026-07-22T16:37:26.956394,1610612741,overall,,2025-04-08,2024-25,ok,23,2.271
2026-07-22T16:37:29.659333,1610612741,home,,2025-04-08,2024-25,ok,23,1.983
2026-07-22T16:37:32.220328,1610612741,away,,2025-04-08,2024-25,ok,23,1.848
2026-07-22T16:37:34.902647,1610612742,overall,,2025-04-08,2024-25,ok,24,1.947
2026-07-22T16:37:37.444820,1610612742,home,,2025-04-08,2024-25,ok,24,1.822
2026-07-22T16:37:39.803666,1610612742,away,,2025-04-08,2024-25,ok,24,1.64
2026-07-22T16:37:42.674196,1610612743,overall,,2025-04-08,2024-25,ok,18,2.142
2026-07-22T16:37:44.919845,1610612743,home,,2025-04-08,2024-25,ok,18,1.526
2026-07-22T16:37:47.006328,1610612743,away,,2025-04-08,2024-25,ok,18,1.368
2026-07-22T16:37:49.754489,1610612744,overall,,2025-04-08,2024-25,ok,24,2.016
2026-07-22T16:37:51.986698,1610612744,home,,2025-04-08,2024-25,ok,24,1.516
2026-07-22T16:37:54.342950,1610612744,away,,2025-04-08,2024-25,ok,24,1.639
2026-07-22T16:37:57.211795,1610612745,overall,,2025-04-08,2024-25,ok,20,2.147
2026-07-22T16:37:59.975142,1610612745,home,,2025-04-08,2024-25,ok,19,2.048
2026-07-22T16:38:02.342670,1610612745,away,,2025-04-08,2024-25,ok,20,1.651
2026-07-22T16:38:05.506732,1610612746,overall,,2025-04-08,2024-25,ok,25,2.441
2026-07-22T16:38:08.063267,1610612746,home,,2025-04-08,2024-25,ok,25,1.837
2026-07-22T16:38:10.116857,1610612746,away,,2025-04-08,2024-25,ok,25,1.337
2026-07-22T16:38:15.131305,1610612747,overall,,2025-04-08,2024-25,ok,27,4.294
2026-07-22T16:38:17.486992,1610612747,home,,2025-04-08,2024-25,ok,27,1.637
2026-07-22T16:38:19.767934,1610612747,away,,2025-04-08,2024-25,ok,26,1.533
2026-07-22T16:38:22.610523,1610612748,overall,,2025-04-08,2024-25,ok,21,2.12
2026-07-22T16:38:24.756533,1610612748,home,,2025-04-08,2024-25,ok,21,1.429
2026-07-22T16:38:26.800205,1610612748,away,,2025-04-08,2024-25,ok,21,1.331
2026-07-22T16:38:29.368834,1610612749,overall,,2025-04-08,2024-25,ok,23,1.843
2026-07-22T16:38:31.615831,1610612749,home,,2025-04-08,2024-25,ok,23,1.523
2026-07-22T16:38:33.664001,1610612749,away,,2025-04-08,2024-25,ok,23,1.333
2026-07-22T16:38:36.640133,1610612750,overall,,2025-04-08,2024-25,ok,20,2.249
2026-07-22T16:38:39.062113,1610612750,home,,2025-04-08,2024-25,ok,20,1.704
2026-07-22T16:38:41.136611,1610612750,away,,2025-04-08,2024-25,ok,20,1.355
2026-07-22T16:38:44.317047,1610612751,overall,,2025-04-08,2024-25,ok,27,2.457
2026-07-22T16:38:46.988955,1610612751,home,,2025-04-08,2024-25,ok,27,1.954
2026-07-22T16:38:49.636899,1610612751,away,,2025-04-08,2024-25,ok,27,1.93
2026-07-22T16:38:52.364925,1610612752,overall,,2025-04-08,2024-25,ok,22,2.01
2026-07-22T16:38:54.760245,1610612752,home,,2025-04-08,2024-25,ok,22,1.682
2026-07-22T16:38:56.908088,1610612752,away,,2025-04-08,2024-25,ok,22,1.433
2026-07-22T16:38:59.674068,1610612753,overall,,2025-04-08,2024-25,ok,18,2.054
2026-07-22T16:39:02.438256,1610612753,home,,2025-04-08,2024-25,ok,18,2.05
2026-07-22T16:39:05.016564,1610612753,away,,2025-04-08,2024-25,ok,18,1.85
2026-07-22T16:39:07.567993,1610612754,overall,,2025-04-08,2024-25,ok,22,1.821
2026-07-22T16:39:09.823616,1610612754,home,,2025-04-08,2024-25,ok,22,1.53
2026-07-22T16:39:11.758773,1610612754,away,,2025-04-08,2024-25,ok,22,1.21
2026-07-22T16:39:13.996457,1610612755,overall,,2025-04-08,2024-25,ok,29,1.5
2026-07-22T16:39:16.099370,1610612755,home,,2025-04-08,2024-25,ok,29,1.39
2026-07-22T16:39:18.005077,1610612755,away,,2025-04-08,2024-25,ok,29,1.182
2026-07-22T16:39:21.280903,1610612756,overall,,2025-04-08,2024-25,ok,20,2.562
2026-07-22T16:39:23.917401,1610612756,home,,2025-04-08,2024-25,ok,20,1.925
2026-07-22T16:39:27.014471,1610612756,away,,2025-04-08,2024-25,ok,20,2.377
2026-07-22T16:39:29.780212,1610612757,overall,,2025-04-08,2024-25,ok,19,2.054
2026-07-22T16:39:32.543260,1610612757,home,,2025-04-08,2024-25,ok,19,2.043
2026-07-22T16:39:34.835363,1610612757,away,,2025-04-08,2024-25,ok,19,1.559
2026-07-22T16:39:37.254920,1610612758,overall,,2025-04-08,2024-25,ok,26,1.707
2026-07-22T16:39:40.324529,1610612758,home,,2025-04-08,2024-25,ok,25,2.351
2026-07-22T16:39:42.277250,1610612758,away,,2025-04-08,2024-25,ok,25,1.235
2026-07-22T16:39:44.617229,1610612759,overall,,2025-04-08,2024-25,ok,21,1.621
2026-07-22T16:39:46.878340,1610612759,home,,2025-04-08,2024-25,ok,21,1.541
2026-07-22T16:39:49.131235,1610612759,away,,2025-04-08,2024-25,ok,21,1.539
2026-07-22T16:39:51.529379,1610612760,overall,,2025-04-08,2024-25,ok,21,1.679
2026-07-22T16:39:53.631780,1610612760,home,,2025-04-08,2024-25,ok,21,1.39
2026-07-22T16:56:47.779934,1610612760,away,,2025-04-08,2024-25,ok,20,1.593
2026-07-22T16:56:50.504432,1610612761,overall,,2025-04-08,2024-25,ok,26,1.989
2026-07-22T16:56:52.881000,1610612761,home,,2025-04-08,2024-25,ok,26,1.654
2026-07-22T16:56:55.235977,1610612761,away,,2025-04-08,2024-25,ok,26,1.641
2026-07-22T16:56:57.955094,1610612762,overall,,2025-04-08,2024-25,ok,25,1.989
2026-07-22T16:57:00.151569,1610612762,home,,2025-04-08,2024-25,ok,24,1.48
2026-07-22T16:57:02.304454,1610612762,away,,2025-04-08,2024-25,ok,23,1.43
2026-07-22T16:57:04.679510,1610612763,overall,,2025-04-08,2024-25,ok,22,1.651
2026-07-22T16:57:07.114738,1610612763,home,,2025-04-08,2024-25,ok,22,1.721
2026-07-22T16:57:09.372054,1610612763,away,,2025-04-08,2024-25,ok,22,1.542
2026-07-22T16:57:11.843066,1610612764,overall,,2025-04-08,2024-25,ok,28,1.731
2026-07-22T16:57:14.283890,1610612764,home,,2025-04-08,2024-25,ok,28,1.716
2026-07-22T16:57:16.432401,1610612764,away,,2025-04-08,2024-25,ok,25,1.434
2026-07-22T16:57:18.818756,1610612765,overall,,2025-04-08,2024-25,ok,21,1.66
2026-07-22T16:57:21.042409,1610612765,home,,2025-04-08,2024-25,ok,21,1.507
2026-07-22T16:57:23.192414,1610612765,away,,2025-04-08,2024-25,ok,21,1.427
2026-07-22T16:57:25.676987,1610612766,overall,,2025-04-08,2024-25,ok,29,1.76
2026-07-22T16:57:27.906363,1610612766,home,,2025-04-08,2024-25,ok,29,1.512
2026-07-22T16:57:29.988125,1610612766,away,,2025-04-08,2024-25,ok,26,1.363
2026-07-22T16:57:32.387994,1610612737,overall,,2025-10-21,2025-26,empty,0,1.004
2026-07-22T16:57:34.232180,1610612737,home,,2025-10-21,2025-26,empty,0,1.139
2026-07-22T16:57:36.073958,1610612737,away,,2025-10-21,2025-26,empty,0,1.137
2026-07-22T16:57:37.749472,1610612738,overall,,2025-10-21,2025-26,empty,0,0.97
2026-07-22T16:57:39.352804,1610612738,home,,2025-10-21,2025-26,empty,0,0.897
2026-07-22T16:57:41.092629,1610612738,away,,2025-10-21,2025-26,empty,0,1.035
2026-07-22T16:57:42.872231,1610612739,overall,,2025-10-21,2025-26,empty,0,1.073
2026-07-22T16:57:44.366672,1610612739,home,,2025-10-21,2025-26,empty,0,0.784
2026-07-22T16:57:46.621247,1610612739,away,,2025-10-21,2025-26,empty,0,1.55
2026-07-22T16:57:48.363883,1610612740,overall,,2025-10-21,2025-26,empty,0,1.039
2026-07-22T16:57:50.102770,1610612740,home,,2025-10-21,2025-26,empty,0,1.03
2026-07-22T16:57:51.741775,1610612740,away,,2025-10-21,2025-26,empty,0,0.928
2026-07-22T16:57:53.483653,1610612741,overall,,2025-10-21,2025-26,empty,0,1.034
2026-07-22T16:57:55.326608,1610612741,home,,2025-10-21,2025-26,empty,0,1.132
2026-07-22T16:57:56.861162,1610612741,away,,2025-10-21,2025-26,empty,0,0.831
2026-07-22T16:57:58.469995,1610612742,overall,,2025-10-21,2025-26,empty,0,0.905
2026-07-22T16:58:00.034468,1610612742,home,,2025-10-21,2025-26,empty,0,0.86
2026-07-22T16:58:01.521379,1610612742,away,,2025-10-21,2025-26,empty,0,0.778
2026-07-22T16:58:03.158578,1610612743,overall,,2025-10-21,2025-26,empty,0,0.933
2026-07-22T16:58:06.036575,1610612743,home,,2025-10-21,2025-26,empty,0,2.166
2026-07-22T16:58:07.716477,1610612743,away,,2025-10-21,2025-26,empty,0,0.974
2026-07-22T16:58:09.566916,1610612744,home,,2025-10-21,2025-26,empty,0,1.145
2026-07-22T16:58:11.506595,1610612745,home,,2025-10-21,2025-26,empty,0,1.236
2026-07-22T16:58:13.450911,1610612746,overall,,2025-10-21,2025-26,empty,0,1.232
2026-07-22T16:58:15.089706,1610612746,home,,2025-10-21,2025-26,empty,0,0.934
2026-07-22T16:58:16.590658,1610612746,away,,2025-10-21,2025-26,empty,0,0.797
2026-07-22T16:58:18.364620,1610612747,away,,2025-10-21,2025-26,empty,0,1.068
2026-07-22T16:58:20.212404,1610612748,overall,,2025-10-21,2025-26,empty,0,1.142
2026-07-22T16:58:22.154432,1610612748,home,,2025-10-21,2025-26,empty,0,1.236
2026-07-22T16:58:23.905367,1610612748,away,,2025-10-21,2025-26,empty,0,1.037
2026-07-22T16:58:25.754564,1610612749,overall,,2025-10-21,2025-26,empty,0,1.138
2026-07-22T16:58:27.379620,1610612749,home,,2025-10-21,2025-26,empty,0,0.921
2026-07-22T16:58:29.016046,1610612749,away,,2025-10-21,2025-26,empty,0,0.929
2026-07-22T16:58:30.962301,1610612750,overall,,2025-10-21,2025-26,empty,0,1.242
2026-07-22T16:58:32.907892,1610612750,home,,2025-10-21,2025-26,empty,0,1.239
2026-07-22T16:58:34.735313,1610612750,away,,2025-10-21,2025-26,empty,0,1.124
2026-07-22T16:58:36.389939,1610612751,overall,,2025-10-21,2025-26,empty,0,0.949
2026-07-22T16:58:38.233500,1610612751,home,,2025-10-21,2025-26,empty,0,1.136
2026-07-22T16:58:39.743809,1610612751,away,,2025-10-21,2025-26,empty,0,0.8
2026-07-22T16:58:41.834517,1610612752,overall,,2025-10-21,2025-26,empty,0,1.381
2026-07-22T16:58:43.631697,1610612752,home,,2025-10-21,2025-26,empty,0,1.085
2026-07-22T16:58:45.400847,1610612752,away,,2025-10-21,2025-26,empty,0,1.064
2026-07-22T16:58:47.147637,1610612753,overall,,2025-10-21,2025-26,empty,0,1.041
2026-07-22T16:58:48.703543,1610612753,home,,2025-10-21,2025-26,empty,0,0.847
2026-07-22T16:58:50.349279,1610612753,away,,2025-10-21,2025-26,empty,0,0.942
2026-07-22T16:58:52.261586,1610612754,overall,,2025-10-21,2025-26,empty,0,1.208
2026-07-22T16:58:53.901408,1610612754,home,,2025-10-21,2025-26,empty,0,0.93
2026-07-22T16:58:55.332991,1610612754,away,,2025-10-21,2025-26,empty,0,0.722
2026-07-22T16:58:57.197175,1610612755,overall,,2025-10-21,2025-26,empty,0,1.161
2026-07-22T16:58:58.793693,1610612755,home,,2025-10-21,2025-26,empty,0,0.888
2026-07-22T16:59:00.351530,1610612755,away,,2025-10-21,2025-26,empty,0,0.854
2026-07-22T16:59:02.195097,1610612756,overall,,2025-10-21,2025-26,empty,0,1.14
2026-07-22T16:59:04.019654,1610612756,home,,2025-10-21,2025-26,empty,0,1.119
2026-07-22T16:59:05.498500,1610612756,away,,2025-10-21,2025-26,empty,0,0.772
2026-07-22T16:59:07.315031,1610612757,overall,,2025-10-21,2025-26,empty,0,1.113
2026-07-22T16:59:09.158490,1610612757,home,,2025-10-21,2025-26,empty,0,1.135
2026-07-22T16:59:13.255137,1610612757,away,,2025-10-21,2025-26,empty,0,3.393
2026-07-22T16:59:14.996788,1610612758,overall,,2025-10-21,2025-26,empty,0,1.036
2026-07-22T16:59:16.645008,1610612758,home,,2025-10-21,2025-26,empty,0,0.938
2026-07-22T16:59:18.352795,1610612758,away,,2025-10-21,2025-26,empty,0,0.995
2026-07-22T16:59:20.138399,1610612759,overall,,2025-10-21,2025-26,empty,0,1.082
2026-07-22T16:59:24.111244,1610612759,home,,2025-10-21,2025-26,empty,0,3.264
2026-07-22T16:59:25.952106,1610612759,away,,2025-10-21,2025-26,empty,0,1.135
2026-07-22T16:59:27.694515,1610612760,away,,2025-10-21,2025-26,empty,0,1.029
2026-07-22T16:59:29.434351,1610612761,overall,,2025-10-21,2025-26,empty,0,1.031
2026-07-22T16:59:31.175983,1610612761,home,,2025-10-21,2025-26,empty,0,1.03
2026-07-22T16:59:33.019384,1610612761,away,,2025-10-21,2025-26,empty,0,1.14
2026-07-22T16:59:34.888796,1610612762,overall,,2025-10-21,2025-26,empty,0,1.162
2026-07-22T16:59:36.501733,1610612762,home,,2025-10-21,2025-26,empty,0,0.904
2026-07-22T16:59:42.974074,1610612762,away,,2025-10-21,2025-26,empty,0,1.962
2026-07-22T16:59:45.102367,1610612763,overall,,2025-10-21,2025-26,empty,0,1.083
2026-07-22T16:59:47.004310,1610612763,home,,2025-10-21,2025-26,empty,0,1.197
2026-07-22T16:59:48.744531,1610612763,away,,2025-10-21,2025-26,empty,0,1.035
2026-07-22T16:59:50.572227,1610612764,overall,,2025-10-21,2025-26,empty,0,1.119
2026-07-22T16:59:52.378120,1610612764,home,,2025-10-21,2025-26,empty,0,1.102
2026-07-22T16:59:54.105994,1610612764,away,,2025-10-21,2025-26,empty,0,0.985
2026-07-22T16:59:56.060943,1610612765,overall,,2025-10-21,2025-26,empty,0,1.225
2026-07-22T16:59:57.891513,1610612765,home,,2025-10-21,2025-26,empty,0,1.088
2026-07-22T17:00:00.082090,1610612765,away,,2025-10-21,2025-26,empty,0,1.334
2026-07-22T17:00:02.066753,1610612766,overall,,2025-10-21,2025-26,empty,0,1.252
2026-07-22T17:00:04.029222,1610612766,home,,2025-10-21,2025-26,empty,0,1.247
2026-07-22T17:00:05.931968,1610612766,away,,2025-10-21,2025-26,empty,0,1.193
2026-07-22T17:00:11.419252,1610612742,away,,2025-10-28,2025-26,empty,0,4.775
2026-07-22T17:00:13.516439,1610612744,overall,,2025-11-11,2025-26,ok,17,1.302
2026-07-22T17:00:15.193844,1610612744,home,,2025-11-11,2025-26,ok,17,0.954
2026-07-22T17:00:17.240533,1610612744,away,,2025-11-11,2025-26,ok,17,1.321
2026-07-22T17:00:19.090959,1610612745,overall,,2025-11-11,2025-26,ok,17,1.115
2026-07-22T17:00:21.328518,1610612745,home,,2025-11-11,2025-26,ok,17,1.525
2026-07-22T17:00:23.170206,1610612745,away,,2025-11-11,2025-26,ok,17,1.128
2026-07-22T17:00:25.230666,1610612746,overall,,2025-11-11,2025-26,ok,17,1.313
2026-07-22T17:00:27.189703,1610612746,home,,2025-11-11,2025-26,ok,17,1.191
2026-07-22T17:00:28.912689,1610612746,away,,2025-11-11,2025-26,ok,17,0.989
2026-07-22T17:00:30.867584,1610612747,overall,,2025-11-11,2025-26,ok,17,1.222
2026-07-22T17:59:26.644661,1610612747,home,,2025-11-11,2025-26,ok,17,2.326
2026-07-22T17:59:29.255928,1610612747,away,,2025-11-11,2025-26,ok,17,1.428
2026-07-22T17:59:31.399419,1610612748,overall,,2025-11-11,2025-26,ok,17,1.388
2026-07-22T17:59:33.326895,1610612748,home,,2025-11-11,2025-26,ok,17,1.202
2026-07-22T17:59:35.144498,1610612748,away,,2025-11-11,2025-26,ok,17,1.09
2026-07-22T17:59:37.593787,1610612749,overall,,2025-11-11,2025-26,ok,18,1.445
2026-07-22T17:59:39.189607,1610612749,home,,2025-11-11,2025-26,ok,18,0.88
2026-07-22T17:59:41.530449,1610612749,away,,2025-11-11,2025-26,ok,18,1.478
2026-07-22T17:59:43.498694,1610612750,overall,,2025-11-11,2025-26,ok,17,1.223
2026-07-22T17:59:45.501999,1610612750,home,,2025-11-11,2025-26,ok,17,1.288
2026-07-22T17:59:47.807373,1610612750,away,,2025-11-11,2025-26,ok,17,1.573
2026-07-22T17:59:53.794088,1610612751,overall,,2025-11-11,2025-26,ok,17,5.258
2026-07-22T17:59:55.860160,1610612751,home,,2025-11-11,2025-26,ok,17,1.27
2026-07-22T17:59:57.502897,1610612751,away,,2025-11-11,2025-26,ok,17,0.926
2026-07-22T17:59:59.801730,1610612752,overall,,2025-11-11,2025-26,ok,17,1.482
2026-07-22T18:00:01.716855,1610612752,home,,2025-11-11,2025-26,ok,17,1.078
2026-07-22T18:00:03.647554,1610612752,away,,2025-11-11,2025-26,ok,17,1.215
2026-07-22T18:00:05.858937,1610612753,overall,,2025-11-11,2025-26,ok,17,1.489
2026-07-22T18:00:09.675763,1610612753,home,,2025-11-11,2025-26,ok,17,3.095
2026-07-22T18:00:12.401099,1610612753,away,,2025-11-11,2025-26,ok,17,1.963
2026-07-22T18:00:17.709503,1610612754,overall,,2025-11-11,2025-26,ok,22,4.581
2026-07-22T18:00:19.676360,1610612754,home,,2025-11-11,2025-26,ok,21,1.252
2026-07-22T18:00:21.538032,1610612754,away,,2025-11-11,2025-26,ok,22,1.107
2026-07-22T18:00:23.514272,1610612755,overall,,2025-11-11,2025-26,ok,17,1.245
2026-07-22T18:00:25.224507,1610612755,home,,2025-11-11,2025-26,ok,17,0.973
2026-07-22T18:00:27.397513,1610612755,away,,2025-11-11,2025-26,ok,17,1.408
2026-07-22T18:00:29.250304,1610612756,overall,,2025-11-11,2025-26,ok,17,1.133
2026-07-22T18:00:31.288677,1610612756,home,,2025-11-11,2025-26,ok,17,1.275
2026-07-22T18:00:33.444017,1610612756,away,,2025-11-11,2025-26,ok,17,1.434
2026-07-22T18:00:35.707295,1610612757,overall,,2025-11-11,2025-26,ok,18,1.536
2026-07-22T18:00:37.754110,1610612757,home,,2025-11-11,2025-26,ok,18,1.329
2026-07-22T18:00:39.503652,1610612757,away,,2025-11-11,2025-26,ok,18,1.03
2026-07-22T18:00:41.544913,1610612758,overall,,2025-11-11,2025-26,ok,19,1.316
2026-07-22T18:00:43.795446,1610612758,home,,2025-11-11,2025-26,ok,19,1.534
2026-07-22T18:00:45.712719,1610612758,away,,2025-11-11,2025-26,ok,18,1.016
2026-07-22T18:00:47.623237,1610612759,overall,,2025-11-11,2025-26,ok,18,1.179
2026-07-22T18:00:49.496413,1610612759,home,,2025-11-11,2025-26,ok,18,1.15
2026-07-22T18:00:51.415245,1610612759,away,,2025-11-11,2025-26,ok,18,1.205
2026-07-22T18:00:54.347660,1610612760,overall,,2025-11-11,2025-26,ok,18,2.206
2026-07-22T18:00:56.153360,1610612760,home,,2025-11-11,2025-26,ok,18,1.087
2026-07-22T18:00:57.912286,1610612760,away,,2025-11-11,2025-26,ok,18,1.041
2026-07-22T18:00:59.976402,1610612761,overall,,2025-11-11,2025-26,ok,17,1.337
2026-07-22T18:01:01.741897,1610612761,home,,2025-11-11,2025-26,ok,17,1.046
2026-07-22T18:01:06.066590,1610612761,away,,2025-11-11,2025-26,ok,17,3.584
2026-07-22T18:01:08.477161,1610612762,overall,,2025-11-11,2025-26,ok,18,1.631
2026-07-22T18:01:10.890395,1610612762,home,,2025-11-11,2025-26,ok,18,1.691
2026-07-22T18:01:12.664587,1610612762,away,,2025-11-11,2025-26,ok,18,1.055
2026-07-22T18:01:14.927771,1610612763,overall,,2025-11-11,2025-26,ok,19,1.539
2026-07-22T18:01:16.907892,1610612763,home,,2025-11-11,2025-26,ok,19,1.173
2026-07-22T18:01:18.869433,1610612763,away,,2025-11-11,2025-26,ok,19,1.18
2026-07-22T18:01:21.249934,1610612764,overall,,2025-11-11,2025-26,ok,18,1.418
2026-07-22T18:01:25.163001,1610612764,home,,2025-11-11,2025-26,ok,18,3.192
2026-07-22T18:01:27.000309,1610612764,away,,2025-11-11,2025-26,ok,18,1.122
2026-07-22T18:01:31.555903,1610612765,overall,,2025-11-11,2025-26,ok,19,3.824
2026-07-22T18:01:33.411733,1610612765,home,,2025-11-11,2025-26,ok,19,1.139
2026-07-22T18:01:35.283620,1610612765,away,,2025-11-11,2025-26,ok,18,1.152
2026-07-22T18:01:38.169378,1610612766,overall,,2025-11-11,2025-26,ok,18,2.166
2026-07-22T18:01:40.101560,1610612766,home,,2025-11-11,2025-26,ok,18,1.13
2026-07-22T18:01:41.655837,1610612766,away,,2025-11-11,2025-26,ok,18,0.837
2026-07-22T18:01:43.750052,1610612737,overall,,2025-11-18,2025-26,ok,17,1.365
2026-07-22T18:01:45.500203,1610612737,home,,2025-11-18,2025-26,ok,17,1.016
2026-07-22T18:01:48.304983,1610612737,away,,2025-11-18,2025-26,ok,17,2.084
2026-07-22T18:01:51.072225,1610612738,overall,,2025-11-18,2025-26,ok,17,2.043
2026-07-22T18:01:52.983361,1610612738,home,,2025-11-18,2025-26,ok,17,1.193
2026-07-22T18:01:54.759881,1610612738,away,,2025-11-18,2025-26,ok,17,1.049
2026-07-22T18:01:57.591985,1610612739,overall,,2025-11-18,2025-26,ok,17,2.106
2026-07-22T18:02:01.460990,1610612739,home,,2025-11-18,2025-26,ok,17,3.151
2026-07-22T18:02:03.556135,1610612739,away,,2025-11-18,2025-26,ok,17,1.376
2026-07-22T18:02:08.378565,1610612740,overall,,2025-11-18,2025-26,ok,19,4.101
2026-07-22T18:02:12.813789,1610612740,home,,2025-11-18,2025-26,ok,18,3.717
2026-07-22T18:02:15.642911,1610612740,away,,2025-11-18,2025-26,ok,19,2.108
2026-07-22T18:02:17.832154,1610612741,overall,,2025-11-18,2025-26,ok,18,1.408
2026-07-22T18:02:19.489290,1610612741,home,,2025-11-18,2025-26,ok,18,0.923
2026-07-22T18:02:21.322099,1610612741,away,,2025-11-18,2025-26,ok,18,1.107
2026-07-22T18:02:23.710553,1610612742,overall,,2025-11-18,2025-26,ok,18,1.663
2026-07-22T18:02:25.547354,1610612742,home,,2025-11-18,2025-26,ok,18,1.101
2026-07-22T18:02:27.322233,1610612742,away,,2025-11-18,2025-26,ok,18,1.052
2026-07-22T18:02:29.273903,1610612743,overall,,2025-11-18,2025-26,ok,17,1.202
2026-07-22T18:02:31.011196,1610612743,home,,2025-11-18,2025-26,ok,17,1.014
2026-07-22T18:02:32.746735,1610612743,away,,2025-11-18,2025-26,ok,17,1.019
2026-07-22T18:02:34.770393,1610612744,overall,,2025-11-18,2025-26,ok,17,1.31
2026-07-22T18:02:36.740694,1610612744,home,,2025-11-18,2025-26,ok,17,1.252
2026-07-22T18:02:38.589544,1610612744,away,,2025-11-18,2025-26,ok,17,1.135
2026-07-22T18:02:40.736993,1610612745,overall,,2025-11-18,2025-26,ok,17,1.427
2026-07-22T18:02:42.446422,1610612745,home,,2025-11-18,2025-26,ok,17,0.99
2026-07-22T18:02:44.019526,1610612745,away,,2025-11-18,2025-26,ok,17,0.857
2026-07-22T18:02:46.054390,1610612746,overall,,2025-11-18,2025-26,ok,17,1.323
2026-07-22T18:02:47.869792,1610612746,home,,2025-11-18,2025-26,ok,17,1.096
2026-07-22T18:02:53.807730,1610612746,away,,2025-11-18,2025-26,ok,17,5.221
2026-07-22T18:02:55.598767,1610612747,overall,,2025-11-18,2025-26,ok,17,1.074
2026-07-22T18:02:57.141016,1610612747,home,,2025-11-18,2025-26,ok,17,0.819
2026-07-22T18:02:59.170817,1610612747,away,,2025-11-18,2025-26,ok,17,1.304
2026-07-22T18:03:01.166708,1610612748,overall,,2025-11-18,2025-26,ok,17,1.281
2026-07-22T18:03:02.773860,1610612748,home,,2025-11-18,2025-26,ok,17,0.889
2026-07-22T18:03:06.679488,1610612748,away,,2025-11-18,2025-26,ok,17,3.19
2026-07-22T18:03:08.649665,1610612749,overall,,2025-11-18,2025-26,ok,18,1.251
2026-07-22T18:03:10.403394,1610612749,home,,2025-11-18,2025-26,ok,18,1.024
2026-07-22T18:03:12.190956,1610612749,away,,2025-11-18,2025-26,ok,18,1.051
2026-07-22T18:03:14.020400,1610612750,overall,,2025-11-18,2025-26,ok,17,1.111
2026-07-22T18:03:15.709347,1610612750,home,,2025-11-18,2025-26,ok,17,0.974
2026-07-22T18:03:17.221263,1610612750,away,,2025-11-18,2025-26,ok,17,0.792
2026-07-22T18:03:18.769971,1610612751,overall,,2025-11-18,2025-26,ok,17,0.819
2026-07-22T18:03:20.583952,1610612751,home,,2025-11-18,2025-26,ok,17,1.102
2026-07-22T18:03:22.208254,1610612751,away,,2025-11-18,2025-26,ok,17,0.905
2026-07-22T18:03:25.023816,1610612752,overall,,2025-11-18,2025-26,ok,17,2.058
2026-07-22T18:03:27.017611,1610612752,home,,2025-11-18,2025-26,ok,17,1.201
2026-07-22T18:03:28.652865,1610612752,away,,2025-11-18,2025-26,ok,17,0.924
2026-07-22T18:03:30.512204,1610612753,overall,,2025-11-18,2025-26,ok,17,1.137
2026-07-22T18:03:32.548103,1610612753,home,,2025-11-18,2025-26,ok,17,1.323
2026-07-22T18:03:34.714224,1610612753,away,,2025-11-18,2025-26,ok,17,1.448
2026-07-22T18:03:38.003267,1610612754,overall,,2025-11-18,2025-26,ok,22,2.559
2026-07-22T18:03:40.770118,1610612754,home,,2025-11-18,2025-26,ok,22,2.045
2026-07-22T18:03:42.343098,1610612754,away,,2025-11-18,2025-26,ok,22,0.852
2026-07-22T18:03:44.328061,1610612755,overall,,2025-11-18,2025-26,ok,17,1.269
2026-07-22T18:03:46.269884,1610612755,home,,2025-11-18,2025-26,ok,17,1.228
2026-07-22T18:03:47.909793,1610612755,away,,2025-11-18,2025-26,ok,17,0.923
2026-07-22T18:03:49.755997,1610612756,overall,,2025-11-18,2025-26,ok,18,1.134
2026-07-22T18:03:51.603221,1610612756,home,,2025-11-18,2025-26,ok,17,1.131
2026-07-22T18:03:55.180561,1610612756,away,,2025-11-18,2025-26,ok,18,2.857
2026-07-22T18:03:57.331773,1610612757,overall,,2025-11-18,2025-26,ok,18,1.44
2026-07-22T18:04:02.249546,1610612757,home,,2025-11-18,2025-26,ok,18,4.2
2026-07-22T18:04:04.201055,1610612757,away,,2025-11-18,2025-26,ok,18,1.228
2026-07-22T18:04:06.312279,1610612758,overall,,2025-11-18,2025-26,ok,19,1.383
2026-07-22T18:04:08.593997,1610612758,home,,2025-11-18,2025-26,ok,19,1.541
2026-07-22T18:04:10.219814,1610612758,away,,2025-11-18,2025-26,ok,19,0.9
2026-07-22T18:04:12.182106,1610612759,overall,,2025-11-18,2025-26,ok,18,1.244
2026-07-22T18:04:14.418143,1610612759,home,,2025-11-18,2025-26,ok,18,1.485
2026-07-22T18:04:16.437910,1610612759,away,,2025-11-18,2025-26,ok,18,1.288
2026-07-22T18:04:18.205194,1610612760,overall,,2025-11-18,2025-26,ok,18,1.037
2026-07-22T18:04:19.853113,1610612760,home,,2025-11-18,2025-26,ok,18,0.924
2026-07-22T18:04:21.610728,1610612760,away,,2025-11-18,2025-26,ok,18,1.031
2026-07-22T18:04:23.543979,1610612761,overall,,2025-11-18,2025-26,ok,17,1.22
2026-07-22T18:04:25.439219,1610612761,home,,2025-11-18,2025-26,ok,17,1.182
2026-07-22T18:04:27.335147,1610612761,away,,2025-11-18,2025-26,ok,17,1.179
2026-07-22T18:04:29.277045,1610612762,overall,,2025-11-18,2025-26,ok,18,1.221
2026-07-22T18:04:31.019673,1610612762,home,,2025-11-18,2025-26,ok,18,1.022
2026-07-22T18:04:32.882165,1610612762,away,,2025-11-18,2025-26,ok,18,0.972
2026-07-22T18:04:34.792126,1610612763,overall,,2025-11-18,2025-26,ok,20,1.191
2026-07-22T18:04:36.668287,1610612763,home,,2025-11-18,2025-26,ok,19,1.159
2026-07-22T18:04:38.556652,1610612763,away,,2025-11-18,2025-26,ok,20,1.15
2026-07-22T18:04:40.715682,1610612764,overall,,2025-11-18,2025-26,ok,18,1.442
2026-07-22T18:04:44.330173,1610612764,home,,2025-11-18,2025-26,ok,18,2.898
2026-07-22T18:04:46.061283,1610612764,away,,2025-11-18,2025-26,ok,18,0.936
2026-07-22T18:04:47.990446,1610612765,overall,,2025-11-18,2025-26,ok,19,1.194
2026-07-22T18:04:50.375138,1610612765,home,,2025-11-18,2025-26,ok,19,1.663
2026-07-22T18:04:52.241942,1610612765,away,,2025-11-18,2025-26,ok,19,1.135
2026-07-22T18:04:53.863231,1610612766,overall,,2025-11-18,2025-26,ok,18,0.899
2026-07-22T18:04:55.475828,1610612766,home,,2025-11-18,2025-26,ok,18,0.9
2026-07-22T18:04:57.335546,1610612766,away,,2025-11-18,2025-26,ok,18,1.141
2026-07-22T18:04:59.280768,1610612737,overall,,2025-11-25,2025-26,ok,17,1.226
2026-07-22T18:05:01.205560,1610612737,home,,2025-11-25,2025-26,ok,17,1.211
2026-07-22T18:05:03.398262,1610612737,away,,2025-11-25,2025-26,ok,17,1.439
2026-07-22T18:05:05.374843,1610612738,overall,,2025-11-25,2025-26,ok,17,1.247
2026-07-22T18:05:07.495457,1610612738,home,,2025-11-25,2025-26,ok,17,1.406
2026-07-22T18:05:09.373945,1610612738,away,,2025-11-25,2025-26,ok,17,1.161
2026-07-22T18:05:10.988675,1610612739,overall,,2025-11-25,2025-26,ok,17,0.894
2026-07-22T18:05:12.800487,1610612739,home,,2025-11-25,2025-26,ok,17,1.098
2026-07-22T18:05:15.013289,1610612739,away,,2025-11-25,2025-26,ok,17,1.5
2026-07-22T18:05:17.067430,1610612740,overall,,2025-11-25,2025-26,ok,19,1.288
2026-07-22T18:05:19.010340,1610612740,home,,2025-11-25,2025-26,ok,18,1.08
2026-07-22T18:05:24.498401,1610612740,away,,2025-11-25,2025-26,ok,19,4.764
2026-07-22T18:05:26.621612,1610612741,overall,,2025-11-25,2025-26,ok,18,1.376
2026-07-22T18:05:28.470239,1610612741,home,,2025-11-25,2025-26,ok,18,1.137
2026-07-22T18:05:30.458970,1610612741,away,,2025-11-25,2025-26,ok,18,1.273
2026-07-22T18:05:37.327569,1610612742,overall,,2025-11-25,2025-26,ok,18,6.147
2026-07-22T18:05:39.217832,1610612742,home,,2025-11-25,2025-26,ok,18,1.175
2026-07-22T18:05:40.921754,1610612742,away,,2025-11-25,2025-26,ok,18,0.986
2026-07-22T18:05:42.933105,1610612743,overall,,2025-11-25,2025-26,ok,17,1.29
2026-07-22T18:05:44.819049,1610612743,home,,2025-11-25,2025-26,ok,17,1.169
2026-07-22T18:05:46.392989,1610612743,away,,2025-11-25,2025-26,ok,17,0.861
2026-07-22T18:05:48.138519,1610612744,overall,,2025-11-25,2025-26,ok,17,1.027
2026-07-22T18:05:50.066309,1610612744,home,,2025-11-25,2025-26,ok,17,1.209
2026-07-22T18:05:51.710981,1610612744,away,,2025-11-25,2025-26,ok,17,0.911
2026-07-22T18:05:53.774594,1610612745,overall,,2025-11-25,2025-26,ok,17,1.349
2026-07-22T18:05:55.313884,1610612745,home,,2025-11-25,2025-26,ok,17,0.819
2026-07-22T18:05:57.040485,1610612745,away,,2025-11-25,2025-26,ok,17,1.011
2026-07-22T18:05:58.880235,1610612746,overall,,2025-11-25,2025-26,ok,17,1.128
2026-07-22T18:06:00.525144,1610612746,home,,2025-11-25,2025-26,ok,17,0.93
2026-07-22T18:06:02.248943,1610612746,away,,2025-11-25,2025-26,ok,17,1.006
2026-07-22T18:06:03.917387,1610612747,overall,,2025-11-25,2025-26,ok,18,0.955
2026-07-22T18:06:05.597932,1610612747,home,,2025-11-25,2025-26,ok,18,0.963
2026-07-22T18:06:07.437567,1610612747,away,,2025-11-25,2025-26,ok,17,1.127
2026-07-22T18:06:09.322229,1610612748,overall,,2025-11-25,2025-26,ok,17,1.173
2026-07-22T18:06:11.266849,1610612748,home,,2025-11-25,2025-26,ok,17,1.232
2026-07-22T18:06:12.857309,1610612748,away,,2025-11-25,2025-26,ok,17,0.878
2026-07-22T18:06:14.685713,1610612749,overall,,2025-11-25,2025-26,ok,18,1.077
2026-07-22T18:06:16.408431,1610612749,home,,2025-11-25,2025-26,ok,18,0.996
2026-07-22T18:06:18.095278,1610612749,away,,2025-11-25,2025-26,ok,18,0.972
2026-07-22T18:06:19.811470,1610612750,overall,,2025-11-25,2025-26,ok,17,1.002
2026-07-22T18:06:21.613116,1610612750,home,,2025-11-25,2025-26,ok,17,1.086
2026-07-22T18:06:23.075179,1610612750,away,,2025-11-25,2025-26,ok,17,0.749
2026-07-22T18:06:24.601314,1610612751,overall,,2025-11-25,2025-26,ok,17,0.812
2026-07-22T18:06:26.348200,1610612751,home,,2025-11-25,2025-26,ok,17,1.028
2026-07-22T18:06:27.964526,1610612751,away,,2025-11-25,2025-26,ok,17,0.902
2026-07-22T18:06:30.012306,1610612752,overall,,2025-11-25,2025-26,ok,17,1.334
2026-07-22T18:06:31.770380,1610612752,home,,2025-11-25,2025-26,ok,17,1.044
2026-07-22T18:06:33.620339,1610612752,away,,2025-11-25,2025-26,ok,17,1.131
2026-07-22T18:06:35.846364,1610612753,overall,,2025-11-25,2025-26,ok,17,1.51
2026-07-22T18:06:37.547791,1610612753,home,,2025-11-25,2025-26,ok,17,0.983
2026-07-22T18:06:39.166293,1610612753,away,,2025-11-25,2025-26,ok,17,0.9
2026-07-22T18:06:40.873463,1610612754,overall,,2025-11-25,2025-26,ok,23,0.99
2026-07-22T18:06:42.496639,1610612754,home,,2025-11-25,2025-26,ok,23,0.901
2026-07-22T18:06:44.043469,1610612754,away,,2025-11-25,2025-26,ok,23,0.832
2026-07-22T18:06:45.679973,1610612755,overall,,2025-11-25,2025-26,ok,17,0.919
2026-07-22T18:06:47.321466,1610612755,home,,2025-11-25,2025-26,ok,17,0.927
2026-07-22T18:06:49.112472,1610612755,away,,2025-11-25,2025-26,ok,17,1.072
2026-07-22T18:06:50.702358,1610612756,overall,,2025-11-25,2025-26,ok,18,0.874
2026-07-22T18:06:52.442027,1610612756,home,,2025-11-25,2025-26,ok,18,1.027
2026-07-22T18:06:53.974323,1610612756,away,,2025-11-25,2025-26,ok,18,0.816
2026-07-22T18:06:55.403630,1610612757,overall,,2025-11-25,2025-26,ok,18,0.717
2026-07-22T18:06:57.341566,1610612757,home,,2025-11-25,2025-26,ok,18,1.221
2026-07-22T18:06:58.995834,1610612757,away,,2025-11-25,2025-26,ok,18,0.916
2026-07-22T18:07:00.835906,1610612758,overall,,2025-11-25,2025-26,ok,19,1.123
2026-07-22T18:07:02.480489,1610612758,home,,2025-11-25,2025-26,ok,19,0.926
2026-07-22T18:07:04.113551,1610612758,away,,2025-11-25,2025-26,ok,19,0.917
2026-07-22T18:07:05.737483,1610612759,overall,,2025-11-25,2025-26,ok,18,0.911
2026-07-22T18:07:07.498777,1610612759,home,,2025-11-25,2025-26,ok,18,1.047
2026-07-22T18:07:09.648469,1610612759,away,,2025-11-25,2025-26,ok,18,1.434
2026-07-22T18:07:12.256188,1610612760,overall,,2025-11-25,2025-26,ok,18,1.885
2026-07-22T18:07:13.839672,1610612760,home,,2025-11-25,2025-26,ok,18,0.869
2026-07-22T18:07:15.581489,1610612760,away,,2025-11-25,2025-26,ok,18,1.025
2026-07-22T18:07:17.233969,1610612761,overall,,2025-11-25,2025-26,ok,17,0.934
2026-07-22T18:07:19.063592,1610612761,home,,2025-11-25,2025-26,ok,17,1.109
2026-07-22T18:07:21.008331,1610612761,away,,2025-11-25,2025-26,ok,17,1.23
2026-07-22T18:07:23.158360,1610612762,overall,,2025-11-25,2025-26,ok,18,1.432
2026-07-22T18:07:25.011959,1610612762,home,,2025-11-25,2025-26,ok,18,1.103
2026-07-22T18:07:26.860295,1610612762,away,,2025-11-25,2025-26,ok,18,1.133
2026-07-22T18:07:28.829608,1610612763,overall,,2025-11-25,2025-26,ok,21,1.146
2026-07-22T18:07:30.582844,1610612763,home,,2025-11-25,2025-26,ok,21,1.035
2026-07-22T18:07:32.140598,1610612763,away,,2025-11-25,2025-26,ok,20,0.839
2026-07-22T18:07:33.760250,1610612764,overall,,2025-11-25,2025-26,ok,18,0.9
2026-07-22T18:07:35.657239,1610612764,home,,2025-11-25,2025-26,ok,18,1.181
2026-07-22T18:07:37.191394,1610612764,away,,2025-11-25,2025-26,ok,18,0.817
2026-07-22T18:07:38.694289,1610612765,overall,,2025-11-25,2025-26,ok,19,0.783
2026-07-22T18:07:40.250157,1610612765,home,,2025-11-25,2025-26,ok,19,0.843
2026-07-22T18:07:41.955077,1610612765,away,,2025-11-25,2025-26,ok,19,0.99
2026-07-22T18:07:43.449641,1610612766,overall,,2025-11-25,2025-26,ok,18,0.779
2026-07-22T18:07:45.380867,1610612766,home,,2025-11-25,2025-26,ok,18,1.217
2026-07-22T18:07:46.893283,1610612766,away,,2025-11-25,2025-26,ok,18,0.796
2026-07-22T18:07:48.866583,1610612737,overall,,2025-12-02,2025-26,ok,17,1.253
2026-07-22T18:07:50.509015,1610612737,home,,2025-12-02,2025-26,ok,17,0.924
2026-07-22T18:07:52.068773,1610612737,away,,2025-12-02,2025-26,ok,17,0.843
2026-07-22T18:07:53.674330,1610612738,overall,,2025-12-02,2025-26,ok,17,0.892
2026-07-22T18:07:55.253349,1610612738,home,,2025-12-02,2025-26,ok,17,0.861
2026-07-22T18:07:56.953499,1610612738,away,,2025-12-02,2025-26,ok,17,0.982
2026-07-22T18:07:58.488421,1610612739,overall,,2025-12-02,2025-26,ok,17,0.819
2026-07-22T18:08:00.229971,1610612739,home,,2025-12-02,2025-26,ok,17,1.028
2026-07-22T18:08:02.277965,1610612739,away,,2025-12-02,2025-26,ok,17,1.333
2026-07-22T18:08:03.921568,1610612740,overall,,2025-12-02,2025-26,ok,19,0.927
2026-07-22T18:08:05.454914,1610612740,home,,2025-12-02,2025-26,ok,18,0.82
2026-07-22T18:08:07.270223,1610612740,away,,2025-12-02,2025-26,ok,19,0.926
2026-07-22T18:08:08.952867,1610612741,overall,,2025-12-02,2025-26,ok,18,0.91
2026-07-22T18:08:10.815758,1610612741,home,,2025-12-02,2025-26,ok,18,1.112
2026-07-22T18:08:12.502058,1610612741,away,,2025-12-02,2025-26,ok,18,0.973
2026-07-22T18:08:14.109194,1610612742,overall,,2025-12-02,2025-26,ok,18,0.891
2026-07-22T18:08:15.587156,1610612742,home,,2025-12-02,2025-26,ok,18,0.763
2026-07-22T18:08:17.298293,1610612742,away,,2025-12-02,2025-26,ok,18,1.0
2026-07-22T18:08:18.816367,1610612743,overall,,2025-12-02,2025-26,ok,17,0.802
2026-07-22T18:08:20.404355,1610612743,home,,2025-12-02,2025-26,ok,17,0.872
2026-07-22T18:08:22.451016,1610612743,away,,2025-12-02,2025-26,ok,17,1.33
2026-07-22T18:08:24.318121,1610612744,overall,,2025-12-02,2025-26,ok,19,1.134
2026-07-22T18:08:26.098264,1610612744,home,,2025-12-02,2025-26,ok,19,1.067
2026-07-22T18:08:27.874179,1610612744,away,,2025-12-02,2025-26,ok,17,1.06
2026-07-22T18:08:29.834091,1610612745,overall,,2025-12-02,2025-26,ok,17,1.229
2026-07-22T18:08:31.443693,1610612745,home,,2025-12-02,2025-26,ok,17,0.895
2026-07-22T18:08:33.088278,1610612745,away,,2025-12-02,2025-26,ok,17,0.927
2026-07-22T18:08:34.637511,1610612746,overall,,2025-12-02,2025-26,ok,17,0.828
2026-07-22T18:08:36.074678,1610612746,home,,2025-12-02,2025-26,ok,17,0.72
2026-07-22T18:08:37.573754,1610612746,away,,2025-12-02,2025-26,ok,17,0.785
2026-07-22T18:08:39.191081,1610612747,overall,,2025-12-02,2025-26,ok,18,0.901
2026-07-22T18:08:41.129166,1610612747,home,,2025-12-02,2025-26,ok,18,1.222
2026-07-22T18:08:42.728348,1610612747,away,,2025-12-02,2025-26,ok,17,0.886
2026-07-22T18:08:44.457511,1610612748,overall,,2025-12-02,2025-26,ok,17,1.014
2026-07-22T18:08:46.007145,1610612748,home,,2025-12-02,2025-26,ok,17,0.835
2026-07-22T18:08:47.539745,1610612748,away,,2025-12-02,2025-26,ok,17,0.817
2026-07-22T18:08:49.512190,1610612749,overall,,2025-12-02,2025-26,ok,18,1.231
2026-07-22T18:08:51.050591,1610612749,home,,2025-12-02,2025-26,ok,18,0.825
2026-07-22T18:08:52.611998,1610612749,away,,2025-12-02,2025-26,ok,18,0.851
2026-07-22T18:08:54.641999,1610612750,overall,,2025-12-02,2025-26,ok,17,1.313
2026-07-22T18:08:56.266652,1610612750,home,,2025-12-02,2025-26,ok,17,0.909
2026-07-22T18:08:57.832441,1610612750,away,,2025-12-02,2025-26,ok,17,0.852
2026-07-22T18:08:59.427871,1610612751,overall,,2025-12-02,2025-26,ok,17,0.873
2026-07-22T18:09:01.030364,1610612751,home,,2025-12-02,2025-26,ok,17,0.888
2026-07-22T18:09:02.707680,1610612751,away,,2025-12-02,2025-26,ok,17,0.957
2026-07-22T18:09:04.663519,1610612752,overall,,2025-12-02,2025-26,ok,17,1.244
2026-07-22T18:09:06.317479,1610612752,home,,2025-12-02,2025-26,ok,17,0.941
2026-07-22T18:09:08.020903,1610612752,away,,2025-12-02,2025-26,ok,17,0.972
2026-07-22T18:09:09.528264,1610612753,overall,,2025-12-02,2025-26,ok,17,0.781
2026-07-22T18:09:11.207225,1610612753,home,,2025-12-02,2025-26,ok,17,0.852
2026-07-22T18:09:12.933640,1610612753,away,,2025-12-02,2025-26,ok,17,1.014
2026-07-22T18:09:14.470953,1610612754,overall,,2025-12-02,2025-26,ok,24,0.818
2026-07-22T18:09:16.507418,1610612754,home,,2025-12-02,2025-26,ok,24,1.3
2026-07-22T18:09:18.027530,1610612754,away,,2025-12-02,2025-26,ok,23,0.804
2026-07-22T18:09:19.720435,1610612755,overall,,2025-12-02,2025-26,ok,17,0.961
2026-07-22T18:09:21.332691,1610612755,home,,2025-12-02,2025-26,ok,17,0.897
2026-07-22T18:09:22.842465,1610612755,away,,2025-12-02,2025-26,ok,17,0.795
2026-07-22T18:09:24.616088,1610612756,overall,,2025-12-02,2025-26,ok,18,1.059
2026-07-22T18:09:26.347906,1610612756,home,,2025-12-02,2025-26,ok,18,1.022
2026-07-22T18:09:28.024728,1610612756,away,,2025-12-02,2025-26,ok,18,0.963
2026-07-22T18:09:29.732129,1610612757,overall,,2025-12-02,2025-26,ok,18,0.986
2026-07-22T18:09:31.324383,1610612757,home,,2025-12-02,2025-26,ok,18,0.875
2026-07-22T18:09:33.112358,1610612757,away,,2025-12-02,2025-26,ok,18,1.072
2026-07-22T18:09:34.645764,1610612758,overall,,2025-12-02,2025-26,ok,19,0.818
2026-07-22T18:09:36.192074,1610612758,home,,2025-12-02,2025-26,ok,19,0.819
2026-07-22T18:09:37.716434,1610612758,away,,2025-12-02,2025-26,ok,19,0.805
2026-07-22T18:09:39.458213,1610612759,overall,,2025-12-02,2025-26,ok,18,1.029
2026-07-22T18:09:40.983413,1610612759,home,,2025-12-02,2025-26,ok,18,0.808
2026-07-22T18:09:42.493832,1610612759,away,,2025-12-02,2025-26,ok,18,0.792
2026-07-22T18:09:44.241199,1610612760,overall,,2025-12-02,2025-26,ok,18,1.018
2026-07-22T18:09:46.013053,1610612760,home,,2025-12-02,2025-26,ok,18,1.053
2026-07-22T18:09:47.550856,1610612760,away,,2025-12-02,2025-26,ok,18,0.818
2026-07-22T18:09:49.619018,1610612761,overall,,2025-12-02,2025-26,ok,17,1.357
2026-07-22T18:09:51.475847,1610612761,home,,2025-12-02,2025-26,ok,17,1.141
2026-07-22T18:09:53.695179,1610612761,away,,2025-12-02,2025-26,ok,17,1.506
2026-07-22T18:09:55.358269,1610612762,overall,,2025-12-02,2025-26,ok,18,0.95
2026-07-22T18:09:57.175115,1610612762,home,,2025-12-02,2025-26,ok,18,1.1
2026-07-22T18:09:59.221937,1610612762,away,,2025-12-02,2025-26,ok,18,1.332
2026-07-22T18:10:01.052495,1610612763,overall,,2025-12-02,2025-26,ok,21,1.118
2026-07-22T18:10:03.010820,1610612763,home,,2025-12-02,2025-26,ok,21,1.243
2026-07-22T18:10:07.990387,1610612763,away,,2025-12-02,2025-26,ok,21,4.264
2026-07-22T18:10:09.565519,1610612764,overall,,2025-12-02,2025-26,ok,18,0.858
2026-07-22T18:10:11.614585,1610612764,home,,2025-12-02,2025-26,ok,18,1.336
2026-07-22T18:10:13.425546,1610612764,away,,2025-12-02,2025-26,ok,18,1.1
2026-07-22T18:10:16.522940,1610612765,overall,,2025-12-02,2025-26,ok,19,2.384
2026-07-22T18:10:18.183143,1610612765,home,,2025-12-02,2025-26,ok,19,0.927
2026-07-22T18:10:20.313356,1610612765,away,,2025-12-02,2025-26,ok,19,1.415
2026-07-22T18:10:22.364721,1610612766,overall,,2025-12-02,2025-26,ok,18,1.337
2026-07-22T18:10:24.146113,1610612766,home,,2025-12-02,2025-26,ok,18,1.069
2026-07-22T18:10:25.846655,1610612766,away,,2025-12-02,2025-26,ok,18,0.986
2026-07-22T18:10:28.000303,1610612737,overall,,2025-12-09,2025-26,ok,17,1.43
2026-07-22T18:10:32.950025,1610612737,home,,2025-12-09,2025-26,ok,17,4.238
2026-07-22T18:10:34.642914,1610612737,away,,2025-12-09,2025-26,ok,17,0.981
2026-07-22T18:10:37.109600,1610612738,overall,,2025-12-09,2025-26,ok,17,1.752
2026-07-22T18:10:38.605028,1610612738,home,,2025-12-09,2025-26,ok,17,0.784
2026-07-22T18:10:40.344059,1610612738,away,,2025-12-09,2025-26,ok,17,1.025
2026-07-22T18:10:42.129209,1610612739,overall,,2025-12-09,2025-26,ok,17,1.068
2026-07-22T18:10:51.449569,1610612739,home,,2025-12-09,2025-26,ok,17,8.604
2026-07-22T18:10:52.996077,1610612739,away,,2025-12-09,2025-26,ok,17,0.832
2026-07-22T18:10:55.965098,1610612740,overall,,2025-12-09,2025-26,ok,19,2.251
2026-07-22T18:10:57.715071,1610612740,home,,2025-12-09,2025-26,ok,18,1.031
2026-07-22T18:10:59.597703,1610612740,away,,2025-12-09,2025-26,ok,19,1.165
2026-07-22T18:11:01.284702,1610612741,overall,,2025-12-09,2025-26,ok,18,0.973
2026-07-22T18:11:03.120037,1610612741,home,,2025-12-09,2025-26,ok,18,1.121
2026-07-22T18:11:05.170808,1610612741,away,,2025-12-09,2025-26,ok,18,1.333
2026-07-22T18:11:06.841145,1610612742,overall,,2025-12-09,2025-26,ok,18,0.957
2026-07-22T18:11:08.344634,1610612742,home,,2025-12-09,2025-26,ok,18,0.784
2026-07-22T18:11:10.291277,1610612742,away,,2025-12-09,2025-26,ok,18,1.228
2026-07-22T18:11:12.112158,1610612743,overall,,2025-12-09,2025-26,ok,17,1.104
2026-07-22T18:11:13.807007,1610612743,home,,2025-12-09,2025-26,ok,17,0.979
2026-07-22T18:11:16.331167,1610612743,away,,2025-12-09,2025-26,ok,17,1.814
2026-07-22T18:11:18.153882,1610612744,overall,,2025-12-09,2025-26,ok,19,1.03
2026-07-22T18:11:20.020210,1610612744,home,,2025-12-09,2025-26,ok,19,1.151
2026-07-22T18:11:21.763743,1610612744,away,,2025-12-09,2025-26,ok,19,1.027
2026-07-22T18:11:25.462886,1610612745,overall,,2025-12-09,2025-26,ok,18,2.981
2026-07-22T18:11:27.177918,1610612745,home,,2025-12-09,2025-26,ok,18,1.0
2026-07-22T18:11:29.248034,1610612745,away,,2025-12-09,2025-26,ok,18,1.347
2026-07-22T18:11:31.320096,1610612746,overall,,2025-12-09,2025-26,ok,18,1.354
2026-07-22T18:11:33.021979,1610612746,home,,2025-12-09,2025-26,ok,17,0.99
2026-07-22T18:11:38.451914,1610612746,away,,2025-12-09,2025-26,ok,18,4.715
2026-07-22T18:11:40.397171,1610612747,overall,,2025-12-09,2025-26,ok,18,1.23
2026-07-22T18:11:42.239688,1610612747,home,,2025-12-09,2025-26,ok,18,1.129
2026-07-22T18:11:43.898993,1610612747,away,,2025-12-09,2025-26,ok,18,0.939
2026-07-22T18:11:45.619061,1610612748,overall,,2025-12-09,2025-26,ok,17,1.004
2026-07-22T18:11:47.369330,1610612748,home,,2025-12-09,2025-26,ok,17,1.034
2026-07-22T18:11:49.055512,1610612748,away,,2025-12-09,2025-26,ok,17,0.97
2026-07-22T18:11:50.961721,1610612749,overall,,2025-12-09,2025-26,ok,18,1.19
2026-07-22T18:11:52.926413,1610612749,home,,2025-12-09,2025-26,ok,18,1.25
2026-07-22T18:11:54.788799,1610612749,away,,2025-12-09,2025-26,ok,18,1.151
2026-07-22T18:11:56.474315,1610612750,overall,,2025-12-09,2025-26,ok,17,0.972
2026-07-22T18:11:58.110507,1610612750,home,,2025-12-09,2025-26,ok,17,0.923
2026-07-22T18:12:00.050187,1610612750,away,,2025-12-09,2025-26,ok,17,1.227
2026-07-22T18:12:01.906312,1610612751,overall,,2025-12-09,2025-26,ok,17,1.136
2026-07-22T18:12:03.642560,1610612751,home,,2025-12-09,2025-26,ok,17,1.022
2026-07-22T18:12:05.280848,1610612751,away,,2025-12-09,2025-26,ok,17,0.925
2026-07-22T18:12:07.123553,1610612752,overall,,2025-12-09,2025-26,ok,17,1.13
2026-07-22T18:12:09.173949,1610612752,home,,2025-12-09,2025-26,ok,17,1.333
2026-07-22T18:12:10.806208,1610612752,away,,2025-12-09,2025-26,ok,17,0.919
2026-07-22T18:12:12.761622,1610612753,overall,,2025-12-09,2025-26,ok,17,1.237
2026-07-22T18:12:14.395438,1610612753,home,,2025-12-09,2025-26,ok,17,0.91
2026-07-22T18:12:16.442610,1610612753,away,,2025-12-09,2025-26,ok,17,1.329
2026-07-22T18:12:18.186900,1610612754,overall,,2025-12-09,2025-26,ok,24,1.028
2026-07-22T18:12:19.802197,1610612754,home,,2025-12-09,2025-26,ok,24,0.9
2026-07-22T18:12:21.771438,1610612754,away,,2025-12-09,2025-26,ok,24,1.253
2026-07-22T18:12:23.394787,1610612755,overall,,2025-12-09,2025-26,ok,17,0.888
2026-07-22T18:12:28.873931,1610612755,home,,2025-12-09,2025-26,ok,17,4.755
2026-07-22T18:12:30.882821,1610612755,away,,2025-12-09,2025-26,ok,17,1.283
2026-07-22T18:12:32.992240,1610612756,overall,,2025-12-09,2025-26,ok,18,1.394
2026-07-22T18:12:34.975930,1610612756,home,,2025-12-09,2025-26,ok,18,1.268
2026-07-22T18:12:36.921152,1610612756,away,,2025-12-09,2025-26,ok,18,1.231
2026-07-22T18:12:38.562023,1610612757,overall,,2025-12-09,2025-26,ok,18,0.924
2026-07-22T18:12:40.509222,1610612757,home,,2025-12-09,2025-26,ok,18,1.226
2026-07-22T18:12:42.777004,1610612757,away,,2025-12-09,2025-26,ok,18,1.549
2026-07-22T18:12:45.015782,1610612758,overall,,2025-12-09,2025-26,ok,19,1.518
2026-07-22T18:12:46.856424,1610612758,home,,2025-12-09,2025-26,ok,19,1.126
2026-07-22T18:12:48.702536,1610612758,away,,2025-12-09,2025-26,ok,19,1.13
2026-07-22T18:12:50.647332,1610612759,overall,,2025-12-09,2025-26,ok,18,1.229
2026-07-22T18:12:52.592194,1610612759,home,,2025-12-09,2025-26,ok,18,1.23
2026-07-22T18:12:54.330796,1610612759,away,,2025-12-09,2025-26,ok,18,1.025
2026-07-22T18:12:56.390803,1610612760,overall,,2025-12-09,2025-26,ok,18,1.341
2026-07-22T18:12:58.329619,1610612760,home,,2025-12-09,2025-26,ok,18,1.219
2026-07-22T18:13:00.372380,1610612760,away,,2025-12-09,2025-26,ok,18,1.331
2026-07-22T18:13:02.223079,1610612761,overall,,2025-12-09,2025-26,ok,17,1.128
2026-07-22T18:13:04.260526,1610612761,home,,2025-12-09,2025-26,ok,17,1.322
2026-07-22T18:13:06.006619,1610612761,away,,2025-12-09,2025-26,ok,17,1.029
2026-07-22T18:13:08.055736,1610612762,overall,,2025-12-09,2025-26,ok,18,1.337
2026-07-22T18:13:09.897616,1610612762,home,,2025-12-09,2025-26,ok,18,1.123
2026-07-22T18:13:11.535294,1610612762,away,,2025-12-09,2025-26,ok,18,0.922
2026-07-22T18:13:13.278352,1610612763,overall,,2025-12-09,2025-26,ok,21,1.027
2026-07-22T18:13:15.327276,1610612763,home,,2025-12-09,2025-26,ok,21,1.33
2026-07-22T18:13:17.297548,1610612763,away,,2025-12-09,2025-26,ok,21,1.255
2026-07-22T18:13:19.135805,1610612764,overall,,2025-12-09,2025-26,ok,18,1.122
2026-07-22T18:13:20.835401,1610612764,home,,2025-12-09,2025-26,ok,18,0.983
2026-07-22T18:13:22.697417,1610612764,away,,2025-12-09,2025-26,ok,18,1.15
2026-07-22T18:13:24.612044,1610612765,overall,,2025-12-09,2025-26,ok,19,1.135
2026-07-22T18:13:26.253998,1610612765,home,,2025-12-09,2025-26,ok,19,0.922
2026-07-22T18:13:27.871704,1610612765,away,,2025-12-09,2025-26,ok,19,0.904
2026-07-22T18:13:29.925638,1610612766,overall,,2025-12-09,2025-26,ok,18,1.34
2026-07-22T18:13:31.638486,1610612766,home,,2025-12-09,2025-26,ok,18,0.999
2026-07-22T18:13:33.356912,1610612766,away,,2025-12-09,2025-26,ok,18,1.0
2026-07-22T18:13:35.176269,1610612737,overall,,2025-12-16,2025-26,ok,17,1.099
2026-07-22T18:13:37.032203,1610612737,home,,2025-12-16,2025-26,ok,17,1.141
2026-07-22T18:13:38.791250,1610612737,away,,2025-12-16,2025-26,ok,17,1.042
2026-07-22T18:13:40.877307,1610612738,overall,,2025-12-16,2025-26,ok,17,1.376
2026-07-22T18:13:43.178044,1610612738,home,,2025-12-16,2025-26,ok,17,1.586
2026-07-22T18:13:44.813852,1610612738,away,,2025-12-16,2025-26,ok,17,0.926
2026-07-22T18:13:46.968565,1610612739,overall,,2025-12-16,2025-26,ok,17,1.439
2026-07-22T18:13:48.501707,1610612739,home,,2025-12-16,2025-26,ok,17,0.822
2026-07-22T18:13:50.411776,1610612739,away,,2025-12-16,2025-26,ok,17,1.198
2026-07-22T18:13:52.507563,1610612740,overall,,2025-12-16,2025-26,ok,19,1.381
2026-07-22T18:13:54.339449,1610612740,home,,2025-12-16,2025-26,ok,18,1.119
2026-07-22T18:13:55.982655,1610612740,away,,2025-12-16,2025-26,ok,19,0.925
2026-07-22T18:13:58.026110,1610612741,overall,,2025-12-16,2025-26,ok,18,1.328
2026-07-22T18:13:59.745516,1610612741,home,,2025-12-16,2025-26,ok,18,1.006
2026-07-22T18:14:01.407004,1610612741,away,,2025-12-16,2025-26,ok,18,0.945
2026-07-22T18:14:03.147207,1610612742,overall,,2025-12-16,2025-26,ok,18,1.027
2026-07-22T18:14:04.786618,1610612742,home,,2025-12-16,2025-26,ok,18,0.924
2026-07-22T18:14:06.527879,1610612742,away,,2025-12-16,2025-26,ok,18,1.022
2026-07-22T18:14:08.482768,1610612743,overall,,2025-12-16,2025-26,ok,17,1.228
2026-07-22T18:14:10.114514,1610612743,home,,2025-12-16,2025-26,ok,17,0.914
2026-07-22T18:14:12.033381,1610612743,away,,2025-12-16,2025-26,ok,17,1.201
2026-07-22T18:14:13.553158,1610612744,overall,,2025-12-16,2025-26,ok,20,0.804
2026-07-22T18:14:15.327444,1610612744,home,,2025-12-16,2025-26,ok,20,1.057
2026-07-22T18:14:17.174711,1610612744,away,,2025-12-16,2025-26,ok,20,1.13
2026-07-22T18:14:18.816199,1610612745,overall,,2025-12-16,2025-26,ok,18,0.928
2026-07-22T18:14:20.654841,1610612745,home,,2025-12-16,2025-26,ok,18,1.128
2026-07-22T18:14:22.403892,1610612745,away,,2025-12-16,2025-26,ok,18,1.03
2026-07-22T18:14:24.140182,1610612746,overall,,2025-12-16,2025-26,ok,18,1.022
2026-07-22T18:14:25.880655,1610612746,home,,2025-12-16,2025-26,ok,18,1.026
2026-07-22T18:14:27.616136,1610612746,away,,2025-12-16,2025-26,ok,18,1.024
2026-07-22T18:14:29.426548,1610612747,overall,,2025-12-16,2025-26,ok,18,1.098
2026-07-22T18:14:33.446039,1610612747,home,,2025-12-16,2025-26,ok,18,3.302
2026-07-22T18:14:35.085311,1610612747,away,,2025-12-16,2025-26,ok,18,0.926
2026-07-22T18:14:36.819486,1610612748,overall,,2025-12-16,2025-26,ok,17,1.021
2026-07-22T18:14:40.190154,1610612748,home,,2025-12-16,2025-26,ok,17,2.655
2026-07-22T18:14:46.676287,1610612748,away,,2025-12-16,2025-26,ok,17,5.77
2026-07-22T18:14:48.473854,1610612749,overall,,2025-12-16,2025-26,ok,18,1.083
2026-07-22T18:14:50.080826,1610612749,home,,2025-12-16,2025-26,ok,18,0.891
2026-07-22T18:14:51.642913,1610612749,away,,2025-12-16,2025-26,ok,18,0.846
2026-07-22T18:14:53.373732,1610612750,overall,,2025-12-16,2025-26,ok,17,1.016
2026-07-22T18:14:55.123072,1610612750,home,,2025-12-16,2025-26,ok,17,1.039
2026-07-22T18:14:56.714803,1610612750,away,,2025-12-16,2025-26,ok,17,0.87
2026-07-22T18:14:58.500885,1610612751,overall,,2025-12-16,2025-26,ok,17,1.067
2026-07-22T18:15:00.347339,1610612751,home,,2025-12-16,2025-26,ok,17,1.123
2026-07-22T18:15:02.492865,1610612751,away,,2025-12-16,2025-26,ok,17,1.433
2026-07-22T18:15:04.642287,1610612752,overall,,2025-12-16,2025-26,ok,17,1.436
2026-07-22T18:15:06.486063,1610612752,home,,2025-12-16,2025-26,ok,17,1.125
2026-07-22T18:15:08.214845,1610612752,away,,2025-12-16,2025-26,ok,17,1.011
2026-07-22T18:15:10.279597,1610612753,overall,,2025-12-16,2025-26,ok,17,1.348
2026-07-22T18:15:12.066695,1610612753,home,,2025-12-16,2025-26,ok,17,1.073
2026-07-22T18:15:13.961551,1610612753,away,,2025-12-16,2025-26,ok,17,1.173
2026-07-22T18:15:15.706635,1610612754,overall,,2025-12-16,2025-26,ok,24,1.028
2026-07-22T18:15:17.448574,1610612754,home,,2025-12-16,2025-26,ok,24,1.021
2026-07-22T18:15:19.138207,1610612754,away,,2025-12-16,2025-26,ok,24,0.97
2026-07-22T18:15:21.232954,1610612755,overall,,2025-12-16,2025-26,ok,17,1.378
2026-07-22T18:15:23.279452,1610612755,home,,2025-12-16,2025-26,ok,17,1.328
2026-07-22T18:15:25.120257,1610612755,away,,2025-12-16,2025-26,ok,17,1.129
2026-07-22T18:15:26.654270,1610612756,overall,,2025-12-16,2025-26,ok,18,0.826
2026-07-22T18:15:28.194194,1610612756,home,,2025-12-16,2025-26,ok,18,0.824
2026-07-22T18:15:29.831113,1610612756,away,,2025-12-16,2025-26,ok,18,0.923
2026-07-22T18:15:31.573677,1610612757,overall,,2025-12-16,2025-26,ok,18,1.023
2026-07-22T18:15:33.312808,1610612757,home,,2025-12-16,2025-26,ok,18,1.027
2026-07-22T18:15:35.052472,1610612757,away,,2025-12-16,2025-26,ok,18,1.021
2026-07-22T18:15:36.800962,1610612758,overall,,2025-12-16,2025-26,ok,19,1.024
2026-07-22T18:15:38.640771,1610612758,home,,2025-12-16,2025-26,ok,19,1.12
2026-07-22T18:15:40.587974,1610612758,away,,2025-12-16,2025-26,ok,19,1.23
2026-07-22T18:15:44.172078,1610612759,overall,,2025-12-16,2025-26,ok,19,2.863
2026-07-22T18:15:45.807438,1610612759,home,,2025-12-16,2025-26,ok,18,0.916
2026-07-22T18:15:47.833934,1610612759,away,,2025-12-16,2025-26,ok,18,1.302
2026-07-22T18:15:49.747801,1610612760,overall,,2025-12-16,2025-26,ok,18,1.199
2026-07-22T18:15:51.371770,1610612760,home,,2025-12-16,2025-26,ok,18,0.91
2026-07-22T18:15:52.978042,1610612760,away,,2025-12-16,2025-26,ok,18,0.883
2026-07-22T18:15:54.685508,1610612761,overall,,2025-12-16,2025-26,ok,17,0.993
2026-07-22T18:15:56.257682,1610612761,home,,2025-12-16,2025-26,ok,17,0.853
2026-07-22T18:15:57.694627,1610612761,away,,2025-12-16,2025-26,ok,17,0.721
2026-07-22T18:15:59.430477,1610612762,overall,,2025-12-16,2025-26,ok,18,1.017
2026-07-22T18:16:00.955404,1610612762,home,,2025-12-16,2025-26,ok,18,0.8
2026-07-22T18:16:02.600887,1610612762,away,,2025-12-16,2025-26,ok,18,0.926
2026-07-22T18:16:04.855287,1610612763,overall,,2025-12-16,2025-26,ok,21,1.54
2026-07-22T18:16:06.899324,1610612763,home,,2025-12-16,2025-26,ok,21,1.324
2026-07-22T18:16:08.641952,1610612763,away,,2025-12-16,2025-26,ok,21,1.031
2026-07-22T18:16:10.283428,1610612764,overall,,2025-12-16,2025-26,ok,18,0.925
2026-07-22T18:16:12.024233,1610612764,home,,2025-12-16,2025-26,ok,18,1.024
2026-07-22T18:16:15.968225,1610612764,away,,2025-12-16,2025-26,ok,18,3.228
2026-07-22T18:16:17.510290,1610612765,overall,,2025-12-16,2025-26,ok,19,0.828
2026-07-22T18:16:19.090862,1610612765,home,,2025-12-16,2025-26,ok,19,0.868
2026-07-22T18:16:20.930093,1610612765,away,,2025-12-16,2025-26,ok,19,1.12
2026-07-22T18:16:22.580958,1610612766,overall,,2025-12-16,2025-26,ok,18,0.934
2026-07-22T18:16:24.250052,1610612766,home,,2025-12-16,2025-26,ok,18,0.952
2026-07-22T18:16:26.158503,1610612766,away,,2025-12-16,2025-26,ok,18,1.192
2026-07-22T18:16:27.692300,1610612737,overall,,2025-12-23,2025-26,ok,18,0.82
2026-07-22T18:16:29.325550,1610612737,home,,2025-12-23,2025-26,ok,18,0.918
2026-07-22T18:16:31.174508,1610612737,away,,2025-12-23,2025-26,ok,17,1.133
2026-07-22T18:16:32.810300,1610612738,overall,,2025-12-23,2025-26,ok,17,0.923
2026-07-22T18:16:34.856257,1610612738,home,,2025-12-23,2025-26,ok,17,1.326
2026-07-22T18:16:36.701262,1610612738,away,,2025-12-23,2025-26,ok,17,1.126
2026-07-22T18:16:40.184363,1610612739,overall,,2025-12-23,2025-26,ok,17,2.759
2026-07-22T18:16:42.024574,1610612739,home,,2025-12-23,2025-26,ok,17,1.121
2026-07-22T18:16:43.564725,1610612739,away,,2025-12-23,2025-26,ok,17,0.817
2026-07-22T18:16:45.284469,1610612740,overall,,2025-12-23,2025-26,ok,19,1.004
2026-07-22T18:16:47.037671,1610612740,home,,2025-12-23,2025-26,ok,18,1.039
2026-07-22T18:16:48.798350,1610612740,away,,2025-12-23,2025-26,ok,19,1.034
2026-07-22T18:16:50.525483,1610612741,overall,,2025-12-23,2025-26,ok,18,1.003
2026-07-22T18:16:52.472668,1610612741,home,,2025-12-23,2025-26,ok,18,1.228
2026-07-22T18:16:54.110280,1610612741,away,,2025-12-23,2025-26,ok,18,0.921
2026-07-22T18:16:55.750742,1610612742,overall,,2025-12-23,2025-26,ok,18,0.922
2026-07-22T18:16:57.488040,1610612742,home,,2025-12-23,2025-26,ok,18,1.02
2026-07-22T18:16:59.743203,1610612742,away,,2025-12-23,2025-26,ok,18,1.532
2026-07-22T18:17:02.962421,1610612743,overall,,2025-12-23,2025-26,ok,17,2.494
2026-07-22T18:17:04.656883,1610612743,home,,2025-12-23,2025-26,ok,17,0.979
2026-07-22T18:17:06.396343,1610612743,away,,2025-12-23,2025-26,ok,17,1.023
2026-07-22T18:17:08.345100,1610612744,overall,,2025-12-23,2025-26,ok,20,1.234
2026-07-22T18:17:10.288437,1610612744,home,,2025-12-23,2025-26,ok,20,1.222
2026-07-22T18:17:12.236699,1610612744,away,,2025-12-23,2025-26,ok,20,1.224
2026-07-22T18:17:14.077984,1610612745,overall,,2025-12-23,2025-26,ok,18,1.123
2026-07-22T18:17:15.614577,1610612745,home,,2025-12-23,2025-26,ok,18,0.818
2026-07-22T18:17:17.205846,1610612745,away,,2025-12-23,2025-26,ok,18,0.871
2026-07-22T18:17:18.888451,1610612746,overall,,2025-12-23,2025-26,ok,18,0.957
2026-07-22T18:17:20.750986,1610612746,home,,2025-12-23,2025-26,ok,18,1.142
2026-07-22T18:17:22.613038,1610612746,away,,2025-12-23,2025-26,ok,18,1.141
2026-07-22T18:17:24.317338,1610612747,overall,,2025-12-23,2025-26,ok,18,0.992
2026-07-22T18:17:28.209598,1610612747,home,,2025-12-23,2025-26,ok,18,3.171
2026-07-22T18:17:30.870551,1610612747,away,,2025-12-23,2025-26,ok,18,1.94
2026-07-22T18:17:32.512742,1610612748,overall,,2025-12-23,2025-26,ok,17,0.929
2026-07-22T18:17:34.153078,1610612748,home,,2025-12-23,2025-26,ok,17,0.927
2026-07-22T18:17:35.993557,1610612748,away,,2025-12-23,2025-26,ok,17,1.125
2026-07-22T18:17:39.379591,1610612749,overall,,2025-12-23,2025-26,ok,18,2.664
2026-07-22T18:17:41.010468,1610612749,home,,2025-12-23,2025-26,ok,18,0.91
2026-07-22T18:17:42.549990,1610612749,away,,2025-12-23,2025-26,ok,18,0.824
2026-07-22T18:17:44.082045,1610612750,overall,,2025-12-23,2025-26,ok,17,0.812
2026-07-22T18:17:45.924980,1610612750,home,,2025-12-23,2025-26,ok,17,1.129
2026-07-22T18:17:47.563185,1610612750,away,,2025-12-23,2025-26,ok,17,0.923
2026-07-22T18:17:51.352137,1610612751,overall,,2025-12-23,2025-26,ok,17,3.075
2026-07-22T18:17:53.611010,1610612751,home,,2025-12-23,2025-26,ok,17,1.539
2026-07-22T18:17:55.402878,1610612751,away,,2025-12-23,2025-26,ok,17,1.076
2026-07-22T18:17:56.977699,1610612752,overall,,2025-12-23,2025-26,ok,17,0.86
2026-07-22T18:18:02.614429,1610612752,home,,2025-12-23,2025-26,ok,17,4.914
2026-07-22T18:18:04.251797,1610612752,away,,2025-12-23,2025-26,ok,17,0.915
2026-07-22T18:18:05.940831,1610612753,overall,,2025-12-23,2025-26,ok,17,0.969
2026-07-22T18:18:09.274519,1610612753,home,,2025-12-23,2025-26,ok,17,2.615
2026-07-22T18:18:11.012323,1610612753,away,,2025-12-23,2025-26,ok,17,1.024
2026-07-22T18:18:12.643879,1610612754,overall,,2025-12-23,2025-26,ok,25,0.919
2026-07-22T18:18:14.291025,1610612754,home,,2025-12-23,2025-26,ok,25,0.933
2026-07-22T18:18:15.776189,1610612754,away,,2025-12-23,2025-26,ok,25,0.768
2026-07-22T18:18:17.567337,1610612755,overall,,2025-12-23,2025-26,ok,17,1.074
2026-07-22T18:18:19.161371,1610612755,home,,2025-12-23,2025-26,ok,17,0.875
2026-07-22T18:18:20.841637,1610612755,away,,2025-12-23,2025-26,ok,17,0.965
2026-07-22T18:18:22.405378,1610612756,overall,,2025-12-23,2025-26,ok,18,0.848
2026-07-22T18:18:25.452412,1610612756,home,,2025-12-23,2025-26,ok,18,2.33
2026-07-22T18:18:27.006505,1610612756,away,,2025-12-23,2025-26,ok,18,0.831
2026-07-22T18:18:28.627539,1610612757,overall,,2025-12-23,2025-26,ok,18,0.906
2026-07-22T18:18:30.249882,1610612757,home,,2025-12-23,2025-26,ok,18,0.902
2026-07-22T18:18:31.901336,1610612757,away,,2025-12-23,2025-26,ok,18,0.939
2026-07-22T18:18:33.469148,1610612758,overall,,2025-12-23,2025-26,ok,19,0.846
2026-07-22T18:18:37.260910,1610612758,home,,2025-12-23,2025-26,ok,19,3.052
2026-07-22T18:18:38.966377,1610612758,away,,2025-12-23,2025-26,ok,19,0.989
2026-07-22T18:18:40.629870,1610612759,overall,,2025-12-23,2025-26,ok,20,0.945
2026-07-22T18:18:42.248969,1610612759,home,,2025-12-23,2025-26,ok,20,0.896
2026-07-22T18:18:43.737857,1610612759,away,,2025-12-23,2025-26,ok,19,0.769
2026-07-22T18:18:45.466092,1610612760,overall,,2025-12-23,2025-26,ok,18,1.009
2026-07-22T18:18:47.060161,1610612760,home,,2025-12-23,2025-26,ok,18,0.873
2026-07-22T18:18:48.608768,1610612760,away,,2025-12-23,2025-26,ok,18,0.82
2026-07-22T18:18:50.235000,1610612761,overall,,2025-12-23,2025-26,ok,17,0.903
2026-07-22T18:18:51.767419,1610612761,home,,2025-12-23,2025-26,ok,17,0.813
2026-07-22T18:18:53.354085,1610612761,away,,2025-12-23,2025-26,ok,17,0.872
2026-07-22T18:18:55.462220,1610612762,overall,,2025-12-23,2025-26,ok,18,1.395
2026-07-22T18:18:58.094654,1610612762,home,,2025-12-23,2025-26,ok,18,1.913
2026-07-22T18:18:59.534673,1610612762,away,,2025-12-23,2025-26,ok,18,0.719
2026-07-22T18:19:01.290161,1610612763,overall,,2025-12-23,2025-26,ok,22,1.037
2026-07-22T18:19:03.033797,1610612763,home,,2025-12-23,2025-26,ok,21,1.028
2026-07-22T18:19:04.752192,1610612763,away,,2025-12-23,2025-26,ok,22,1.002
2026-07-22T18:19:06.309601,1610612764,overall,,2025-12-23,2025-26,ok,18,0.839
2026-07-22T18:19:07.948458,1610612764,home,,2025-12-23,2025-26,ok,18,0.924
2026-07-22T18:19:09.492040,1610612764,away,,2025-12-23,2025-26,ok,18,0.829
2026-07-22T18:19:11.229720,1610612765,overall,,2025-12-23,2025-26,ok,19,1.019
2026-07-22T18:19:17.985200,1610612765,home,,2025-12-23,2025-26,ok,19,6.035
2026-07-22T18:19:19.546359,1610612765,away,,2025-12-23,2025-26,ok,19,0.839
2026-07-22T18:19:21.261283,1610612766,overall,,2025-12-23,2025-26,ok,18,0.994
2026-07-22T18:19:22.777112,1610612766,home,,2025-12-23,2025-26,ok,18,0.79
2026-07-22T18:19:24.298111,1610612766,away,,2025-12-23,2025-26,ok,18,0.779
2026-07-22T18:19:28.119334,1610612737,overall,,2025-12-30,2025-26,ok,18,3.07
2026-07-22T18:19:29.725453,1610612737,home,,2025-12-30,2025-26,ok,18,0.858
2026-07-22T18:19:31.543364,1610612737,away,,2025-12-30,2025-26,ok,18,1.101
2026-07-22T18:19:33.166843,1610612738,overall,,2025-12-30,2025-26,ok,17,0.907
2026-07-22T18:19:34.673880,1610612738,home,,2025-12-30,2025-26,ok,17,0.797
2026-07-22T18:19:36.742946,1610612738,away,,2025-12-30,2025-26,ok,17,1.351
2026-07-22T18:19:38.361721,1610612739,overall,,2025-12-30,2025-26,ok,17,0.903
2026-07-22T18:19:39.900209,1610612739,home,,2025-12-30,2025-26,ok,17,0.822
2026-07-22T18:19:41.639507,1610612739,away,,2025-12-30,2025-26,ok,17,1.022
2026-07-22T18:19:43.281289,1610612740,overall,,2025-12-30,2025-26,ok,19,0.926
2026-07-22T18:19:45.017741,1610612740,home,,2025-12-30,2025-26,ok,18,0.974
2026-07-22T18:19:46.646810,1610612740,away,,2025-12-30,2025-26,ok,19,0.912
2026-07-22T18:19:48.616430,1610612741,overall,,2025-12-30,2025-26,ok,18,1.247
2026-07-22T18:19:50.375200,1610612741,home,,2025-12-30,2025-26,ok,18,1.038
2026-07-22T18:19:52.135293,1610612741,away,,2025-12-30,2025-26,ok,18,1.04
2026-07-22T18:19:53.914049,1610612742,overall,,2025-12-30,2025-26,ok,18,1.061
2026-07-22T18:19:55.450319,1610612742,home,,2025-12-30,2025-26,ok,18,0.808
2026-07-22T18:19:57.203450,1610612742,away,,2025-12-30,2025-26,ok,18,1.027
2026-07-22T18:19:58.996200,1610612743,overall,,2025-12-30,2025-26,ok,17,1.074
2026-07-22T18:20:00.813710,1610612743,home,,2025-12-30,2025-26,ok,17,1.104
2026-07-22T18:20:02.531370,1610612743,away,,2025-12-30,2025-26,ok,17,1.004
2026-07-22T18:20:04.065886,1610612744,overall,,2025-12-30,2025-26,ok,20,0.815
2026-07-22T18:20:05.858641,1610612744,home,,2025-12-30,2025-26,ok,20,0.997
2026-07-22T18:20:07.594554,1610612744,away,,2025-12-30,2025-26,ok,20,1.02
2026-07-22T18:20:09.108022,1610612745,overall,,2025-12-30,2025-26,ok,18,0.799
2026-07-22T18:20:10.937955,1610612745,home,,2025-12-30,2025-26,ok,18,1.113
2026-07-22T18:20:12.781410,1610612745,away,,2025-12-30,2025-26,ok,18,1.128
2026-07-22T18:20:14.408415,1610612746,overall,,2025-12-30,2025-26,ok,19,0.908
2026-07-22T18:20:16.005700,1610612746,home,,2025-12-30,2025-26,ok,19,0.881
2026-07-22T18:20:17.514020,1610612746,away,,2025-12-30,2025-26,ok,18,0.788
2026-07-22T18:20:19.214969,1610612747,overall,,2025-12-30,2025-26,ok,18,0.981
2026-07-22T18:20:20.777312,1610612747,home,,2025-12-30,2025-26,ok,18,0.849
2026-07-22T18:20:22.452818,1610612747,away,,2025-12-30,2025-26,ok,18,0.958
2026-07-22T18:20:24.264297,1610612748,overall,,2025-12-30,2025-26,ok,17,1.093
2026-07-22T18:20:27.509976,1610612748,home,,2025-12-30,2025-26,ok,17,2.531
2026-07-22T18:20:29.153059,1610612748,away,,2025-12-30,2025-26,ok,17,0.927
2026-07-22T18:20:30.901668,1610612749,overall,,2025-12-30,2025-26,ok,18,1.03
2026-07-22T18:20:32.840628,1610612749,home,,2025-12-30,2025-26,ok,18,1.222
2026-07-22T18:20:34.425571,1610612749,away,,2025-12-30,2025-26,ok,18,0.872
2026-07-22T18:20:36.217324,1610612750,overall,,2025-12-30,2025-26,ok,17,1.075
2026-07-22T18:20:42.268659,1610612750,home,,2025-12-30,2025-26,ok,17,5.335
2026-07-22T18:20:44.513171,1610612750,away,,2025-12-30,2025-26,ok,17,1.526
2026-07-22T18:20:46.360105,1610612751,overall,,2025-12-30,2025-26,ok,18,1.13
2026-07-22T18:20:48.301351,1610612751,home,,2025-12-30,2025-26,ok,18,1.227
2026-07-22T18:20:50.143077,1610612751,away,,2025-12-30,2025-26,ok,18,1.128
2026-07-22T18:20:53.222505,1610612752,overall,,2025-12-30,2025-26,ok,17,2.357
2026-07-22T18:20:54.799813,1610612752,home,,2025-12-30,2025-26,ok,17,0.856
2026-07-22T18:20:56.395642,1610612752,away,,2025-12-30,2025-26,ok,17,0.878
2026-07-22T18:20:58.011603,1610612753,overall,,2025-12-30,2025-26,ok,17,0.9
2026-07-22T18:20:59.807603,1610612753,home,,2025-12-30,2025-26,ok,17,1.071
2026-07-22T18:21:01.407883,1610612753,away,,2025-12-30,2025-26,ok,17,0.888
2026-07-22T18:21:03.152332,1610612754,overall,,2025-12-30,2025-26,ok,26,1.029
2026-07-22T18:21:04.782471,1610612754,home,,2025-12-30,2025-26,ok,26,0.908
2026-07-22T18:21:06.319093,1610612754,away,,2025-12-30,2025-26,ok,26,0.811
2026-07-22T18:21:07.935677,1610612755,overall,,2025-12-30,2025-26,ok,18,0.903
2026-07-22T18:21:09.770194,1610612755,home,,2025-12-30,2025-26,ok,17,1.119
2026-07-22T18:21:11.419388,1610612755,away,,2025-12-30,2025-26,ok,18,0.932
2026-07-22T18:21:13.180900,1610612756,overall,,2025-12-30,2025-26,ok,18,1.045
2026-07-22T18:21:14.919107,1610612756,home,,2025-12-30,2025-26,ok,18,1.019
2026-07-22T18:21:16.573070,1610612756,away,,2025-12-30,2025-26,ok,18,0.935
2026-07-22T18:21:18.406783,1610612757,overall,,2025-12-30,2025-26,ok,18,1.079
2026-07-22T18:21:20.031647,1610612757,home,,2025-12-30,2025-26,ok,18,0.906
2026-07-22T18:21:21.530421,1610612757,away,,2025-12-30,2025-26,ok,18,0.777
2026-07-22T18:21:23.163545,1610612758,overall,,2025-12-30,2025-26,ok,19,0.916
2026-07-22T18:21:24.757030,1610612758,home,,2025-12-30,2025-26,ok,19,0.877
2026-07-22T18:21:26.373790,1610612758,away,,2025-12-30,2025-26,ok,19,0.902
2026-07-22T18:21:27.993470,1610612759,overall,,2025-12-30,2025-26,ok,20,0.904
2026-07-22T18:21:29.569382,1610612759,home,,2025-12-30,2025-26,ok,20,0.86
2026-07-22T18:21:31.349136,1610612759,away,,2025-12-30,2025-26,ok,20,1.063
2026-07-22T18:21:32.848256,1610612760,overall,,2025-12-30,2025-26,ok,18,0.783
2026-07-22T18:21:34.889987,1610612760,home,,2025-12-30,2025-26,ok,18,1.328
2026-07-22T18:21:36.430251,1610612760,away,,2025-12-30,2025-26,ok,18,0.825
2026-07-22T18:21:38.071052,1610612761,overall,,2025-12-30,2025-26,ok,18,0.927
2026-07-22T18:21:39.808793,1610612761,home,,2025-12-30,2025-26,ok,18,1.022
2026-07-22T18:21:45.042396,1610612761,away,,2025-12-30,2025-26,ok,17,4.522
2026-07-22T18:21:47.193910,1610612762,overall,,2025-12-30,2025-26,ok,18,1.316
2026-07-22T18:21:48.745104,1610612762,home,,2025-12-30,2025-26,ok,18,0.806
2026-07-22T18:21:50.357446,1610612762,away,,2025-12-30,2025-26,ok,18,0.896
2026-07-22T18:21:52.024998,1610612763,overall,,2025-12-30,2025-26,ok,22,0.953
2026-07-22T18:21:53.635542,1610612763,home,,2025-12-30,2025-26,ok,22,0.895
2026-07-22T18:21:55.401179,1610612763,away,,2025-12-30,2025-26,ok,22,1.051
2026-07-22T18:21:57.117761,1610612764,overall,,2025-12-30,2025-26,ok,18,1.003
2026-07-22T18:21:58.657978,1610612764,home,,2025-12-30,2025-26,ok,18,0.823
2026-07-22T18:22:00.179265,1610612764,away,,2025-12-30,2025-26,ok,18,0.805
2026-07-22T18:22:01.745153,1610612765,overall,,2025-12-30,2025-26,ok,19,0.812
2026-07-22T18:22:03.264691,1610612765,home,,2025-12-30,2025-26,ok,19,0.794
2026-07-22T18:22:04.769697,1610612765,away,,2025-12-30,2025-26,ok,19,0.781
2026-07-22T18:22:06.228492,1610612766,overall,,2025-12-30,2025-26,ok,19,0.738
2026-07-22T18:22:07.767093,1610612766,home,,2025-12-30,2025-26,ok,19,0.822
2026-07-22T18:22:09.302032,1610612766,away,,2025-12-30,2025-26,ok,19,0.818
2026-07-22T18:22:11.048916,1610612737,overall,,2026-01-06,2025-26,ok,19,1.029
2026-07-22T18:22:12.759959,1610612737,home,,2026-01-06,2025-26,ok,18,0.994
2026-07-22T18:22:14.212725,1610612737,away,,2026-01-06,2025-26,ok,19,0.737
2026-07-22T18:22:15.753945,1610612738,overall,,2026-01-06,2025-26,ok,17,0.826
2026-07-22T18:22:17.329859,1610612738,home,,2026-01-06,2025-26,ok,17,0.859
2026-07-22T18:22:19.240001,1610612738,away,,2026-01-06,2025-26,ok,17,1.186
2026-07-22T18:22:20.830136,1610612739,overall,,2026-01-06,2025-26,ok,17,0.865
2026-07-22T18:22:22.435510,1610612739,home,,2026-01-06,2025-26,ok,17,0.887
2026-07-22T18:22:24.012916,1610612739,away,,2026-01-06,2025-26,ok,17,0.86
2026-07-22T18:22:25.692579,1610612740,overall,,2026-01-06,2025-26,ok,19,0.939
2026-07-22T18:22:27.233680,1610612740,home,,2026-01-06,2025-26,ok,18,0.793
2026-07-22T18:22:29.107815,1610612740,away,,2026-01-06,2025-26,ok,19,1.157
2026-07-22T18:22:30.812265,1610612741,overall,,2026-01-06,2025-26,ok,18,0.986
2026-07-22T18:22:32.960244,1610612741,home,,2026-01-06,2025-26,ok,18,1.429
2026-07-22T18:22:34.497100,1610612741,away,,2026-01-06,2025-26,ok,18,0.823
2026-07-22T18:22:36.337212,1610612742,overall,,2026-01-06,2025-26,ok,18,1.125
2026-07-22T18:22:37.869807,1610612742,home,,2026-01-06,2025-26,ok,18,0.819
2026-07-22T18:22:39.533860,1610612742,away,,2026-01-06,2025-26,ok,18,0.951
2026-07-22T18:22:41.048841,1610612743,overall,,2026-01-06,2025-26,ok,17,0.797
2026-07-22T18:22:42.831401,1610612743,home,,2026-01-06,2025-26,ok,17,1.068
2026-07-22T18:22:44.931273,1610612743,away,,2026-01-06,2025-26,ok,17,1.386
2026-07-22T18:22:46.580475,1610612744,overall,,2026-01-06,2025-26,ok,20,0.931
2026-07-22T18:22:48.218691,1610612744,home,,2026-01-06,2025-26,ok,20,0.925
2026-07-22T18:22:49.754041,1610612744,away,,2026-01-06,2025-26,ok,20,0.817
2026-07-22T18:22:51.603900,1610612745,overall,,2026-01-06,2025-26,ok,19,1.129
2026-07-22T18:22:53.230104,1610612745,home,,2026-01-06,2025-26,ok,19,0.91
2026-07-22T18:22:54.745626,1610612745,away,,2026-01-06,2025-26,ok,19,0.794
2026-07-22T18:22:56.341866,1610612746,overall,,2026-01-06,2025-26,ok,19,0.847
2026-07-22T18:22:58.155882,1610612746,home,,2026-01-06,2025-26,ok,19,1.097
2026-07-22T18:23:00.219040,1610612746,away,,2026-01-06,2025-26,ok,18,1.198
2026-07-22T18:23:02.348012,1610612747,overall,,2026-01-06,2025-26,ok,18,1.293
2026-07-22T18:23:03.980605,1610612747,home,,2026-01-06,2025-26,ok,18,0.917
2026-07-22T18:23:05.518067,1610612747,away,,2026-01-06,2025-26,ok,18,0.823
2026-07-22T18:23:07.090003,1610612748,overall,,2026-01-06,2025-26,ok,17,0.823
2026-07-22T18:23:08.797340,1610612748,home,,2026-01-06,2025-26,ok,17,0.99
2026-07-22T18:23:10.439720,1610612748,away,,2026-01-06,2025-26,ok,17,0.926
2026-07-22T18:23:12.076421,1610612749,overall,,2026-01-06,2025-26,ok,18,0.918
2026-07-22T18:23:13.688033,1610612749,home,,2026-01-06,2025-26,ok,18,0.871
2026-07-22T18:23:15.540049,1610612749,away,,2026-01-06,2025-26,ok,18,1.134
2026-07-22T18:23:17.118999,1610612750,overall,,2026-01-06,2025-26,ok,17,0.861
2026-07-22T18:23:18.771093,1610612750,home,,2026-01-06,2025-26,ok,17,0.924
2026-07-22T18:23:20.478444,1610612750,away,,2026-01-06,2025-26,ok,17,0.989
2026-07-22T18:23:22.214243,1610612751,overall,,2026-01-06,2025-26,ok,18,1.019
2026-07-22T18:23:23.850230,1610612751,home,,2026-01-06,2025-26,ok,18,0.919
2026-07-22T18:23:25.388273,1610612751,away,,2026-01-06,2025-26,ok,18,0.821
2026-07-22T18:23:26.971009,1610612752,overall,,2026-01-06,2025-26,ok,17,0.865
2026-07-22T18:23:28.763819,1610612752,home,,2026-01-06,2025-26,ok,17,1.08
2026-07-22T18:23:30.415581,1610612752,away,,2026-01-06,2025-26,ok,17,0.935
2026-07-22T18:23:32.043430,1610612753,overall,,2026-01-06,2025-26,ok,17,0.912
2026-07-22T18:23:33.578167,1610612753,home,,2026-01-06,2025-26,ok,17,0.82
2026-07-22T18:23:35.419553,1610612753,away,,2026-01-06,2025-26,ok,17,1.122
2026-07-22T18:23:37.232405,1610612754,overall,,2026-01-06,2025-26,ok,26,1.087
2026-07-22T18:23:39.130019,1610612754,home,,2026-01-06,2025-26,ok,26,1.18
2026-07-22T18:23:41.057452,1610612754,away,,2026-01-06,2025-26,ok,26,1.21
2026-07-22T18:23:42.526542,1610612755,overall,,2026-01-06,2025-26,ok,18,0.752
2026-07-22T18:23:44.066210,1610612755,home,,2026-01-06,2025-26,ok,18,0.824
2026-07-22T18:23:45.764882,1610612755,away,,2026-01-06,2025-26,ok,18,0.98
2026-07-22T18:23:47.317564,1610612756,overall,,2026-01-06,2025-26,ok,18,0.833
2026-07-22T18:23:48.937082,1610612756,home,,2026-01-06,2025-26,ok,18,0.905
2026-07-22T18:23:50.740602,1610612756,away,,2026-01-06,2025-26,ok,18,1.059
2026-07-22T18:23:52.421452,1610612757,overall,,2026-01-06,2025-26,ok,18,0.939
2026-07-22T18:23:54.210079,1610612757,home,,2026-01-06,2025-26,ok,18,1.072
2026-07-22T18:23:55.900087,1610612757,away,,2026-01-06,2025-26,ok,18,0.978
2026-07-22T18:23:57.767691,1610612758,overall,,2026-01-06,2025-26,ok,19,1.153
2026-07-22T18:23:59.393741,1610612758,home,,2026-01-06,2025-26,ok,19,0.898
2026-07-22T18:24:00.845312,1610612758,away,,2026-01-06,2025-26,ok,19,0.737
2026-07-22T18:24:02.676151,1610612759,overall,,2026-01-06,2025-26,ok,20,1.114
2026-07-22T18:24:05.220840,1610612759,home,,2026-01-06,2025-26,ok,20,1.83
2026-07-22T18:24:06.805167,1610612759,away,,2026-01-06,2025-26,ok,20,0.871
2026-07-22T18:24:08.498335,1610612760,overall,,2026-01-06,2025-26,ok,18,0.966
2026-07-22T18:24:10.029306,1610612760,home,,2026-01-06,2025-26,ok,18,0.819
2026-07-22T18:24:11.573582,1610612760,away,,2026-01-06,2025-26,ok,18,0.828
2026-07-22T18:24:13.105003,1610612761,overall,,2026-01-06,2025-26,ok,18,0.815
2026-07-22T18:24:14.666527,1610612761,home,,2026-01-06,2025-26,ok,18,0.849
2026-07-22T18:24:18.087616,1610612761,away,,2026-01-06,2025-26,ok,17,2.7
2026-07-22T18:24:19.743514,1610612762,overall,,2026-01-06,2025-26,ok,18,0.861
2026-07-22T18:24:21.503530,1610612762,home,,2026-01-06,2025-26,ok,18,1.044
2026-07-22T18:24:23.497993,1610612762,away,,2026-01-06,2025-26,ok,18,1.26
2026-07-22T18:24:25.296894,1610612763,overall,,2026-01-06,2025-26,ok,22,1.073
2026-07-22T18:24:27.035011,1610612763,home,,2026-01-06,2025-26,ok,22,1.026
2026-07-22T18:24:28.569264,1610612763,away,,2026-01-06,2025-26,ok,22,0.823
2026-07-22T18:24:30.518988,1610612764,overall,,2026-01-06,2025-26,ok,18,1.234
2026-07-22T18:24:32.254346,1610612764,home,,2026-01-06,2025-26,ok,18,1.018
2026-07-22T18:24:34.199361,1610612764,away,,2026-01-06,2025-26,ok,18,1.232
2026-07-22T18:24:35.962538,1610612765,overall,,2026-01-06,2025-26,ok,19,1.029
2026-07-22T18:24:38.133410,1610612765,home,,2026-01-06,2025-26,ok,19,1.45
2026-07-22T18:24:39.812984,1610612765,away,,2026-01-06,2025-26,ok,19,0.964
2026-07-22T18:24:41.474173,1610612766,overall,,2026-01-06,2025-26,ok,19,0.943
2026-07-22T18:24:43.159952,1610612766,home,,2026-01-06,2025-26,ok,19,0.961
2026-07-22T18:24:44.853151,1610612766,away,,2026-01-06,2025-26,ok,19,0.974
2026-07-22T18:24:46.596200,1610612737,overall,,2026-01-13,2025-26,ok,21,1.022
2026-07-22T18:24:48.196645,1610612737,home,,2026-01-13,2025-26,ok,19,0.88
2026-07-22T18:24:49.869869,1610612737,away,,2026-01-13,2025-26,ok,21,0.956
2026-07-22T18:24:52.939867,1610612738,overall,,2026-01-13,2025-26,ok,17,2.353
2026-07-22T18:24:54.512383,1610612738,home,,2026-01-13,2025-26,ok,17,0.838
2026-07-22T18:24:56.392762,1610612738,away,,2026-01-13,2025-26,ok,17,1.165
2026-07-22T18:24:57.930050,1610612739,overall,,2026-01-13,2025-26,ok,17,0.82
2026-07-22T18:24:59.494673,1610612739,home,,2026-01-13,2025-26,ok,17,0.85
2026-07-22T18:25:01.539037,1610612739,away,,2026-01-13,2025-26,ok,17,1.329
2026-07-22T18:25:03.383126,1610612740,overall,,2026-01-13,2025-26,ok,19,1.13
2026-07-22T18:25:05.078862,1610612740,home,,2026-01-13,2025-26,ok,18,0.97
2026-07-22T18:25:06.662795,1610612740,away,,2026-01-13,2025-26,ok,19,0.868
2026-07-22T18:25:08.612324,1610612741,overall,,2026-01-13,2025-26,ok,19,1.232
2026-07-22T18:25:10.143558,1610612741,home,,2026-01-13,2025-26,ok,19,0.815
2026-07-22T18:25:11.887814,1610612741,away,,2026-01-13,2025-26,ok,19,1.026
2026-07-22T18:25:13.945914,1610612742,overall,,2026-01-13,2025-26,ok,18,1.342
2026-07-22T18:25:15.668911,1610612742,home,,2026-01-13,2025-26,ok,18,1.01
2026-07-22T18:25:17.378209,1610612742,away,,2026-01-13,2025-26,ok,18,0.992
2026-07-22T18:25:18.955846,1610612743,overall,,2026-01-13,2025-26,ok,17,0.857
2026-07-22T18:25:20.876259,1610612743,home,,2026-01-13,2025-26,ok,17,1.208
2026-07-22T18:25:22.819517,1610612743,away,,2026-01-13,2025-26,ok,17,1.231
2026-07-22T18:25:24.377927,1610612744,overall,,2026-01-13,2025-26,ok,20,0.844
2026-07-22T18:25:26.444516,1610612744,home,,2026-01-13,2025-26,ok,20,1.348
2026-07-22T18:25:28.215795,1610612744,away,,2026-01-13,2025-26,ok,20,1.053
2026-07-22T18:25:29.802130,1610612745,overall,,2026-01-13,2025-26,ok,19,0.873
2026-07-22T18:25:31.309431,1610612745,home,,2026-01-13,2025-26,ok,19,0.794
2026-07-22T18:25:35.779110,1610612745,away,,2026-01-13,2025-26,ok,19,3.748
2026-07-22T18:25:37.221032,1610612746,overall,,2026-01-13,2025-26,ok,19,0.724
2026-07-22T18:25:39.435909,1610612746,home,,2026-01-13,2025-26,ok,19,1.492
2026-07-22T18:25:41.065669,1610612746,away,,2026-01-13,2025-26,ok,19,0.907
2026-07-22T18:25:42.669569,1610612747,overall,,2026-01-13,2025-26,ok,19,0.888
2026-07-22T18:25:44.562956,1610612747,home,,2026-01-13,2025-26,ok,19,1.167
2026-07-22T18:25:46.764880,1610612747,away,,2026-01-13,2025-26,ok,18,1.486
2026-07-22T18:25:49.056705,1610612748,overall,,2026-01-13,2025-26,ok,17,1.578
2026-07-22T18:25:50.900379,1610612748,home,,2026-01-13,2025-26,ok,17,1.131
2026-07-22T18:25:52.592696,1610612748,away,,2026-01-13,2025-26,ok,17,0.976
2026-07-22T18:25:54.644476,1610612749,overall,,2026-01-13,2025-26,ok,18,1.331
2026-07-22T18:25:56.838672,1610612749,home,,2026-01-13,2025-26,ok,18,1.478
2026-07-22T18:25:58.689296,1610612749,away,,2026-01-13,2025-26,ok,18,1.132
2026-07-22T18:26:01.030424,1610612750,overall,,2026-01-13,2025-26,ok,17,1.522
2026-07-22T18:26:02.663469,1610612750,home,,2026-01-13,2025-26,ok,17,0.909
2026-07-22T18:26:04.531378,1610612750,away,,2026-01-13,2025-26,ok,17,1.151
2026-07-22T18:26:06.431690,1610612751,overall,,2026-01-13,2025-26,ok,18,1.178
2026-07-22T18:26:08.081258,1610612751,home,,2026-01-13,2025-26,ok,18,0.929
2026-07-22T18:26:09.738964,1610612751,away,,2026-01-13,2025-26,ok,18,0.945
2026-07-22T18:26:11.790302,1610612752,overall,,2026-01-13,2025-26,ok,17,1.333
2026-07-22T18:26:13.807913,1610612752,home,,2026-01-13,2025-26,ok,17,1.298
2026-07-22T18:26:15.486755,1610612752,away,,2026-01-13,2025-26,ok,17,0.96
2026-07-22T18:26:17.340472,1610612753,overall,,2026-01-13,2025-26,ok,17,1.133
2026-07-22T18:26:19.159231,1610612753,home,,2026-01-13,2025-26,ok,17,1.107
2026-07-22T18:26:20.693472,1610612753,away,,2026-01-13,2025-26,ok,17,0.819
2026-07-22T18:26:22.153296,1610612754,overall,,2026-01-13,2025-26,ok,26,0.737
2026-07-22T18:26:23.662897,1610612754,home,,2026-01-13,2025-26,ok,26,0.794
2026-07-22T18:26:25.180354,1610612754,away,,2026-01-13,2025-26,ok,26,0.799
2026-07-22T18:26:27.286856,1610612755,overall,,2026-01-13,2025-26,ok,18,1.39
2026-07-22T18:26:29.200457,1610612755,home,,2026-01-13,2025-26,ok,18,1.198
2026-07-22T18:26:31.040963,1610612755,away,,2026-01-13,2025-26,ok,18,1.127
2026-07-22T18:26:32.659240,1610612756,overall,,2026-01-13,2025-26,ok,18,0.902
2026-07-22T18:26:34.424205,1610612756,home,,2026-01-13,2025-26,ok,18,1.047
2026-07-22T18:26:35.965547,1610612756,away,,2026-01-13,2025-26,ok,18,0.831
2026-07-22T18:26:37.443262,1610612757,overall,,2026-01-13,2025-26,ok,18,0.766
2026-07-22T18:26:39.342025,1610612757,home,,2026-01-13,2025-26,ok,18,1.18
2026-07-22T18:26:40.826015,1610612757,away,,2026-01-13,2025-26,ok,18,0.767
2026-07-22T18:26:42.321622,1610612758,overall,,2026-01-13,2025-26,ok,19,0.782
2026-07-22T18:26:43.879946,1610612758,home,,2026-01-13,2025-26,ok,19,0.847
2026-07-22T18:26:45.429375,1610612758,away,,2026-01-13,2025-26,ok,19,0.827
2026-07-22T18:26:46.994705,1610612759,overall,,2026-01-13,2025-26,ok,20,0.852
2026-07-22T18:26:48.778799,1610612759,home,,2026-01-13,2025-26,ok,20,0.97
2026-07-22T18:26:50.687243,1610612759,away,,2026-01-13,2025-26,ok,20,1.19
2026-07-22T18:26:52.541948,1610612760,overall,,2026-01-13,2025-26,ok,18,1.143
2026-07-22T18:26:54.786081,1610612760,home,,2026-01-13,2025-26,ok,18,1.529
2026-07-22T18:26:56.337111,1610612760,away,,2026-01-13,2025-26,ok,18,0.839
2026-07-22T18:26:58.077612,1610612761,overall,,2026-01-13,2025-26,ok,18,1.026
2026-07-22T18:27:00.227285,1610612761,home,,2026-01-13,2025-26,ok,18,1.433
2026-07-22T18:27:01.769194,1610612761,away,,2026-01-13,2025-26,ok,17,0.827
2026-07-22T18:27:03.300041,1610612762,overall,,2026-01-13,2025-26,ok,18,0.813
2026-07-22T18:27:05.345268,1610612762,home,,2026-01-13,2025-26,ok,18,1.333
2026-07-22T18:27:07.095537,1610612762,away,,2026-01-13,2025-26,ok,18,1.031
2026-07-22T18:27:08.936747,1610612763,overall,,2026-01-13,2025-26,ok,22,1.119
2026-07-22T18:27:10.439304,1610612763,home,,2026-01-13,2025-26,ok,22,0.783
2026-07-22T18:27:12.516999,1610612763,away,,2026-01-13,2025-26,ok,22,1.364
2026-07-22T18:27:14.155613,1610612764,overall,,2026-01-13,2025-26,ok,19,0.923
2026-07-22T18:27:15.788900,1610612764,home,,2026-01-13,2025-26,ok,19,0.917
2026-07-22T18:27:17.839887,1610612764,away,,2026-01-13,2025-26,ok,19,1.335
2026-07-22T18:27:19.402954,1610612765,overall,,2026-01-13,2025-26,ok,19,0.85
2026-07-22T18:27:21.320032,1610612765,home,,2026-01-13,2025-26,ok,19,1.199
2026-07-22T18:27:22.801656,1610612765,away,,2026-01-13,2025-26,ok,19,0.767
2026-07-22T18:27:24.400502,1610612766,overall,,2026-01-13,2025-26,ok,19,0.883
2026-07-22T18:27:26.324361,1610612766,home,,2026-01-13,2025-26,ok,19,1.209
2026-07-22T18:27:27.842969,1610612766,away,,2026-01-13,2025-26,ok,19,0.802
2026-07-22T18:27:29.411560,1610612737,overall,,2026-01-20,2025-26,ok,22,0.853
2026-07-22T18:27:30.951962,1610612737,home,,2026-01-20,2025-26,ok,22,0.822
2026-07-22T18:27:32.893982,1610612737,away,,2026-01-20,2025-26,ok,21,1.226
2026-07-22T18:27:34.415106,1610612738,overall,,2026-01-20,2025-26,ok,17,0.808
2026-07-22T18:27:36.171954,1610612738,home,,2026-01-20,2025-26,ok,17,1.041
2026-07-22T18:27:37.707292,1610612738,away,,2026-01-20,2025-26,ok,17,0.821
2026-07-22T18:27:39.761328,1610612739,overall,,2026-01-20,2025-26,ok,17,1.336
2026-07-22T18:27:41.595039,1610612739,home,,2026-01-20,2025-26,ok,17,1.117
2026-07-22T18:27:43.539047,1610612739,away,,2026-01-20,2025-26,ok,17,1.232
2026-07-22T18:27:45.795259,1610612740,overall,,2026-01-20,2025-26,ok,19,1.543
2026-07-22T18:27:47.314582,1610612740,home,,2026-01-20,2025-26,ok,18,0.803
2026-07-22T18:27:48.815784,1610612740,away,,2026-01-20,2025-26,ok,19,0.785
2026-07-22T18:27:50.404922,1610612741,overall,,2026-01-20,2025-26,ok,19,0.875
2026-07-22T18:27:52.555695,1610612741,home,,2026-01-20,2025-26,ok,19,1.435
2026-07-22T18:27:53.997133,1610612741,away,,2026-01-20,2025-26,ok,19,0.727
2026-07-22T18:27:55.528856,1610612742,overall,,2026-01-20,2025-26,ok,19,0.811
2026-07-22T18:27:57.262055,1610612742,home,,2026-01-20,2025-26,ok,19,1.017
2026-07-22T18:27:59.007430,1610612742,away,,2026-01-20,2025-26,ok,19,1.03
2026-07-22T18:28:05.049647,1610612743,overall,,2026-01-20,2025-26,ok,17,5.325
2026-07-22T18:28:07.915265,1610612743,home,,2026-01-20,2025-26,ok,17,2.149
2026-07-22T18:28:09.654007,1610612743,away,,2026-01-20,2025-26,ok,17,1.026
2026-07-22T18:28:11.189610,1610612744,overall,,2026-01-20,2025-26,ok,20,0.823
2026-07-22T18:28:13.446482,1610612744,home,,2026-01-20,2025-26,ok,20,1.536
2026-07-22T18:28:15.521728,1610612744,away,,2026-01-20,2025-26,ok,20,1.36
2026-07-22T18:28:16.998573,1610612745,overall,,2026-01-20,2025-26,ok,19,0.757
2026-07-22T18:28:18.879532,1610612745,home,,2026-01-20,2025-26,ok,19,1.078
2026-07-22T18:28:20.408963,1610612745,away,,2026-01-20,2025-26,ok,19,0.81
2026-07-22T18:28:22.148701,1610612746,overall,,2026-01-20,2025-26,ok,20,1.022
2026-07-22T18:28:23.675656,1610612746,home,,2026-01-20,2025-26,ok,19,0.814
2026-07-22T18:28:25.216546,1610612746,away,,2026-01-20,2025-26,ok,20,0.826
2026-07-22T18:28:27.268627,1610612747,overall,,2026-01-20,2025-26,ok,19,1.335
2026-07-22T18:28:29.110825,1610612747,home,,2026-01-20,2025-26,ok,19,1.129
2026-07-22T18:28:30.956002,1610612747,away,,2026-01-20,2025-26,ok,19,1.132
2026-07-22T18:28:33.002896,1610612748,overall,,2026-01-20,2025-26,ok,17,1.331
2026-07-22T18:28:34.543775,1610612748,home,,2026-01-20,2025-26,ok,17,0.822
2026-07-22T18:28:36.071390,1610612748,away,,2026-01-20,2025-26,ok,17,0.815
2026-07-22T18:28:40.887075,1610612749,overall,,2026-01-20,2025-26,ok,18,4.101
2026-07-22T18:28:42.774118,1610612749,home,,2026-01-20,2025-26,ok,18,1.174
2026-07-22T18:28:44.368526,1610612749,away,,2026-01-20,2025-26,ok,18,0.88
2026-07-22T18:28:46.213090,1610612750,overall,,2026-01-20,2025-26,ok,17,1.127
2026-07-22T18:28:47.851851,1610612750,home,,2026-01-20,2025-26,ok,17,0.921
2026-07-22T18:28:49.589644,1610612750,away,,2026-01-20,2025-26,ok,17,1.026
2026-07-22T18:28:51.124758,1610612751,overall,,2026-01-20,2025-26,ok,18,0.821
2026-07-22T18:28:52.663667,1610612751,home,,2026-01-20,2025-26,ok,18,0.824
2026-07-22T18:28:56.327381,1610612751,away,,2026-01-20,2025-26,ok,18,2.945
2026-07-22T18:28:57.812653,1610612752,overall,,2026-01-20,2025-26,ok,17,0.77
2026-07-22T18:28:59.531663,1610612752,home,,2026-01-20,2025-26,ok,17,0.995
2026-07-22T18:29:01.779038,1610612752,away,,2026-01-20,2025-26,ok,17,1.531
2026-07-22T18:29:03.932213,1610612753,overall,,2026-01-20,2025-26,ok,17,1.437
2026-07-22T18:29:05.427255,1610612753,home,,2026-01-20,2025-26,ok,17,0.779
2026-07-22T18:29:07.102384,1610612753,away,,2026-01-20,2025-26,ok,17,0.963
2026-07-22T18:29:08.764359,1610612754,overall,,2026-01-20,2025-26,ok,26,0.946
2026-07-22T18:29:10.387152,1610612754,home,,2026-01-20,2025-26,ok,26,0.902
2026-07-22T18:29:12.127795,1610612754,away,,2026-01-20,2025-26,ok,26,1.019
2026-07-22T18:29:13.757100,1610612755,overall,,2026-01-20,2025-26,ok,18,0.913
2026-07-22T18:29:15.598560,1610612755,home,,2026-01-20,2025-26,ok,18,1.125
2026-07-22T18:29:17.111655,1610612755,away,,2026-01-20,2025-26,ok,18,0.799
2026-07-22T18:29:19.008516,1610612756,overall,,2026-01-20,2025-26,ok,18,1.179
2026-07-22T18:29:20.727110,1610612756,home,,2026-01-20,2025-26,ok,18,0.997
2026-07-22T18:29:22.464959,1610612756,away,,2026-01-20,2025-26,ok,18,1.015
2026-07-22T18:29:24.205348,1610612757,overall,,2026-01-20,2025-26,ok,18,1.023
2026-07-22T18:29:25.997115,1610612757,home,,2026-01-20,2025-26,ok,18,1.079
2026-07-22T18:29:27.597742,1610612757,away,,2026-01-20,2025-26,ok,18,0.888
2026-07-22T18:29:29.268880,1610612758,overall,,2026-01-20,2025-26,ok,19,0.958
2026-07-22T18:29:31.423908,1610612758,home,,2026-01-20,2025-26,ok,19,1.436
2026-07-22T18:29:32.955574,1610612758,away,,2026-01-20,2025-26,ok,19,0.815
2026-07-22T18:29:34.836361,1610612759,overall,,2026-01-20,2025-26,ok,20,1.165
2026-07-22T18:29:36.543159,1610612759,home,,2026-01-20,2025-26,ok,20,0.988
2026-07-22T18:29:38.257808,1610612759,away,,2026-01-20,2025-26,ok,20,0.998
2026-07-22T18:29:40.302368,1610612760,overall,,2026-01-20,2025-26,ok,18,1.237
2026-07-22T18:29:42.069085,1610612760,home,,2026-01-20,2025-26,ok,18,1.056
2026-07-22T18:29:43.933336,1610612760,away,,2026-01-20,2025-26,ok,18,1.133
2026-07-22T18:29:45.756566,1610612761,overall,,2026-01-20,2025-26,ok,18,1.111
2026-07-22T18:29:47.295293,1610612761,home,,2026-01-20,2025-26,ok,18,0.82
2026-07-22T18:29:49.031370,1610612761,away,,2026-01-20,2025-26,ok,17,1.026
2026-07-22T18:29:50.554772,1610612762,overall,,2026-01-20,2025-26,ok,18,0.808
2026-07-22T18:29:52.412815,1610612762,home,,2026-01-20,2025-26,ok,18,1.143
2026-07-22T18:29:54.053546,1610612762,away,,2026-01-20,2025-26,ok,18,0.925
2026-07-22T18:29:56.159468,1610612763,overall,,2026-01-20,2025-26,ok,22,1.388
2026-07-22T18:29:57.693163,1610612763,home,,2026-01-20,2025-26,ok,22,0.818
2026-07-22T18:29:59.275148,1610612763,away,,2026-01-20,2025-26,ok,22,0.868
2026-07-22T18:30:01.523675,1610612764,overall,,2026-01-20,2025-26,ok,19,1.537
2026-07-22T18:30:03.063496,1610612764,home,,2026-01-20,2025-26,ok,19,0.826
2026-07-22T18:30:04.703689,1610612764,away,,2026-01-20,2025-26,ok,19,0.929
2026-07-22T18:30:06.443587,1610612765,overall,,2026-01-20,2025-26,ok,19,1.024
2026-07-22T18:30:07.941692,1610612765,home,,2026-01-20,2025-26,ok,19,0.785
2026-07-22T18:30:09.515724,1610612765,away,,2026-01-20,2025-26,ok,19,0.86
2026-07-22T18:30:12.077957,1610612766,overall,,2026-01-20,2025-26,ok,19,1.845
2026-07-22T18:30:17.908051,1610612766,home,,2026-01-20,2025-26,ok,19,5.117
2026-07-22T18:30:19.444334,1610612766,away,,2026-01-20,2025-26,ok,19,0.823
2026-07-22T18:30:21.512473,1610612737,overall,,2026-01-27,2025-26,ok,22,1.356
2026-07-22T18:30:23.545706,1610612737,home,,2026-01-27,2025-26,ok,22,1.315
2026-07-22T18:30:25.045257,1610612737,away,,2026-01-27,2025-26,ok,22,0.783
2026-07-22T18:30:26.616226,1610612738,overall,,2026-01-27,2025-26,ok,17,0.855
2026-07-22T18:30:28.110459,1610612738,home,,2026-01-27,2025-26,ok,17,0.781
2026-07-22T18:30:30.198780,1610612738,away,,2026-01-27,2025-26,ok,17,1.371
2026-07-22T18:30:31.732906,1610612739,overall,,2026-01-27,2025-26,ok,17,0.82
2026-07-22T18:30:33.371658,1610612739,home,,2026-01-27,2025-26,ok,17,0.926
2026-07-22T18:30:37.576046,1610612739,away,,2026-01-27,2025-26,ok,17,3.491
2026-07-22T18:30:39.517383,1610612740,overall,,2026-01-27,2025-26,ok,19,1.227
2026-07-22T18:30:41.360246,1610612740,home,,2026-01-27,2025-26,ok,18,1.127
2026-07-22T18:30:42.998890,1610612740,away,,2026-01-27,2025-26,ok,19,0.921
2026-07-22T18:30:44.638302,1610612741,overall,,2026-01-27,2025-26,ok,19,0.924
2026-07-22T18:30:46.479428,1610612741,home,,2026-01-27,2025-26,ok,19,1.128
2026-07-22T18:30:48.322675,1610612741,away,,2026-01-27,2025-26,ok,19,1.13
2026-07-22T18:30:50.269176,1610612742,overall,,2026-01-27,2025-26,ok,19,1.231
2026-07-22T18:30:52.117770,1610612742,home,,2026-01-27,2025-26,ok,19,1.128
2026-07-22T18:30:53.955625,1610612742,away,,2026-01-27,2025-26,ok,19,1.12
2026-07-22T18:30:55.902792,1610612743,overall,,2026-01-27,2025-26,ok,17,1.232
2026-07-22T18:30:57.438245,1610612743,home,,2026-01-27,2025-26,ok,17,0.819
2026-07-22T18:30:58.976261,1610612743,away,,2026-01-27,2025-26,ok,17,0.824
2026-07-22T18:31:00.611593,1610612744,overall,,2026-01-27,2025-26,ok,20,0.921
2026-07-22T18:31:02.274816,1610612744,home,,2026-01-27,2025-26,ok,20,0.946
2026-07-22T18:31:03.995350,1610612744,away,,2026-01-27,2025-26,ok,20,1.007
2026-07-22T18:31:05.629338,1610612745,overall,,2026-01-27,2025-26,ok,19,0.922
2026-07-22T18:31:07.684929,1610612745,home,,2026-01-27,2025-26,ok,19,1.343
2026-07-22T18:31:09.318511,1610612745,away,,2026-01-27,2025-26,ok,19,0.919
2026-07-22T18:31:10.879594,1610612746,overall,,2026-01-27,2025-26,ok,20,0.843
2026-07-22T18:31:12.487569,1610612746,home,,2026-01-27,2025-26,ok,20,0.893
2026-07-22T18:31:14.332540,1610612746,away,,2026-01-27,2025-26,ok,20,1.133
2026-07-22T18:31:16.270996,1610612747,overall,,2026-01-27,2025-26,ok,19,1.223
2026-07-22T18:31:17.813901,1610612747,home,,2026-01-27,2025-26,ok,19,0.831
2026-07-22T18:31:19.695056,1610612747,away,,2026-01-27,2025-26,ok,19,1.164
2026-07-22T18:31:21.706591,1610612748,overall,,2026-01-27,2025-26,ok,17,1.296
2026-07-22T18:31:23.243106,1610612748,home,,2026-01-27,2025-26,ok,17,0.82
2026-07-22T18:31:25.085237,1610612748,away,,2026-01-27,2025-26,ok,17,1.126
2026-07-22T18:31:26.929420,1610612749,overall,,2026-01-27,2025-26,ok,18,1.129
2026-07-22T18:31:28.463878,1610612749,home,,2026-01-27,2025-26,ok,18,0.823
2026-07-22T18:31:30.720854,1610612749,away,,2026-01-27,2025-26,ok,18,1.544
2026-07-22T18:31:32.353026,1610612750,overall,,2026-01-27,2025-26,ok,17,0.915
2026-07-22T18:31:33.994318,1610612750,home,,2026-01-27,2025-26,ok,17,0.927
2026-07-22T18:31:35.532126,1610612750,away,,2026-01-27,2025-26,ok,17,0.825
2026-07-22T18:31:37.225022,1610612751,overall,,2026-01-27,2025-26,ok,18,0.979
2026-07-22T18:31:38.762333,1610612751,home,,2026-01-27,2025-26,ok,18,0.822
2026-07-22T18:31:40.339871,1610612751,away,,2026-01-27,2025-26,ok,18,0.863
2026-07-22T18:31:42.289418,1610612752,overall,,2026-01-27,2025-26,ok,18,1.232
2026-07-22T18:31:44.029837,1610612752,home,,2026-01-27,2025-26,ok,18,1.026
2026-07-22T18:31:48.613961,1610612752,away,,2026-01-27,2025-26,ok,18,3.872
2026-07-22T18:31:50.213670,1610612753,overall,,2026-01-27,2025-26,ok,17,0.884
2026-07-22T18:31:51.970691,1610612753,home,,2026-01-27,2025-26,ok,17,1.034
2026-07-22T18:32:07.377825,1610612753,away,,2026-01-27,2025-26,ok,17,14.694
2026-07-22T18:32:08.914700,1610612754,overall,,2026-01-27,2025-26,ok,26,0.82
2026-07-22T18:32:10.551306,1610612754,home,,2026-01-27,2025-26,ok,26,0.922
2026-07-22T18:32:12.606903,1610612754,away,,2026-01-27,2025-26,ok,26,1.33
2026-07-22T18:32:14.294265,1610612755,overall,,2026-01-27,2025-26,ok,19,0.967
2026-07-22T18:32:15.951273,1610612755,home,,2026-01-27,2025-26,ok,19,0.942
2026-07-22T18:32:17.437641,1610612755,away,,2026-01-27,2025-26,ok,19,0.752
2026-07-22T18:32:19.040252,1610612756,overall,,2026-01-27,2025-26,ok,18,0.883
2026-07-22T18:32:20.588526,1610612756,home,,2026-01-27,2025-26,ok,18,0.827
2026-07-22T18:32:22.121095,1610612756,away,,2026-01-27,2025-26,ok,18,0.818
2026-07-22T18:32:23.780099,1610612757,overall,,2026-01-27,2025-26,ok,18,0.944
2026-07-22T18:32:26.121878,1610612757,home,,2026-01-27,2025-26,ok,18,1.62
2026-07-22T18:32:27.807173,1610612757,away,,2026-01-27,2025-26,ok,18,0.969
2026-07-22T18:32:29.599625,1610612758,overall,,2026-01-27,2025-26,ok,19,1.07
2026-07-22T18:32:31.438251,1610612758,home,,2026-01-27,2025-26,ok,19,1.118
2026-07-22T18:32:33.587977,1610612758,away,,2026-01-27,2025-26,ok,19,1.436
2026-07-22T18:32:35.229340,1610612759,overall,,2026-01-27,2025-26,ok,20,0.923
2026-07-22T18:32:36.858589,1610612759,home,,2026-01-27,2025-26,ok,20,0.907
2026-07-22T18:32:38.715844,1610612759,away,,2026-01-27,2025-26,ok,20,1.136
2026-07-22T18:32:40.326335,1610612760,overall,,2026-01-27,2025-26,ok,18,0.895
2026-07-22T18:32:42.089992,1610612760,home,,2026-01-27,2025-26,ok,18,1.046
2026-07-22T18:32:43.628440,1610612760,away,,2026-01-27,2025-26,ok,18,0.824
2026-07-22T18:32:45.364042,1610612761,overall,,2026-01-27,2025-26,ok,18,1.015
2026-07-22T18:32:47.616068,1610612761,home,,2026-01-27,2025-26,ok,18,1.539
2026-07-22T18:32:49.167604,1610612761,away,,2026-01-27,2025-26,ok,17,0.831
2026-07-22T18:32:50.796662,1610612762,overall,,2026-01-27,2025-26,ok,18,0.907
2026-07-22T18:32:52.332711,1610612762,home,,2026-01-27,2025-26,ok,18,0.817
2026-07-22T18:32:53.953668,1610612762,away,,2026-01-27,2025-26,ok,18,0.903
2026-07-22T18:32:55.501916,1610612763,overall,,2026-01-27,2025-26,ok,22,0.825
2026-07-22T18:32:57.671490,1610612763,home,,2026-01-27,2025-26,ok,22,1.446
2026-07-22T18:32:59.704884,1610612763,away,,2026-01-27,2025-26,ok,22,1.317
2026-07-22T18:33:01.346231,1610612764,overall,,2026-01-27,2025-26,ok,20,0.924
2026-07-22T18:33:03.069982,1610612764,home,,2026-01-27,2025-26,ok,20,1.002
2026-07-22T18:33:04.826059,1610612764,away,,2026-01-27,2025-26,ok,19,1.042
2026-07-22T18:33:06.437435,1610612765,overall,,2026-01-27,2025-26,ok,19,0.894
2026-07-22T18:33:08.200448,1610612765,home,,2026-01-27,2025-26,ok,19,1.044
2026-07-22T18:33:09.736408,1610612765,away,,2026-01-27,2025-26,ok,19,0.817
2026-07-22T18:33:11.426700,1610612766,overall,,2026-01-27,2025-26,ok,19,0.973
2026-07-22T18:33:13.119780,1610612766,home,,2026-01-27,2025-26,ok,19,0.973
2026-07-22T18:33:14.757554,1610612766,away,,2026-01-27,2025-26,ok,19,0.917
2026-07-22T18:33:16.983538,1610612737,overall,,2026-02-03,2025-26,ok,23,1.509
2026-07-22T18:33:18.648622,1610612737,home,,2026-02-03,2025-26,ok,22,0.941
2026-07-22T18:33:20.188157,1610612737,away,,2026-02-03,2025-26,ok,23,0.82
2026-07-22T18:33:21.820452,1610612738,overall,,2026-02-03,2025-26,ok,17,0.913
2026-07-22T18:33:23.273427,1610612738,home,,2026-02-03,2025-26,ok,17,0.74
2026-07-22T18:33:24.780501,1610612738,away,,2026-02-03,2025-26,ok,17,0.795
2026-07-22T18:33:26.305009,1610612739,overall,,2026-02-03,2025-26,ok,21,0.805
2026-07-22T18:33:27.811523,1610612739,home,,2026-02-03,2025-26,ok,18,0.786
2026-07-22T18:33:29.403056,1610612739,away,,2026-02-03,2025-26,ok,21,0.868
2026-07-22T18:33:31.034660,1610612740,overall,,2026-02-03,2025-26,ok,19,0.915
2026-07-22T18:33:32.574576,1610612740,home,,2026-02-03,2025-26,ok,18,0.819
2026-07-22T18:33:34.211064,1610612740,away,,2026-02-03,2025-26,ok,19,0.922
2026-07-22T18:33:35.953418,1610612741,overall,,2026-02-03,2025-26,ok,20,1.026
2026-07-22T18:33:37.795054,1610612741,home,,2026-02-03,2025-26,ok,19,1.128
2026-07-22T18:33:39.435815,1610612741,away,,2026-02-03,2025-26,ok,20,0.922
2026-07-22T18:33:41.075795,1610612742,overall,,2026-02-03,2025-26,ok,19,0.916
2026-07-22T18:33:42.914160,1610612742,home,,2026-02-03,2025-26,ok,19,1.118
2026-07-22T18:33:44.556606,1610612742,away,,2026-02-03,2025-26,ok,19,0.924
2026-07-22T18:33:46.193027,1610612743,overall,,2026-02-03,2025-26,ok,17,0.919
2026-07-22T18:33:47.731252,1610612743,home,,2026-02-03,2025-26,ok,17,0.824
2026-07-22T18:33:52.008934,1610612743,away,,2026-02-03,2025-26,ok,17,3.559
2026-07-22T18:33:53.668945,1610612744,overall,,2026-02-03,2025-26,ok,20,0.937
2026-07-22T18:33:55.534587,1610612744,home,,2026-02-03,2025-26,ok,20,1.143
2026-07-22T18:33:57.203002,1610612744,away,,2026-02-03,2025-26,ok,20,0.948
2026-07-22T18:33:58.888359,1610612745,overall,,2026-02-03,2025-26,ok,19,0.968
2026-07-22T18:34:00.719704,1610612745,home,,2026-02-03,2025-26,ok,19,1.115
2026-07-22T18:34:02.282344,1610612745,away,,2026-02-03,2025-26,ok,19,0.851
2026-07-22T18:34:03.857513,1610612746,overall,,2026-02-03,2025-26,ok,20,0.855
2026-07-22T18:34:05.690195,1610612746,home,,2026-02-03,2025-26,ok,20,1.114
2026-07-22T18:34:07.303701,1610612746,away,,2026-02-03,2025-26,ok,20,0.895
2026-07-22T18:34:09.135866,1610612747,overall,,2026-02-03,2025-26,ok,19,1.108
2026-07-22T18:34:10.865689,1610612747,home,,2026-02-03,2025-26,ok,19,1.011
2026-07-22T18:34:12.635153,1610612747,away,,2026-02-03,2025-26,ok,19,1.049
2026-07-22T18:34:14.254275,1610612748,overall,,2026-02-03,2025-26,ok,17,0.897
2026-07-22T18:34:17.381644,1610612748,home,,2026-02-03,2025-26,ok,17,2.31
2026-07-22T18:34:19.163783,1610612748,away,,2026-02-03,2025-26,ok,17,1.06
2026-07-22T18:34:20.802300,1610612749,overall,,2026-02-03,2025-26,ok,18,0.918
2026-07-22T18:34:22.341560,1610612749,home,,2026-02-03,2025-26,ok,18,0.817
2026-07-22T18:34:23.875408,1610612749,away,,2026-02-03,2025-26,ok,18,0.812
2026-07-22T18:34:25.855897,1610612750,overall,,2026-02-03,2025-26,ok,17,1.271
2026-07-22T18:34:27.289725,1610612750,home,,2026-02-03,2025-26,ok,17,0.714
2026-07-22T18:34:28.738377,1610612750,away,,2026-02-03,2025-26,ok,17,0.731
2026-07-22T18:34:30.330875,1610612751,overall,,2026-02-03,2025-26,ok,18,0.875
2026-07-22T18:34:31.765085,1610612751,home,,2026-02-03,2025-26,ok,18,0.723
2026-07-22T18:34:33.244523,1610612751,away,,2026-02-03,2025-26,ok,18,0.757
2026-07-22T18:34:34.836118,1610612752,overall,,2026-02-03,2025-26,ok,18,0.868
2026-07-22T18:34:39.213008,1610612752,home,,2026-02-03,2025-26,ok,18,3.656
2026-07-22T18:34:40.943887,1610612752,away,,2026-02-03,2025-26,ok,18,1.015
2026-07-22T18:34:42.513658,1610612753,overall,,2026-02-03,2025-26,ok,17,0.848
2026-07-22T18:34:44.046319,1610612753,home,,2026-02-03,2025-26,ok,17,0.812
2026-07-22T18:34:45.996244,1610612753,away,,2026-02-03,2025-26,ok,17,1.23
2026-07-22T18:34:47.940944,1610612754,overall,,2026-02-03,2025-26,ok,26,1.23
2026-07-22T18:34:49.593959,1610612754,home,,2026-02-03,2025-26,ok,26,0.93
2026-07-22T18:34:51.219721,1610612754,away,,2026-02-03,2025-26,ok,26,0.908
2026-07-22T18:34:52.853331,1610612755,overall,,2026-02-03,2025-26,ok,19,0.915
2026-07-22T18:34:54.363154,1610612755,home,,2026-02-03,2025-26,ok,19,0.792
2026-07-22T18:34:55.928437,1610612755,away,,2026-02-03,2025-26,ok,19,0.843
2026-07-22T18:34:57.671098,1610612756,overall,,2026-02-03,2025-26,ok,18,1.025
2026-07-22T18:34:59.306460,1610612756,home,,2026-02-03,2025-26,ok,18,0.913
2026-07-22T18:35:01.254673,1610612756,away,,2026-02-03,2025-26,ok,18,1.227
2026-07-22T18:35:02.891195,1610612757,overall,,2026-02-03,2025-26,ok,19,0.919
2026-07-22T18:35:04.628755,1610612757,home,,2026-02-03,2025-26,ok,19,1.016
2026-07-22T18:35:06.375638,1610612757,away,,2026-02-03,2025-26,ok,18,1.027
2026-07-22T18:35:08.489842,1610612758,overall,,2026-02-03,2025-26,ok,20,1.391
2026-07-22T18:35:10.057392,1610612758,home,,2026-02-03,2025-26,ok,19,0.844
2026-07-22T18:35:11.704341,1610612758,away,,2026-02-03,2025-26,ok,20,0.925
2026-07-22T18:35:13.212836,1610612759,overall,,2026-02-03,2025-26,ok,20,0.79
2026-07-22T18:35:14.967985,1610612759,home,,2026-02-03,2025-26,ok,20,0.97
2026-07-22T18:35:16.534820,1610612759,away,,2026-02-03,2025-26,ok,20,0.837
2026-07-22T18:35:18.044504,1610612760,overall,,2026-02-03,2025-26,ok,18,0.795
2026-07-22T18:35:19.579752,1610612760,home,,2026-02-03,2025-26,ok,18,0.818
2026-07-22T18:35:21.191474,1610612760,away,,2026-02-03,2025-26,ok,18,0.897
2026-07-22T18:35:22.755741,1610612761,overall,,2026-02-03,2025-26,ok,18,0.842
2026-07-22T18:35:24.360996,1610612761,home,,2026-02-03,2025-26,ok,18,0.887
2026-07-22T18:35:25.929533,1610612761,away,,2026-02-03,2025-26,ok,17,0.848
2026-07-22T18:35:27.921217,1610612762,overall,,2026-02-03,2025-26,ok,18,1.273
2026-07-22T18:35:29.419779,1610612762,home,,2026-02-03,2025-26,ok,18,0.783
2026-07-22T18:35:32.073885,1610612762,away,,2026-02-03,2025-26,ok,18,1.934
2026-07-22T18:35:33.615802,1610612763,overall,,2026-02-03,2025-26,ok,22,0.827
2026-07-22T18:35:35.151602,1610612763,home,,2026-02-03,2025-26,ok,22,0.82
2026-07-22T18:35:36.698971,1610612763,away,,2026-02-03,2025-26,ok,22,0.824
2026-07-22T18:35:38.215258,1610612764,overall,,2026-02-03,2025-26,ok,20,0.796
2026-07-22T18:35:39.957231,1610612764,home,,2026-02-03,2025-26,ok,20,1.017
2026-07-22T18:35:41.597993,1610612764,away,,2026-02-03,2025-26,ok,19,0.916
2026-07-22T18:35:43.239586,1610612765,overall,,2026-02-03,2025-26,ok,19,0.918
2026-07-22T18:35:45.084356,1610612765,home,,2026-02-03,2025-26,ok,19,1.122
2026-07-22T18:35:46.712911,1610612765,away,,2026-02-03,2025-26,ok,19,0.909
2026-07-22T18:35:48.254474,1610612766,overall,,2026-02-03,2025-26,ok,19,0.819
2026-07-22T18:35:49.701578,1610612766,home,,2026-02-03,2025-26,ok,19,0.733
2026-07-22T18:35:51.324729,1610612766,away,,2026-02-03,2025-26,ok,19,0.902
2026-07-22T18:35:52.894656,1610612737,overall,,2026-02-10,2025-26,ok,27,0.854
2026-07-22T18:35:54.505023,1610612737,home,,2026-02-10,2025-26,ok,26,0.886
2026-07-22T18:35:56.035560,1610612737,away,,2026-02-10,2025-26,ok,27,0.812
2026-07-22T18:35:58.288352,1610612738,overall,,2026-02-10,2025-26,ok,19,1.532
2026-07-22T18:36:00.291930,1610612738,home,,2026-02-10,2025-26,ok,19,1.284
2026-07-22T18:36:01.854502,1610612738,away,,2026-02-10,2025-26,ok,17,0.841
2026-07-22T18:36:03.613787,1610612739,overall,,2026-02-10,2025-26,ok,22,0.925
2026-07-22T18:36:05.358249,1610612739,home,,2026-02-10,2025-26,ok,18,1.023
2026-07-22T18:36:06.894805,1610612739,away,,2026-02-10,2025-26,ok,22,0.814
2026-07-22T18:36:08.529018,1610612740,overall,,2026-02-10,2025-26,ok,19,0.912
2026-07-22T18:36:10.272865,1610612740,home,,2026-02-10,2025-26,ok,18,1.026
2026-07-22T18:36:11.800639,1610612740,away,,2026-02-10,2025-26,ok,19,0.801
2026-07-22T18:36:13.362366,1610612741,overall,,2026-02-10,2025-26,ok,29,0.839
2026-07-22T18:36:14.879882,1610612741,home,,2026-02-10,2025-26,ok,27,0.8
2026-07-22T18:36:16.418556,1610612741,away,,2026-02-10,2025-26,ok,29,0.822
2026-07-22T18:36:17.972879,1610612742,overall,,2026-02-10,2025-26,ok,23,0.836
2026-07-22T18:36:19.487752,1610612742,home,,2026-02-10,2025-26,ok,19,0.794
2026-07-22T18:36:22.154357,1610612742,away,,2026-02-10,2025-26,ok,23,1.95
2026-07-22T18:36:23.990748,1610612743,overall,,2026-02-10,2025-26,ok,17,1.119
2026-07-22T18:36:25.633641,1610612743,home,,2026-02-10,2025-26,ok,17,0.931
2026-07-22T18:36:27.113407,1610612743,away,,2026-02-10,2025-26,ok,17,0.764
2026-07-22T18:36:28.715618,1610612744,overall,,2026-02-10,2025-26,ok,21,0.884
2026-07-22T18:36:30.341371,1610612744,home,,2026-02-10,2025-26,ok,21,0.91
2026-07-22T18:36:31.847666,1610612744,away,,2026-02-10,2025-26,ok,21,0.793
2026-07-22T18:36:33.416383,1610612745,overall,,2026-02-10,2025-26,ok,19,0.852
2026-07-22T18:36:35.089203,1610612745,home,,2026-02-10,2025-26,ok,19,0.952
2026-07-22T18:36:36.604761,1610612745,away,,2026-02-10,2025-26,ok,19,0.798
2026-07-22T18:36:38.434513,1610612746,overall,,2026-02-10,2025-26,ok,24,1.11
2026-07-22T18:36:40.070054,1610612746,home,,2026-02-10,2025-26,ok,21,0.919
2026-07-22T18:36:43.855967,1610612746,away,,2026-02-10,2025-26,ok,24,3.07
2026-07-22T18:36:46.217089,1610612747,overall,,2026-02-10,2025-26,ok,20,1.637
2026-07-22T18:36:49.383262,1610612747,home,,2026-02-10,2025-26,ok,20,2.448
2026-07-22T18:36:51.026129,1610612747,away,,2026-02-10,2025-26,ok,19,0.926
2026-07-22T18:36:53.072275,1610612748,overall,,2026-02-10,2025-26,ok,17,1.331
2026-07-22T18:36:54.804581,1610612748,home,,2026-02-10,2025-26,ok,17,0.942
2026-07-22T18:36:56.757093,1610612748,away,,2026-02-10,2025-26,ok,17,1.242
2026-07-22T18:36:58.734133,1610612749,overall,,2026-02-10,2025-26,ok,20,1.26
2026-07-22T18:37:00.393218,1610612749,home,,2026-02-10,2025-26,ok,19,0.939
2026-07-22T18:37:01.898222,1610612749,away,,2026-02-10,2025-26,ok,20,0.79
2026-07-22T18:37:03.414294,1610612750,overall,,2026-02-10,2025-26,ok,19,0.802
2026-07-22T18:37:05.056523,1610612750,home,,2026-02-10,2025-26,ok,19,0.926
2026-07-22T18:37:06.592166,1610612750,away,,2026-02-10,2025-26,ok,17,0.814
2026-07-22T18:37:08.228671,1610612751,overall,,2026-02-10,2025-26,ok,20,0.918
2026-07-22T18:37:09.770865,1610612751,home,,2026-02-10,2025-26,ok,20,0.815
2026-07-22T18:37:11.399019,1610612751,away,,2026-02-10,2025-26,ok,19,0.912
2026-07-22T18:37:13.038689,1610612752,overall,,2026-02-10,2025-26,ok,19,0.92
2026-07-22T18:37:14.577444,1610612752,home,,2026-02-10,2025-26,ok,19,0.824
2026-07-22T18:37:16.208143,1610612752,away,,2026-02-10,2025-26,ok,19,0.913
2026-07-22T18:37:17.758679,1610612753,overall,,2026-02-10,2025-26,ok,18,0.834
2026-07-22T18:37:19.285805,1610612753,home,,2026-02-10,2025-26,ok,18,0.808
2026-07-22T18:37:20.784910,1610612753,away,,2026-02-10,2025-26,ok,17,0.786
2026-07-22T18:37:22.368128,1610612754,overall,,2026-02-10,2025-26,ok,28,0.857
2026-07-22T18:37:23.898778,1610612754,home,,2026-02-10,2025-26,ok,26,0.805
2026-07-22T18:37:26.254730,1610612754,away,,2026-02-10,2025-26,ok,28,1.633
2026-07-22T18:37:27.800178,1610612755,overall,,2026-02-10,2025-26,ok,20,0.81
2026-07-22T18:37:29.377624,1610612755,home,,2026-02-10,2025-26,ok,19,0.85
2026-07-22T18:37:30.858626,1610612755,away,,2026-02-10,2025-26,ok,20,0.759
2026-07-22T18:37:32.396529,1610612756,overall,,2026-02-10,2025-26,ok,20,0.821
2026-07-22T18:37:33.939676,1610612756,home,,2026-02-10,2025-26,ok,20,0.822
2026-07-22T18:37:35.406954,1610612756,away,,2026-02-10,2025-26,ok,18,0.755
2026-07-22T18:37:37.001984,1610612757,overall,,2026-02-10,2025-26,ok,19,0.879
2026-07-22T18:37:38.541266,1610612757,home,,2026-02-10,2025-26,ok,19,0.821
2026-07-22T18:37:40.366963,1610612757,away,,2026-02-10,2025-26,ok,18,1.105
2026-07-22T18:37:42.225092,1610612758,overall,,2026-02-10,2025-26,ok,20,1.14
2026-07-22T18:37:43.704324,1610612758,home,,2026-02-10,2025-26,ok,20,0.758
2026-07-22T18:37:45.218085,1610612758,away,,2026-02-10,2025-26,ok,20,0.796
2026-07-22T18:37:46.934858,1610612759,overall,,2026-02-10,2025-26,ok,20,1.001
2026-07-22T18:37:48.496037,1610612759,home,,2026-02-10,2025-26,ok,20,0.836
2026-07-22T18:37:50.009601,1610612759,away,,2026-02-10,2025-26,ok,20,0.791
2026-07-22T18:37:52.055708,1610612760,overall,,2026-02-10,2025-26,ok,21,1.323
2026-07-22T18:37:53.686267,1610612760,home,,2026-02-10,2025-26,ok,20,0.913
2026-07-22T18:37:55.334777,1610612760,away,,2026-02-10,2025-26,ok,21,0.927
2026-07-22T18:37:56.867078,1610612761,overall,,2026-02-10,2025-26,ok,20,0.813
2026-07-22T18:37:58.355536,1610612761,home,,2026-02-10,2025-26,ok,20,0.767
2026-07-22T18:38:00.045206,1610612761,away,,2026-02-10,2025-26,ok,17,0.968
2026-07-22T18:38:01.578991,1610612762,overall,,2026-02-10,2025-26,ok,21,0.818
2026-07-22T18:38:03.522909,1610612762,home,,2026-02-10,2025-26,ok,18,1.226
2026-07-22T18:38:04.991981,1610612762,away,,2026-02-10,2025-26,ok,21,0.751
2026-07-22T18:38:06.904612,1610612763,overall,,2026-02-10,2025-26,ok,27,1.192
2026-07-22T18:38:08.551127,1610612763,home,,2026-02-10,2025-26,ok,22,0.924
2026-07-22T18:38:10.079174,1610612763,away,,2026-02-10,2025-26,ok,27,0.812
2026-07-22T18:38:11.817536,1610612764,overall,,2026-02-10,2025-26,ok,25,1.023
2026-07-22T18:38:13.733738,1610612764,home,,2026-02-10,2025-26,ok,25,1.195
2026-07-22T18:38:16.129088,1610612764,away,,2026-02-10,2025-26,ok,25,1.67
2026-07-22T18:38:17.988971,1610612765,overall,,2026-02-10,2025-26,ok,21,1.135
2026-07-22T18:38:19.807021,1610612765,home,,2026-02-10,2025-26,ok,21,1.105
2026-07-22T18:38:21.340250,1610612765,away,,2026-02-10,2025-26,ok,20,0.81
2026-07-22T18:38:23.009881,1610612766,overall,,2026-02-10,2025-26,ok,24,0.949
2026-07-22T18:38:24.729430,1610612766,home,,2026-02-10,2025-26,ok,22,0.992
2026-07-22T18:38:26.363519,1610612766,away,,2026-02-10,2025-26,ok,24,0.918
2026-07-22T18:38:27.976470,1610612737,overall,,2026-02-17,2025-26,ok,27,0.892
2026-07-22T18:38:29.532088,1610612737,home,,2026-02-17,2025-26,ok,26,0.842
2026-07-22T18:38:31.731868,1610612737,away,,2026-02-17,2025-26,ok,27,1.479
2026-07-22T18:38:33.417056,1610612738,overall,,2026-02-17,2025-26,ok,19,0.963
2026-07-22T18:38:35.064145,1610612738,home,,2026-02-17,2025-26,ok,19,0.927
2026-07-22T18:38:36.903354,1610612738,away,,2026-02-17,2025-26,ok,17,1.12
2026-07-22T18:38:39.420189,1610612739,overall,,2026-02-17,2025-26,ok,22,1.799
2026-07-22T18:38:41.144125,1610612739,home,,2026-02-17,2025-26,ok,22,1.005
2026-07-22T18:38:42.846832,1610612739,away,,2026-02-17,2025-26,ok,22,0.987
2026-07-22T18:38:44.791299,1610612740,overall,,2026-02-17,2025-26,ok,19,1.23
2026-07-22T18:38:46.332912,1610612740,home,,2026-02-17,2025-26,ok,18,0.827
2026-07-22T18:38:47.869015,1610612740,away,,2026-02-17,2025-26,ok,19,0.819
2026-07-22T18:38:49.499559,1610612741,overall,,2026-02-17,2025-26,ok,29,0.908
2026-07-22T18:38:51.144356,1610612741,home,,2026-02-17,2025-26,ok,27,0.926
2026-07-22T18:38:52.889929,1610612741,away,,2026-02-17,2025-26,ok,29,1.023
2026-07-22T18:38:54.516672,1610612742,overall,,2026-02-17,2025-26,ok,23,0.908
2026-07-22T18:38:56.159710,1610612742,home,,2026-02-17,2025-26,ok,19,0.92
2026-07-22T18:38:57.698146,1610612742,away,,2026-02-17,2025-26,ok,23,0.814
2026-07-22T18:38:59.248523,1610612743,overall,,2026-02-17,2025-26,ok,17,0.839
2026-07-22T18:39:02.304025,1610612743,home,,2026-02-17,2025-26,ok,17,2.342
2026-07-22T18:39:04.047047,1610612743,away,,2026-02-17,2025-26,ok,17,1.021
2026-07-22T18:39:05.780825,1610612744,overall,,2026-02-17,2025-26,ok,21,1.016
2026-07-22T18:39:07.627507,1610612744,home,,2026-02-17,2025-26,ok,21,1.13
2026-07-22T18:39:09.364399,1610612744,away,,2026-02-17,2025-26,ok,21,1.016
2026-07-22T18:39:11.017486,1610612745,overall,,2026-02-17,2025-26,ok,19,0.928
2026-07-22T18:39:12.648537,1610612745,home,,2026-02-17,2025-26,ok,19,0.91
2026-07-22T18:39:14.384174,1610612745,away,,2026-02-17,2025-26,ok,19,1.014
2026-07-22T18:39:16.023593,1610612746,overall,,2026-02-17,2025-26,ok,24,0.917
2026-07-22T18:39:17.973358,1610612746,home,,2026-02-17,2025-26,ok,21,1.234
2026-07-22T18:39:19.606299,1610612746,away,,2026-02-17,2025-26,ok,24,0.92
2026-07-22T18:39:21.174474,1610612747,overall,,2026-02-17,2025-26,ok,20,0.849
2026-07-22T18:39:22.661220,1610612747,home,,2026-02-17,2025-26,ok,20,0.767
2026-07-22T18:39:24.214112,1610612747,away,,2026-02-17,2025-26,ok,19,0.836
2026-07-22T18:39:25.853400,1610612748,overall,,2026-02-17,2025-26,ok,17,0.921
2026-07-22T18:39:27.413722,1610612748,home,,2026-02-17,2025-26,ok,17,0.847
2026-07-22T18:39:29.333584,1610612748,away,,2026-02-17,2025-26,ok,17,1.199
2026-07-22T18:39:30.976742,1610612749,overall,,2026-02-17,2025-26,ok,20,0.92
2026-07-22T18:39:32.507430,1610612749,home,,2026-02-17,2025-26,ok,19,0.81
2026-07-22T18:39:34.351471,1610612749,away,,2026-02-17,2025-26,ok,20,1.129
2026-07-22T18:39:36.095020,1610612750,overall,,2026-02-17,2025-26,ok,19,1.024
2026-07-22T18:39:37.835914,1610612750,home,,2026-02-17,2025-26,ok,19,1.018
2026-07-22T18:39:39.774415,1610612750,away,,2026-02-17,2025-26,ok,17,1.218
2026-07-22T18:39:41.628522,1610612751,overall,,2026-02-17,2025-26,ok,20,1.135
2026-07-22T18:39:43.430259,1610612751,home,,2026-02-17,2025-26,ok,20,1.083
2026-07-22T18:39:44.992254,1610612751,away,,2026-02-17,2025-26,ok,19,0.847
2026-07-22T18:39:46.589100,1610612752,overall,,2026-02-17,2025-26,ok,19,0.877
2026-07-22T18:39:48.279573,1610612752,home,,2026-02-17,2025-26,ok,19,0.972
2026-07-22T18:39:49.737543,1610612752,away,,2026-02-17,2025-26,ok,19,0.74
2026-07-22T18:39:53.503240,1610612753,overall,,2026-02-17,2025-26,ok,18,3.044
2026-07-22T18:39:55.208065,1610612753,home,,2026-02-17,2025-26,ok,18,0.988
2026-07-22T18:39:57.105891,1610612753,away,,2026-02-17,2025-26,ok,17,1.189
2026-07-22T18:39:58.607632,1610612754,overall,,2026-02-17,2025-26,ok,28,0.78
2026-07-22T18:40:00.263806,1610612754,home,,2026-02-17,2025-26,ok,26,0.935
2026-07-22T18:40:01.916085,1610612754,away,,2026-02-17,2025-26,ok,28,0.931
2026-07-22T18:40:03.868686,1610612755,overall,,2026-02-17,2025-26,ok,21,1.229
2026-07-22T18:40:05.949476,1610612755,home,,2026-02-17,2025-26,ok,21,1.363
2026-07-22T18:40:07.529345,1610612755,away,,2026-02-17,2025-26,ok,20,0.864
2026-07-22T18:40:09.681859,1610612756,overall,,2026-02-17,2025-26,ok,20,1.435
2026-07-22T18:40:11.214563,1610612756,home,,2026-02-17,2025-26,ok,20,0.814
2026-07-22T18:40:13.264058,1610612756,away,,2026-02-17,2025-26,ok,18,1.33
2026-07-22T18:40:14.916609,1610612757,overall,,2026-02-17,2025-26,ok,19,0.92
2026-07-22T18:40:16.768748,1610612757,home,,2026-02-17,2025-26,ok,19,1.11
2026-07-22T18:40:18.550001,1610612757,away,,2026-02-17,2025-26,ok,19,1.053
2026-07-22T18:40:20.227623,1610612758,overall,,2026-02-17,2025-26,ok,20,0.964
2026-07-22T18:40:21.895230,1610612758,home,,2026-02-17,2025-26,ok,20,0.924
2026-07-22T18:40:23.516846,1610612758,away,,2026-02-17,2025-26,ok,20,0.903
2026-07-22T18:40:25.042794,1610612759,overall,,2026-02-17,2025-26,ok,20,0.807
2026-07-22T18:40:26.782143,1610612759,home,,2026-02-17,2025-26,ok,20,1.019
2026-07-22T18:40:28.332354,1610612759,away,,2026-02-17,2025-26,ok,20,0.83
2026-07-22T18:40:29.899505,1610612760,overall,,2026-02-17,2025-26,ok,21,0.845
2026-07-22T18:40:33.545393,1610612760,home,,2026-02-17,2025-26,ok,20,2.929
2026-07-22T18:40:35.067851,1610612760,away,,2026-02-17,2025-26,ok,21,0.803
2026-07-22T18:40:36.878508,1610612761,overall,,2026-02-17,2025-26,ok,20,1.092
2026-07-22T18:40:38.556164,1610612761,home,,2026-02-17,2025-26,ok,20,0.96
2026-07-22T18:40:40.475438,1610612761,away,,2026-02-17,2025-26,ok,17,1.202
2026-07-22T18:40:42.139905,1610612762,overall,,2026-02-17,2025-26,ok,22,0.942
2026-07-22T18:40:44.120897,1610612762,home,,2026-02-17,2025-26,ok,22,1.255
2026-07-22T18:40:46.037413,1610612762,away,,2026-02-17,2025-26,ok,21,1.194
2026-07-22T18:40:47.575718,1610612763,overall,,2026-02-17,2025-26,ok,27,0.826
2026-07-22T18:40:49.104829,1610612763,home,,2026-02-17,2025-26,ok,22,0.811
2026-07-22T18:40:50.648301,1610612763,away,,2026-02-17,2025-26,ok,27,0.821
2026-07-22T18:40:52.383279,1610612764,overall,,2026-02-17,2025-26,ok,26,1.01
2026-07-22T18:40:54.120879,1610612764,home,,2026-02-17,2025-26,ok,25,1.02
2026-07-22T18:40:55.865813,1610612764,away,,2026-02-17,2025-26,ok,26,1.022
2026-07-22T18:40:57.607709,1610612765,overall,,2026-02-17,2025-26,ok,21,1.024
2026-07-22T18:40:59.550727,1610612765,home,,2026-02-17,2025-26,ok,21,1.225
2026-07-22T18:41:01.391857,1610612765,away,,2026-02-17,2025-26,ok,20,1.119
2026-07-22T18:41:06.940391,1610612766,overall,,2026-02-17,2025-26,ok,24,4.828
2026-07-22T18:41:08.564526,1610612766,home,,2026-02-17,2025-26,ok,22,0.901
2026-07-22T18:41:10.099955,1610612766,away,,2026-02-17,2025-26,ok,24,0.815
2026-07-22T18:41:11.843732,1610612737,overall,,2026-02-24,2025-26,ok,27,1.023
2026-07-22T18:41:13.850480,1610612737,home,,2026-02-24,2025-26,ok,26,1.29
2026-07-22T18:41:15.729810,1610612737,away,,2026-02-24,2025-26,ok,27,1.159
2026-07-22T18:41:17.479808,1610612738,overall,,2026-02-24,2025-26,ok,20,1.026
2026-07-22T18:41:24.434611,1610612738,home,,2026-02-24,2025-26,ok,19,6.238
2026-07-22T18:41:26.074113,1610612738,away,,2026-02-24,2025-26,ok,20,0.919
2026-07-22T18:41:27.716058,1610612739,overall,,2026-02-24,2025-26,ok,24,0.924
2026-07-22T18:41:29.278131,1610612739,home,,2026-02-24,2025-26,ok,24,0.838
2026-07-22T18:41:31.450877,1610612739,away,,2026-02-24,2025-26,ok,24,1.444
2026-07-22T18:41:33.240176,1610612740,overall,,2026-02-24,2025-26,ok,19,1.071
2026-07-22T18:41:34.808959,1610612740,home,,2026-02-24,2025-26,ok,18,0.848
2026-07-22T18:41:36.415652,1610612740,away,,2026-02-24,2025-26,ok,19,0.885
2026-07-22T18:41:38.159078,1610612741,overall,,2026-02-24,2025-26,ok,29,1.02
2026-07-22T18:41:39.796477,1610612741,home,,2026-02-24,2025-26,ok,27,0.911
2026-07-22T18:41:41.334052,1610612741,away,,2026-02-24,2025-26,ok,29,0.815
2026-07-22T18:41:42.969567,1610612742,overall,,2026-02-24,2025-26,ok,23,0.915
2026-07-22T18:41:44.505306,1610612742,home,,2026-02-24,2025-26,ok,19,0.823
2026-07-22T18:41:46.142018,1610612742,away,,2026-02-24,2025-26,ok,23,0.917
2026-07-22T18:41:47.778462,1610612743,overall,,2026-02-24,2025-26,ok,18,0.916
2026-07-22T18:41:49.418000,1610612743,home,,2026-02-24,2025-26,ok,17,0.921
2026-07-22T18:41:51.059965,1610612743,away,,2026-02-24,2025-26,ok,18,0.923
2026-07-22T18:41:52.710320,1610612744,overall,,2026-02-24,2025-26,ok,22,0.93
2026-07-22T18:41:54.333841,1610612744,home,,2026-02-24,2025-26,ok,22,0.901
2026-07-22T18:41:55.970847,1610612744,away,,2026-02-24,2025-26,ok,22,0.919
2026-07-22T18:41:58.020940,1610612745,overall,,2026-02-24,2025-26,ok,19,1.33
2026-07-22T18:42:00.170611,1610612745,home,,2026-02-24,2025-26,ok,19,1.433
2026-07-22T18:42:01.810731,1610612745,away,,2026-02-24,2025-26,ok,19,0.921
2026-07-22T18:42:03.551587,1610612746,overall,,2026-02-24,2025-26,ok,26,1.019
2026-07-22T18:42:05.698929,1610612746,home,,2026-02-24,2025-26,ok,25,1.427
2026-07-22T18:42:07.646245,1610612746,away,,2026-02-24,2025-26,ok,26,1.229
2026-07-22T18:42:09.489681,1610612747,overall,,2026-02-24,2025-26,ok,20,1.123
2026-07-22T18:42:11.235361,1610612747,home,,2026-02-24,2025-26,ok,20,1.021
2026-07-22T18:42:13.177672,1610612747,away,,2026-02-24,2025-26,ok,19,1.22
2026-07-22T18:42:15.017504,1610612748,overall,,2026-02-24,2025-26,ok,18,1.121
2026-07-22T18:42:17.024743,1610612748,home,,2026-02-24,2025-26,ok,18,1.288
2026-07-22T18:42:18.715277,1610612748,away,,2026-02-24,2025-26,ok,18,0.975
2026-07-22T18:42:20.340770,1610612749,overall,,2026-02-24,2025-26,ok,20,0.908
2026-07-22T18:42:21.984504,1610612749,home,,2026-02-24,2025-26,ok,20,0.922
2026-07-22T18:42:23.446898,1610612749,away,,2026-02-24,2025-26,ok,20,0.742
2026-07-22T18:42:25.060866,1610612750,overall,,2026-02-24,2025-26,ok,19,0.89
2026-07-22T18:42:26.592683,1610612750,home,,2026-02-24,2025-26,ok,19,0.815
2026-07-22T18:42:28.227744,1610612750,away,,2026-02-24,2025-26,ok,19,0.916
2026-07-22T18:42:29.720331,1610612751,overall,,2026-02-24,2025-26,ok,20,0.775
2026-07-22T18:42:31.508098,1610612751,home,,2026-02-24,2025-26,ok,20,1.067
2026-07-22T18:42:32.973909,1610612751,away,,2026-02-24,2025-26,ok,20,0.752
2026-07-22T18:42:34.477477,1610612752,overall,,2026-02-24,2025-26,ok,20,0.787
2026-07-22T18:42:36.012766,1610612752,home,,2026-02-24,2025-26,ok,20,0.815
2026-07-22T18:42:37.653153,1610612752,away,,2026-02-24,2025-26,ok,20,0.922
2026-07-22T18:42:39.387106,1610612753,overall,,2026-02-24,2025-26,ok,19,1.017
2026-07-22T18:42:41.185591,1610612753,home,,2026-02-24,2025-26,ok,18,1.08
2026-07-22T18:42:42.976334,1610612753,away,,2026-02-24,2025-26,ok,19,1.07
2026-07-22T18:42:46.461602,1610612754,overall,,2026-02-24,2025-26,ok,28,2.763
2026-07-22T18:42:47.984701,1610612754,home,,2026-02-24,2025-26,ok,28,0.801
2026-07-22T18:42:49.634169,1610612754,away,,2026-02-24,2025-26,ok,28,0.934
2026-07-22T18:42:51.475555,1610612755,overall,,2026-02-24,2025-26,ok,23,1.126
2026-07-22T18:42:53.082799,1610612755,home,,2026-02-24,2025-26,ok,23,0.89
2026-07-22T18:42:54.753520,1610612755,away,,2026-02-24,2025-26,ok,23,0.951
2026-07-22T18:42:56.799691,1610612756,overall,,2026-02-24,2025-26,ok,21,1.325
2026-07-22T18:42:58.437799,1610612756,home,,2026-02-24,2025-26,ok,21,0.914
2026-07-22T18:43:00.174807,1610612756,away,,2026-02-24,2025-26,ok,21,1.019
2026-07-22T18:43:01.818564,1610612757,overall,,2026-02-24,2025-26,ok,19,0.927
2026-07-22T18:43:03.460070,1610612757,home,,2026-02-24,2025-26,ok,19,0.917
2026-07-22T18:43:05.094516,1610612757,away,,2026-02-24,2025-26,ok,19,0.911
2026-07-22T18:43:08.369233,1610612758,overall,,2026-02-24,2025-26,ok,22,2.556
2026-07-22T18:43:10.212011,1610612758,home,,2026-02-24,2025-26,ok,20,1.121
2026-07-22T18:43:11.749765,1610612758,away,,2026-02-24,2025-26,ok,22,0.816
2026-07-22T18:43:13.898294,1610612759,overall,,2026-02-24,2025-26,ok,22,1.429
2026-07-22T18:43:16.252742,1610612759,home,,2026-02-24,2025-26,ok,21,1.633
2026-07-22T18:43:17.791640,1610612759,away,,2026-02-24,2025-26,ok,22,0.823
2026-07-22T18:43:19.432467,1610612760,overall,,2026-02-24,2025-26,ok,21,0.915
2026-07-22T18:43:20.983169,1610612760,home,,2026-02-24,2025-26,ok,20,0.837
2026-07-22T18:43:22.503794,1610612760,away,,2026-02-24,2025-26,ok,21,0.803
2026-07-22T18:43:24.241340,1610612761,overall,,2026-02-24,2025-26,ok,20,1.017
2026-07-22T18:43:25.879583,1610612761,home,,2026-02-24,2025-26,ok,20,0.92
2026-07-22T18:43:27.529457,1610612761,away,,2026-02-24,2025-26,ok,18,0.928
2026-07-22T18:43:29.164755,1610612762,overall,,2026-02-24,2025-26,ok,22,0.91
2026-07-22T18:43:33.148918,1610612762,home,,2026-02-24,2025-26,ok,22,3.264
2026-07-22T18:43:34.794851,1610612762,away,,2026-02-24,2025-26,ok,22,0.926
2026-07-22T18:43:36.425154,1610612763,overall,,2026-02-24,2025-26,ok,28,0.912
2026-07-22T18:43:38.169191,1610612763,home,,2026-02-24,2025-26,ok,27,1.021
2026-07-22T18:43:39.706660,1610612763,away,,2026-02-24,2025-26,ok,27,0.816
2026-07-22T18:43:41.444765,1610612764,overall,,2026-02-24,2025-26,ok,28,1.02
2026-07-22T18:43:43.187646,1610612764,home,,2026-02-24,2025-26,ok,27,1.029
2026-07-22T18:43:44.899602,1610612764,away,,2026-02-24,2025-26,ok,28,0.992
2026-07-22T18:43:46.564471,1610612765,overall,,2026-02-24,2025-26,ok,21,0.943
2026-07-22T18:43:48.201415,1610612765,home,,2026-02-24,2025-26,ok,21,0.919
2026-07-22T18:43:49.736604,1610612765,away,,2026-02-24,2025-26,ok,20,0.815
2026-07-22T18:43:51.278628,1610612766,overall,,2026-02-24,2025-26,ok,24,0.822
2026-07-22T18:43:52.920730,1610612766,home,,2026-02-24,2025-26,ok,22,0.921
2026-07-22T18:43:54.450013,1610612766,away,,2026-02-24,2025-26,ok,24,0.813
2026-07-22T18:43:56.296374,1610612737,overall,,2026-03-03,2025-26,ok,27,1.125
2026-07-22T18:43:57.932984,1610612737,home,,2026-03-03,2025-26,ok,26,0.924
2026-07-22T18:43:59.491466,1610612737,away,,2026-03-03,2025-26,ok,27,0.836
2026-07-22T18:44:01.138119,1610612738,overall,,2026-03-03,2025-26,ok,20,0.922
2026-07-22T18:44:02.738845,1610612738,home,,2026-03-03,2025-26,ok,20,0.879
2026-07-22T18:44:04.277689,1610612738,away,,2026-03-03,2025-26,ok,20,0.818
2026-07-22T18:44:06.124990,1610612739,overall,,2026-03-03,2025-26,ok,24,1.129
2026-07-22T18:44:07.661484,1610612739,home,,2026-03-03,2025-26,ok,24,0.812
2026-07-22T18:44:09.198165,1610612739,away,,2026-03-03,2025-26,ok,24,0.819
2026-07-22T18:44:10.911399,1610612740,overall,,2026-03-03,2025-26,ok,19,0.991
2026-07-22T18:44:12.543657,1610612740,home,,2026-03-03,2025-26,ok,18,0.913
2026-07-22T18:44:14.183745,1610612740,away,,2026-03-03,2025-26,ok,19,0.918
2026-07-22T18:44:16.163102,1610612741,overall,,2026-03-03,2025-26,ok,29,1.256
2026-07-22T18:44:17.636016,1610612741,home,,2026-03-03,2025-26,ok,27,0.756
2026-07-22T18:44:19.330999,1610612741,away,,2026-03-03,2025-26,ok,29,0.971
2026-07-22T18:44:21.278278,1610612742,overall,,2026-03-03,2025-26,ok,25,1.225
2026-07-22T18:44:23.123776,1610612742,home,,2026-03-03,2025-26,ok,25,1.13
2026-07-22T18:44:24.760665,1610612742,away,,2026-03-03,2025-26,ok,25,0.916
2026-07-22T18:44:26.398383,1610612743,overall,,2026-03-03,2025-26,ok,18,0.916
2026-07-22T18:44:28.140280,1610612743,home,,2026-03-03,2025-26,ok,18,1.02
2026-07-22T18:44:29.674492,1610612743,away,,2026-03-03,2025-26,ok,18,0.815
2026-07-22T18:44:31.827741,1610612744,overall,,2026-03-03,2025-26,ok,22,1.438
2026-07-22T18:44:33.464676,1610612744,home,,2026-03-03,2025-26,ok,22,0.914
2026-07-22T18:44:35.002348,1610612744,away,,2026-03-03,2025-26,ok,22,0.811
2026-07-22T18:44:36.566549,1610612745,overall,,2026-03-03,2025-26,ok,19,0.842
2026-07-22T18:44:38.379239,1610612745,home,,2026-03-03,2025-26,ok,19,1.093
2026-07-22T18:44:39.917234,1610612745,away,,2026-03-03,2025-26,ok,19,0.816
2026-07-22T18:44:41.757138,1610612746,overall,,2026-03-03,2025-26,ok,26,1.123
2026-07-22T18:44:43.615869,1610612746,home,,2026-03-03,2025-26,ok,25,1.136
2026-07-22T18:44:45.546114,1610612746,away,,2026-03-03,2025-26,ok,26,1.217
2026-07-22T18:44:47.062134,1610612747,overall,,2026-03-03,2025-26,ok,20,0.797
2026-07-22T18:44:48.619481,1610612747,home,,2026-03-03,2025-26,ok,20,0.837
2026-07-22T18:44:50.468902,1610612747,away,,2026-03-03,2025-26,ok,20,1.129
2026-07-22T18:44:52.203121,1610612748,overall,,2026-03-03,2025-26,ok,18,1.013
2026-07-22T18:44:53.739808,1610612748,home,,2026-03-03,2025-26,ok,18,0.818
2026-07-22T18:44:55.230210,1610612748,away,,2026-03-03,2025-26,ok,18,0.772
2026-07-22T18:44:56.811369,1610612749,overall,,2026-03-03,2025-26,ok,21,0.865
2026-07-22T18:44:59.066737,1610612749,home,,2026-03-03,2025-26,ok,21,1.538
2026-07-22T18:45:00.599113,1610612749,away,,2026-03-03,2025-26,ok,21,0.812
2026-07-22T18:45:02.243399,1610612750,overall,,2026-03-03,2025-26,ok,22,0.927
2026-07-22T18:45:03.994358,1610612750,home,,2026-03-03,2025-26,ok,21,1.03
2026-07-22T18:45:05.620059,1610612750,away,,2026-03-03,2025-26,ok,20,0.911
2026-07-22T18:45:07.562956,1610612751,overall,,2026-03-03,2025-26,ok,21,1.224
2026-07-22T18:45:09.714230,1610612751,home,,2026-03-03,2025-26,ok,21,1.433
2026-07-22T18:45:11.248551,1610612751,away,,2026-03-03,2025-26,ok,21,0.812
2026-07-22T18:45:12.888548,1610612752,overall,,2026-03-03,2025-26,ok,20,0.918
2026-07-22T18:45:15.035982,1610612752,home,,2026-03-03,2025-26,ok,20,1.425
2026-07-22T18:45:16.743578,1610612752,away,,2026-03-03,2025-26,ok,20,0.971
2026-07-22T18:45:18.477978,1610612753,overall,,2026-03-03,2025-26,ok,19,1.014
2026-07-22T18:45:19.983601,1610612753,home,,2026-03-03,2025-26,ok,19,0.79
2026-07-22T18:45:21.488831,1610612753,away,,2026-03-03,2025-26,ok,19,0.784
2026-07-22T18:45:23.128607,1610612754,overall,,2026-03-03,2025-26,ok,29,0.917
2026-07-22T18:45:24.725892,1610612754,home,,2026-03-03,2025-26,ok,29,0.873
2026-07-22T18:45:26.305654,1610612754,away,,2026-03-03,2025-26,ok,28,0.856
2026-07-22T18:45:27.836419,1610612755,overall,,2026-03-03,2025-26,ok,23,0.809
2026-07-22T18:45:29.381272,1610612755,home,,2026-03-03,2025-26,ok,23,0.822
2026-07-22T18:45:31.140766,1610612755,away,,2026-03-03,2025-26,ok,23,1.044
2026-07-22T18:45:32.818159,1610612756,overall,,2026-03-03,2025-26,ok,21,0.956
2026-07-22T18:45:34.801896,1610612756,home,,2026-03-03,2025-26,ok,21,1.262
2026-07-22T18:45:36.442480,1610612756,away,,2026-03-03,2025-26,ok,21,0.926
2026-07-22T18:45:38.077355,1610612757,overall,,2026-03-03,2025-26,ok,19,0.914
2026-07-22T18:45:39.812463,1610612757,home,,2026-03-03,2025-26,ok,19,1.017
2026-07-22T18:45:41.454542,1610612757,away,,2026-03-03,2025-26,ok,19,0.926
2026-07-22T18:45:43.000042,1610612758,overall,,2026-03-03,2025-26,ok,22,0.82
2026-07-22T18:45:44.735979,1610612758,home,,2026-03-03,2025-26,ok,22,1.018
2026-07-22T18:45:46.481706,1610612758,away,,2026-03-03,2025-26,ok,22,1.03
2026-07-22T18:45:48.117235,1610612759,overall,,2026-03-03,2025-26,ok,22,0.863
2026-07-22T18:45:49.658409,1610612759,home,,2026-03-03,2025-26,ok,21,0.824
2026-07-22T18:45:51.191586,1610612759,away,,2026-03-03,2025-26,ok,22,0.812
2026-07-22T18:45:52.825900,1610612760,overall,,2026-03-03,2025-26,ok,22,0.921
2026-07-22T18:45:54.666903,1610612760,home,,2026-03-03,2025-26,ok,20,1.117
2026-07-22T18:45:56.614898,1610612760,away,,2026-03-03,2025-26,ok,22,1.212
2026-07-22T18:45:58.664771,1610612761,overall,,2026-03-03,2025-26,ok,20,1.329
2026-07-22T18:46:00.301176,1610612761,home,,2026-03-03,2025-26,ok,20,0.913
2026-07-22T18:46:01.832832,1610612761,away,,2026-03-03,2025-26,ok,18,0.813
2026-07-22T18:46:03.370759,1610612762,overall,,2026-03-03,2025-26,ok,23,0.819
2026-07-22T18:46:04.912062,1610612762,home,,2026-03-03,2025-26,ok,23,0.819
2026-07-22T18:46:06.647563,1610612762,away,,2026-03-03,2025-26,ok,22,1.015
2026-07-22T18:46:08.391927,1610612763,overall,,2026-03-03,2025-26,ok,29,1.025
2026-07-22T18:46:10.030769,1610612763,home,,2026-03-03,2025-26,ok,27,0.916
2026-07-22T18:46:11.611721,1610612763,away,,2026-03-03,2025-26,ok,29,0.864
2026-07-22T18:46:13.513729,1610612764,overall,,2026-03-03,2025-26,ok,29,1.184
2026-07-22T18:46:15.766454,1610612764,home,,2026-03-03,2025-26,ok,29,1.53
2026-07-22T18:46:21.009943,1610612764,away,,2026-03-03,2025-26,ok,29,4.518
2026-07-22T18:46:24.570723,1610612765,overall,,2026-03-03,2025-26,ok,21,2.836
2026-07-22T18:46:26.064103,1610612765,home,,2026-03-03,2025-26,ok,21,0.772
2026-07-22T18:46:27.722216,1610612765,away,,2026-03-03,2025-26,ok,20,0.94
2026-07-22T18:46:29.216582,1610612766,overall,,2026-03-03,2025-26,ok,24,0.776
2026-07-22T18:46:30.775835,1610612766,home,,2026-03-03,2025-26,ok,22,0.838
2026-07-22T18:46:32.310675,1610612766,away,,2026-03-03,2025-26,ok,24,0.813
2026-07-22T18:46:34.116214,1610612737,overall,,2026-03-10,2025-26,ok,28,1.064
2026-07-22T18:46:35.731093,1610612737,home,,2026-03-10,2025-26,ok,27,0.875
2026-07-22T18:46:37.370486,1610612737,away,,2026-03-10,2025-26,ok,28,0.915
2026-07-22T18:46:38.924558,1610612738,overall,,2026-03-10,2025-26,ok,20,0.82
2026-07-22T18:46:40.543726,1610612738,home,,2026-03-10,2025-26,ok,20,0.895
2026-07-22T18:46:42.182086,1610612738,away,,2026-03-10,2025-26,ok,20,0.917
2026-07-22T18:46:43.923742,1610612739,overall,,2026-03-10,2025-26,ok,25,1.024
2026-07-22T18:46:45.559713,1610612739,home,,2026-03-10,2025-26,ok,25,0.913
2026-07-22T18:46:47.088646,1610612739,away,,2026-03-10,2025-26,ok,24,0.813
2026-07-22T18:46:48.629186,1610612740,overall,,2026-03-10,2025-26,ok,20,0.822
2026-07-22T18:46:50.365448,1610612740,home,,2026-03-10,2025-26,ok,19,1.006
2026-07-22T18:46:52.128927,1610612740,away,,2026-03-10,2025-26,ok,20,0.969
2026-07-22T18:46:53.754240,1610612741,overall,,2026-03-10,2025-26,ok,29,0.902
2026-07-22T18:46:55.299555,1610612741,home,,2026-03-10,2025-26,ok,27,0.83
2026-07-22T18:46:56.791834,1610612741,away,,2026-03-10,2025-26,ok,29,0.771
2026-07-22T18:47:00.126365,1610612742,overall,,2026-03-10,2025-26,ok,25,2.61
2026-07-22T18:47:01.946127,1610612742,home,,2026-03-10,2025-26,ok,25,1.099
2026-07-22T18:47:03.498719,1610612742,away,,2026-03-10,2025-26,ok,25,0.832
2026-07-22T18:47:05.087501,1610612743,overall,,2026-03-10,2025-26,ok,20,0.867
2026-07-22T18:47:06.743013,1610612743,home,,2026-03-10,2025-26,ok,20,0.939
2026-07-22T18:47:08.819758,1610612743,away,,2026-03-10,2025-26,ok,20,1.354
2026-07-22T18:47:10.538276,1610612744,overall,,2026-03-10,2025-26,ok,22,0.994
2026-07-22T18:47:12.471034,1610612744,home,,2026-03-10,2025-26,ok,22,1.22
2026-07-22T18:47:14.637463,1610612744,away,,2026-03-10,2025-26,ok,22,1.449
2026-07-22T18:47:16.233317,1610612745,overall,,2026-03-10,2025-26,ok,19,0.873
2026-07-22T18:47:17.722715,1610612745,home,,2026-03-10,2025-26,ok,19,0.766
2026-07-22T18:47:19.349911,1610612745,away,,2026-03-10,2025-26,ok,19,0.907
2026-07-22T18:47:21.299744,1610612746,overall,,2026-03-10,2025-26,ok,26,1.231
2026-07-22T18:47:23.144956,1610612746,home,,2026-03-10,2025-26,ok,25,1.126
2026-07-22T18:47:25.189900,1610612746,away,,2026-03-10,2025-26,ok,26,1.331
2026-07-22T18:47:26.827402,1610612747,overall,,2026-03-10,2025-26,ok,20,0.92
2026-07-22T18:47:28.412418,1610612747,home,,2026-03-10,2025-26,ok,20,0.864
2026-07-22T18:47:30.006317,1610612747,away,,2026-03-10,2025-26,ok,20,0.878
2026-07-22T18:47:31.541401,1610612748,overall,,2026-03-10,2025-26,ok,18,0.82
2026-07-22T18:47:33.484145,1610612748,home,,2026-03-10,2025-26,ok,18,1.219
2026-07-22T18:47:35.017596,1610612748,away,,2026-03-10,2025-26,ok,18,0.813
2026-07-22T18:47:36.536891,1610612749,overall,,2026-03-10,2025-26,ok,21,0.8
2026-07-22T18:47:38.604285,1610612749,home,,2026-03-10,2025-26,ok,21,1.354
2026-07-22T18:47:40.241558,1610612749,away,,2026-03-10,2025-26,ok,21,0.92
2026-07-22T18:47:41.747184,1610612750,overall,,2026-03-10,2025-26,ok,22,0.785
2026-07-22T18:47:43.623502,1610612750,home,,2026-03-10,2025-26,ok,21,1.153
2026-07-22T18:47:45.262090,1610612750,away,,2026-03-10,2025-26,ok,22,0.915
2026-07-22T18:47:47.001138,1610612751,overall,,2026-03-10,2025-26,ok,21,1.017
2026-07-22T18:47:48.865457,1610612751,home,,2026-03-10,2025-26,ok,21,1.15
2026-07-22T18:47:50.479802,1610612751,away,,2026-03-10,2025-26,ok,21,0.902
2026-07-22T18:47:52.429245,1610612752,overall,,2026-03-10,2025-26,ok,20,1.229
2026-07-22T18:47:54.169633,1610612752,home,,2026-03-10,2025-26,ok,20,1.018
2026-07-22T18:47:55.700562,1610612752,away,,2026-03-10,2025-26,ok,20,0.816
2026-07-22T18:47:57.242787,1610612753,overall,,2026-03-10,2025-26,ok,19,0.824
2026-07-22T18:47:59.187407,1610612753,home,,2026-03-10,2025-26,ok,19,1.221
2026-07-22T18:48:00.717545,1610612753,away,,2026-03-10,2025-26,ok,19,0.813
2026-07-22T18:48:02.464190,1610612754,overall,,2026-03-10,2025-26,ok,29,1.03
2026-07-22T18:48:04.563540,1610612754,home,,2026-03-10,2025-26,ok,29,1.377
2026-07-22T18:48:06.129932,1610612754,away,,2026-03-10,2025-26,ok,29,0.846
2026-07-22T18:48:07.993900,1610612755,overall,,2026-03-10,2025-26,ok,23,1.143
2026-07-22T18:48:09.633578,1610612755,home,,2026-03-10,2025-26,ok,23,0.92
2026-07-22T18:48:12.147112,1610612755,away,,2026-03-10,2025-26,ok,23,1.799
2026-07-22T18:48:13.976283,1610612756,overall,,2026-03-10,2025-26,ok,21,1.111
2026-07-22T18:48:16.078581,1610612756,home,,2026-03-10,2025-26,ok,21,1.387
2026-07-22T18:48:17.727706,1610612756,away,,2026-03-10,2025-26,ok,21,0.876
2026-07-22T18:48:19.565404,1610612757,overall,,2026-03-10,2025-26,ok,21,1.119
2026-07-22T18:48:21.176045,1610612757,home,,2026-03-10,2025-26,ok,21,0.891
2026-07-22T18:48:22.842882,1610612757,away,,2026-03-10,2025-26,ok,21,0.95
2026-07-22T18:48:24.794737,1610612758,overall,,2026-03-10,2025-26,ok,22,1.233
2026-07-22T18:48:26.603444,1610612758,home,,2026-03-10,2025-26,ok,22,1.092
2026-07-22T18:48:28.225484,1610612758,away,,2026-03-10,2025-26,ok,22,0.908
2026-07-22T18:48:30.629117,1610612759,overall,,2026-03-10,2025-26,ok,22,1.684
2026-07-22T18:48:32.160248,1610612759,home,,2026-03-10,2025-26,ok,22,0.807
2026-07-22T18:48:33.677726,1610612759,away,,2026-03-10,2025-26,ok,22,0.798
2026-07-22T18:48:35.848607,1610612760,overall,,2026-03-10,2025-26,ok,22,1.453
2026-07-22T18:48:37.484973,1610612760,home,,2026-03-10,2025-26,ok,21,0.919
2026-07-22T18:48:39.226302,1610612760,away,,2026-03-10,2025-26,ok,22,1.024
2026-07-22T18:48:40.754086,1610612761,overall,,2026-03-10,2025-26,ok,20,0.797
2026-07-22T18:48:42.400278,1610612761,home,,2026-03-10,2025-26,ok,20,0.924
2026-07-22T18:48:43.936400,1610612761,away,,2026-03-10,2025-26,ok,18,0.814
2026-07-22T18:48:45.574808,1610612762,overall,,2026-03-10,2025-26,ok,23,0.916
2026-07-22T18:48:47.116298,1610612762,home,,2026-03-10,2025-26,ok,23,0.813
2026-07-22T18:48:48.748037,1610612762,away,,2026-03-10,2025-26,ok,23,0.915
2026-07-22T18:48:50.707545,1610612763,overall,,2026-03-10,2025-26,ok,29,1.246
2026-07-22T18:48:52.435249,1610612763,home,,2026-03-10,2025-26,ok,28,1.007
2026-07-22T18:48:54.587643,1610612763,away,,2026-03-10,2025-26,ok,29,1.427
2026-07-22T18:48:56.435621,1610612764,overall,,2026-03-10,2025-26,ok,29,1.121
2026-07-22T18:48:59.195277,1610612764,home,,2026-03-10,2025-26,ok,29,2.038
2026-07-22T18:49:00.717425,1610612764,away,,2026-03-10,2025-26,ok,29,0.796
2026-07-22T18:49:02.200620,1610612765,overall,,2026-03-10,2025-26,ok,21,0.768
2026-07-22T18:49:04.415345,1610612765,home,,2026-03-10,2025-26,ok,21,1.497
2026-07-22T18:49:06.053396,1610612765,away,,2026-03-10,2025-26,ok,20,0.922
2026-07-22T18:49:07.702312,1610612766,overall,,2026-03-10,2025-26,ok,24,0.932
2026-07-22T18:49:09.227992,1610612766,home,,2026-03-10,2025-26,ok,22,0.804
2026-07-22T18:49:10.760736,1610612766,away,,2026-03-10,2025-26,ok,24,0.813
2026-07-22T18:49:12.309588,1610612737,overall,,2026-03-17,2025-26,ok,28,0.817
2026-07-22T18:49:13.940243,1610612737,home,,2026-03-17,2025-26,ok,27,0.914
2026-07-22T18:49:15.434879,1610612737,away,,2026-03-17,2025-26,ok,28,0.779
2026-07-22T18:49:17.060572,1610612738,overall,,2026-03-17,2025-26,ok,21,0.893
2026-07-22T18:49:18.750337,1610612738,home,,2026-03-17,2025-26,ok,21,0.969
2026-07-22T18:49:20.323117,1610612738,away,,2026-03-17,2025-26,ok,20,0.859
2026-07-22T18:49:22.229319,1610612739,overall,,2026-03-17,2025-26,ok,25,1.189
2026-07-22T18:49:23.764240,1610612739,home,,2026-03-17,2025-26,ok,25,0.815
2026-07-22T18:49:34.113243,1610612739,away,,2026-03-17,2025-26,ok,25,9.628
2026-07-22T18:49:36.158250,1610612740,overall,,2026-03-17,2025-26,ok,20,1.333
2026-07-22T18:49:38.104844,1610612740,home,,2026-03-17,2025-26,ok,19,1.23
2026-07-22T18:49:39.948848,1610612740,away,,2026-03-17,2025-26,ok,20,1.13
2026-07-22T18:49:43.126663,1610612741,overall,,2026-03-17,2025-26,ok,29,2.452
2026-07-22T18:49:46.047274,1610612741,home,,2026-03-17,2025-26,ok,27,2.206
2026-07-22T18:49:47.726311,1610612741,away,,2026-03-17,2025-26,ok,29,0.958
2026-07-22T18:49:49.370895,1610612742,overall,,2026-03-17,2025-26,ok,25,0.926
2026-07-22T18:49:50.906879,1610612742,home,,2026-03-17,2025-26,ok,25,0.821
2026-07-22T18:49:52.543079,1610612742,away,,2026-03-17,2025-26,ok,25,0.92
2026-07-22T18:49:54.490519,1610612743,overall,,2026-03-17,2025-26,ok,20,1.229
2026-07-22T18:49:56.126437,1610612743,home,,2026-03-17,2025-26,ok,20,0.921
2026-07-22T18:49:57.764277,1610612743,away,,2026-03-17,2025-26,ok,20,0.919
2026-07-22T18:49:59.403441,1610612744,overall,,2026-03-17,2025-26,ok,23,0.92
2026-07-22T18:50:01.449862,1610612744,home,,2026-03-17,2025-26,ok,22,1.334
2026-07-22T18:50:03.092736,1610612744,away,,2026-03-17,2025-26,ok,23,0.92
2026-07-22T18:50:04.783969,1610612745,overall,,2026-03-17,2025-26,ok,19,0.975
2026-07-22T18:50:06.460978,1610612745,home,,2026-03-17,2025-26,ok,19,0.956
2026-07-22T18:50:08.206205,1610612745,away,,2026-03-17,2025-26,ok,19,1.032
2026-07-22T18:50:09.704838,1610612746,overall,,2026-03-17,2025-26,ok,26,0.786
2026-07-22T18:50:11.726951,1610612746,home,,2026-03-17,2025-26,ok,25,1.298
2026-07-22T18:50:13.331333,1610612746,away,,2026-03-17,2025-26,ok,26,0.88
2026-07-22T18:50:16.026145,1610612747,overall,,2026-03-17,2025-26,ok,20,1.969
2026-07-22T18:50:17.723731,1610612747,home,,2026-03-17,2025-26,ok,20,0.934
2026-07-22T18:50:19.312659,1610612747,away,,2026-03-17,2025-26,ok,20,0.853
2026-07-22T18:50:20.906329,1610612748,overall,,2026-03-17,2025-26,ok,18,0.876
2026-07-22T18:50:22.446021,1610612748,home,,2026-03-17,2025-26,ok,18,0.82
2026-07-22T18:50:24.177215,1610612748,away,,2026-03-17,2025-26,ok,18,1.012
2026-07-22T18:50:26.222508,1610612749,overall,,2026-03-17,2025-26,ok,21,1.324
2026-07-22T18:50:27.867266,1610612749,home,,2026-03-17,2025-26,ok,21,0.922
2026-07-22T18:50:29.413422,1610612749,away,,2026-03-17,2025-26,ok,21,0.824
2026-07-22T18:50:31.049070,1610612750,overall,,2026-03-17,2025-26,ok,22,0.908
2026-07-22T18:50:32.536435,1610612750,home,,2026-03-17,2025-26,ok,21,0.772
2026-07-22T18:50:34.831549,1610612750,away,,2026-03-17,2025-26,ok,22,1.461
2026-07-22T18:50:36.381932,1610612751,overall,,2026-03-17,2025-26,ok,22,0.799
2026-07-22T18:50:38.006898,1610612751,home,,2026-03-17,2025-26,ok,22,0.881
2026-07-22T18:50:39.854834,1610612751,away,,2026-03-17,2025-26,ok,22,1.126
2026-07-22T18:50:41.721230,1610612752,overall,,2026-03-17,2025-26,ok,20,1.145
2026-07-22T18:50:43.228144,1610612752,home,,2026-03-17,2025-26,ok,20,0.792
2026-07-22T18:50:44.708935,1610612752,away,,2026-03-17,2025-26,ok,20,0.767
2026-07-22T18:50:46.254651,1610612753,overall,,2026-03-17,2025-26,ok,19,0.824
2026-07-22T18:50:47.844329,1610612753,home,,2026-03-17,2025-26,ok,19,0.879
2026-07-22T18:50:49.701231,1610612753,away,,2026-03-17,2025-26,ok,19,1.135
2026-07-22T18:50:51.530703,1610612754,overall,,2026-03-17,2025-26,ok,29,1.1
2026-07-22T18:50:53.398975,1610612754,home,,2026-03-17,2025-26,ok,29,1.138
2026-07-22T18:50:54.909358,1610612754,away,,2026-03-17,2025-26,ok,29,0.795
2026-07-22T18:50:56.440266,1610612755,overall,,2026-03-17,2025-26,ok,23,0.812
2026-07-22T18:50:58.079987,1610612755,home,,2026-03-17,2025-26,ok,23,0.923
2026-07-22T18:50:59.554089,1610612755,away,,2026-03-17,2025-26,ok,23,0.756
2026-07-22T18:51:01.110947,1610612756,overall,,2026-03-17,2025-26,ok,21,0.833
2026-07-22T18:51:02.703582,1610612756,home,,2026-03-17,2025-26,ok,21,0.876
2026-07-22T18:51:04.322960,1610612756,away,,2026-03-17,2025-26,ok,21,0.897
2026-07-22T18:51:07.398653,1610612757,overall,,2026-03-17,2025-26,ok,21,2.362
2026-07-22T18:51:08.933465,1610612757,home,,2026-03-17,2025-26,ok,21,0.817
2026-07-22T18:51:11.209746,1610612757,away,,2026-03-17,2025-26,ok,21,1.56
2026-07-22T18:51:12.775820,1610612758,overall,,2026-03-17,2025-26,ok,22,0.833
2026-07-22T18:51:14.466373,1610612758,home,,2026-03-17,2025-26,ok,22,0.966
2026-07-22T18:51:16.103424,1610612758,away,,2026-03-17,2025-26,ok,22,0.917
2026-07-22T18:51:17.739760,1610612759,overall,,2026-03-17,2025-26,ok,22,0.92
2026-07-22T18:51:19.791456,1610612759,home,,2026-03-17,2025-26,ok,22,1.337
2026-07-22T18:51:21.325618,1610612759,away,,2026-03-17,2025-26,ok,22,0.811
2026-07-22T18:51:22.861652,1610612760,overall,,2026-03-17,2025-26,ok,22,0.814
2026-07-22T18:51:24.394476,1610612760,home,,2026-03-17,2025-26,ok,21,0.814
2026-07-22T18:51:26.378559,1610612760,away,,2026-03-17,2025-26,ok,22,1.264
2026-07-22T18:51:28.184542,1610612761,overall,,2026-03-17,2025-26,ok,20,1.085
2026-07-22T18:51:29.821238,1610612761,home,,2026-03-17,2025-26,ok,20,0.921
2026-07-22T18:51:31.361284,1610612761,away,,2026-03-17,2025-26,ok,18,0.824
2026-07-22T18:51:32.895753,1610612762,overall,,2026-03-17,2025-26,ok,25,0.814
2026-07-22T18:51:34.637814,1610612762,home,,2026-03-17,2025-26,ok,24,1.027
2026-07-22T18:51:36.173121,1610612762,away,,2026-03-17,2025-26,ok,25,0.812
2026-07-22T18:51:37.714031,1610612763,overall,,2026-03-17,2025-26,ok,31,0.819
2026-07-22T18:51:39.258963,1610612763,home,,2026-03-17,2025-26,ok,29,0.812
2026-07-22T18:51:40.784827,1610612763,away,,2026-03-17,2025-26,ok,31,0.804
2026-07-22T18:51:42.320644,1610612764,overall,,2026-03-17,2025-26,ok,29,0.815
2026-07-22T18:51:44.061333,1610612764,home,,2026-03-17,2025-26,ok,29,1.018
2026-07-22T18:51:45.805038,1610612764,away,,2026-03-17,2025-26,ok,29,1.022
2026-07-22T18:51:47.467290,1610612765,overall,,2026-03-17,2025-26,ok,21,0.951
2026-07-22T18:51:49.177689,1610612765,home,,2026-03-17,2025-26,ok,21,0.99
2026-07-22T18:51:50.719151,1610612765,away,,2026-03-17,2025-26,ok,20,0.823
2026-07-22T18:51:53.687958,1610612766,overall,,2026-03-17,2025-26,ok,24,2.244
2026-07-22T18:51:55.322300,1610612766,home,,2026-03-17,2025-26,ok,22,0.915
2026-07-22T18:51:56.857158,1610612766,away,,2026-03-17,2025-26,ok,24,0.812
2026-07-22T18:51:59.304743,1610612737,overall,,2026-03-24,2025-26,ok,28,1.726
2026-07-22T18:52:01.364655,1610612737,home,,2026-03-24,2025-26,ok,27,1.339
2026-07-22T18:52:02.902996,1610612737,away,,2026-03-24,2025-26,ok,28,0.815
2026-07-22T18:52:04.433455,1610612738,overall,,2026-03-24,2025-26,ok,21,0.819
2026-07-22T18:52:06.278127,1610612738,home,,2026-03-24,2025-26,ok,21,1.127
2026-07-22T18:52:07.918504,1610612738,away,,2026-03-24,2025-26,ok,21,0.916
2026-07-22T18:52:09.658656,1610612739,overall,,2026-03-24,2025-26,ok,25,1.023
2026-07-22T18:52:17.274201,1610612739,home,,2026-03-24,2025-26,ok,25,6.899
2026-07-22T18:52:18.778455,1610612739,away,,2026-03-24,2025-26,ok,25,0.79
2026-07-22T18:52:21.327210,1610612740,overall,,2026-03-24,2025-26,ok,20,1.83
2026-07-22T18:52:22.894700,1610612740,home,,2026-03-24,2025-26,ok,19,0.847
2026-07-22T18:52:24.401023,1610612740,away,,2026-03-24,2025-26,ok,20,0.793
2026-07-22T18:52:26.043168,1610612741,overall,,2026-03-24,2025-26,ok,29,0.93
2026-07-22T18:52:27.666577,1610612741,home,,2026-03-24,2025-26,ok,27,0.901
2026-07-22T18:52:29.322064,1610612741,away,,2026-03-24,2025-26,ok,29,0.931
2026-07-22T18:52:30.958007,1610612742,overall,,2026-03-24,2025-26,ok,25,0.913
2026-07-22T18:52:32.495580,1610612742,home,,2026-03-24,2025-26,ok,25,0.816
2026-07-22T18:52:34.233087,1610612742,away,,2026-03-24,2025-26,ok,25,1.018
2026-07-22T18:52:35.873900,1610612743,overall,,2026-03-24,2025-26,ok,20,0.919
2026-07-22T18:52:37.408506,1610612743,home,,2026-03-24,2025-26,ok,20,0.811
2026-07-22T18:52:39.049198,1610612743,away,,2026-03-24,2025-26,ok,20,0.922
2026-07-22T18:52:40.719026,1610612744,overall,,2026-03-24,2025-26,ok,23,0.954
2026-07-22T18:52:42.426297,1610612744,home,,2026-03-24,2025-26,ok,22,0.988
2026-07-22T18:52:44.065215,1610612744,away,,2026-03-24,2025-26,ok,23,0.917
2026-07-22T18:52:46.419628,1610612745,overall,,2026-03-24,2025-26,ok,19,1.632
2026-07-22T18:52:47.954185,1610612745,home,,2026-03-24,2025-26,ok,19,0.813
2026-07-22T18:52:49.567448,1610612745,away,,2026-03-24,2025-26,ok,19,0.89
2026-07-22T18:52:51.118338,1610612746,overall,,2026-03-24,2025-26,ok,26,0.833
2026-07-22T18:52:52.672903,1610612746,home,,2026-03-24,2025-26,ok,25,0.831
2026-07-22T18:52:54.204673,1610612746,away,,2026-03-24,2025-26,ok,26,0.794
2026-07-22T18:52:55.838744,1610612747,overall,,2026-03-24,2025-26,ok,20,0.916
2026-07-22T18:52:58.195502,1610612747,home,,2026-03-24,2025-26,ok,20,1.635
2026-07-22T18:52:59.947045,1610612747,away,,2026-03-24,2025-26,ok,20,1.029
2026-07-22T18:53:01.574419,1610612748,overall,,2026-03-24,2025-26,ok,18,0.91
2026-07-22T18:53:03.212769,1610612748,home,,2026-03-24,2025-26,ok,18,0.918
2026-07-22T18:53:05.159194,1610612748,away,,2026-03-24,2025-26,ok,18,1.228
2026-07-22T18:53:07.002401,1610612749,overall,,2026-03-24,2025-26,ok,21,1.123
2026-07-22T18:53:08.640040,1610612749,home,,2026-03-24,2025-26,ok,21,0.917
2026-07-22T18:53:10.176000,1610612749,away,,2026-03-24,2025-26,ok,21,0.816
2026-07-22T18:53:11.711276,1610612750,overall,,2026-03-24,2025-26,ok,22,0.82
2026-07-22T18:53:13.247182,1610612750,home,,2026-03-24,2025-26,ok,21,0.814
2026-07-22T18:53:14.708455,1610612750,away,,2026-03-24,2025-26,ok,22,0.745
2026-07-22T18:53:16.422397,1610612751,overall,,2026-03-24,2025-26,ok,22,0.998
2026-07-22T18:53:18.121949,1610612751,home,,2026-03-24,2025-26,ok,22,0.977
2026-07-22T18:53:19.703374,1610612751,away,,2026-03-24,2025-26,ok,22,0.861
2026-07-22T18:53:21.235674,1610612752,overall,,2026-03-24,2025-26,ok,20,0.812
2026-07-22T18:53:22.769250,1610612752,home,,2026-03-24,2025-26,ok,20,0.817
2026-07-22T18:53:24.614553,1610612752,away,,2026-03-24,2025-26,ok,20,1.123
2026-07-22T18:53:26.192584,1610612753,overall,,2026-03-24,2025-26,ok,19,0.856
2026-07-22T18:53:27.633755,1610612753,home,,2026-03-24,2025-26,ok,19,0.722
2026-07-22T18:53:29.426900,1610612753,away,,2026-03-24,2025-26,ok,19,1.073
2026-07-22T18:53:31.428493,1610612754,overall,,2026-03-24,2025-26,ok,29,1.285
2026-07-22T18:53:33.044604,1610612754,home,,2026-03-24,2025-26,ok,29,0.895
2026-07-22T18:53:34.554300,1610612754,away,,2026-03-24,2025-26,ok,29,0.791
2026-07-22T18:53:36.717502,1610612755,overall,,2026-03-24,2025-26,ok,23,1.446
2026-07-22T18:53:38.182212,1610612755,home,,2026-03-24,2025-26,ok,23,0.746
2026-07-22T18:53:39.769958,1610612755,away,,2026-03-24,2025-26,ok,23,0.874
2026-07-22T18:53:41.350642,1610612756,overall,,2026-03-24,2025-26,ok,21,0.857
2026-07-22T18:53:43.558350,1610612756,home,,2026-03-24,2025-26,ok,21,1.489
2026-07-22T18:53:45.301244,1610612756,away,,2026-03-24,2025-26,ok,21,1.028
2026-07-22T18:53:47.044782,1610612757,overall,,2026-03-24,2025-26,ok,21,1.022
2026-07-22T18:53:48.585686,1610612757,home,,2026-03-24,2025-26,ok,21,0.823
2026-07-22T18:53:50.112424,1610612757,away,,2026-03-24,2025-26,ok,21,0.809
2026-07-22T18:53:51.826096,1610612758,overall,,2026-03-24,2025-26,ok,22,0.991
2026-07-22T18:53:53.389757,1610612758,home,,2026-03-24,2025-26,ok,22,0.845
2026-07-22T18:53:55.335868,1610612758,away,,2026-03-24,2025-26,ok,22,1.227
2026-07-22T18:53:57.998398,1610612759,overall,,2026-03-24,2025-26,ok,22,1.941
2026-07-22T18:54:00.035159,1610612759,home,,2026-03-24,2025-26,ok,22,1.32
2026-07-22T18:54:01.529231,1610612759,away,,2026-03-24,2025-26,ok,22,0.775
2026-07-22T18:54:03.231231,1610612760,overall,,2026-03-24,2025-26,ok,22,0.983
2026-07-22T18:54:04.747920,1610612760,home,,2026-03-24,2025-26,ok,21,0.803
2026-07-22T18:54:06.436763,1610612760,away,,2026-03-24,2025-26,ok,22,0.968
2026-07-22T18:54:08.023302,1610612761,overall,,2026-03-24,2025-26,ok,21,0.875
2026-07-22T18:54:10.087150,1610612761,home,,2026-03-24,2025-26,ok,20,1.331
2026-07-22T18:54:12.124838,1610612761,away,,2026-03-24,2025-26,ok,19,1.318
2026-07-22T18:54:13.759093,1610612762,overall,,2026-03-24,2025-26,ok,26,0.901
2026-07-22T18:54:15.270747,1610612762,home,,2026-03-24,2025-26,ok,26,0.794
2026-07-22T18:54:17.383043,1610612762,away,,2026-03-24,2025-26,ok,25,1.38
2026-07-22T18:54:18.988611,1610612763,overall,,2026-03-24,2025-26,ok,31,0.889
2026-07-22T18:54:20.547579,1610612763,home,,2026-03-24,2025-26,ok,30,0.837
2026-07-22T18:54:22.268721,1610612763,away,,2026-03-24,2025-26,ok,31,1.006
2026-07-22T18:54:23.953117,1610612764,overall,,2026-03-24,2025-26,ok,29,0.954
2026-07-22T18:54:25.654687,1610612764,home,,2026-03-24,2025-26,ok,29,0.967
2026-07-22T18:54:27.365153,1610612764,away,,2026-03-24,2025-26,ok,29,0.976
2026-07-22T18:54:28.944137,1610612765,overall,,2026-03-24,2025-26,ok,21,0.856
2026-07-22T18:54:30.622043,1610612765,home,,2026-03-24,2025-26,ok,21,0.962
2026-07-22T18:54:32.354516,1610612765,away,,2026-03-24,2025-26,ok,20,1.015
2026-07-22T18:54:34.187074,1610612766,overall,,2026-03-24,2025-26,ok,24,1.114
2026-07-22T18:54:36.040160,1610612766,home,,2026-03-24,2025-26,ok,22,1.131
2026-07-22T18:54:41.211737,1610612766,away,,2026-03-24,2025-26,ok,24,4.458
2026-07-22T18:54:43.294303,1610612737,overall,,2026-03-31,2025-26,ok,28,1.367
2026-07-22T18:54:44.775796,1610612737,home,,2026-03-31,2025-26,ok,27,0.764
2026-07-22T18:54:46.558075,1610612737,away,,2026-03-31,2025-26,ok,28,1.069
2026-07-22T18:54:48.116775,1610612738,overall,,2026-03-31,2025-26,ok,21,0.841
2026-07-22T18:54:50.023004,1610612738,home,,2026-03-31,2025-26,ok,21,1.185
2026-07-22T18:54:51.536806,1610612738,away,,2026-03-31,2025-26,ok,21,0.797
2026-07-22T18:54:53.103043,1610612739,overall,,2026-03-31,2025-26,ok,25,0.851
2026-07-22T18:54:54.815653,1610612739,home,,2026-03-31,2025-26,ok,25,0.994
2026-07-22T18:54:56.472784,1610612739,away,,2026-03-31,2025-26,ok,25,0.936
2026-07-22T18:54:58.230667,1610612740,overall,,2026-03-31,2025-26,ok,20,1.039
2026-07-22T18:54:59.916738,1610612740,home,,2026-03-31,2025-26,ok,19,0.966
2026-07-22T18:55:01.400548,1610612740,away,,2026-03-31,2025-26,ok,20,0.763
2026-07-22T18:55:03.128694,1610612741,overall,,2026-03-31,2025-26,ok,29,1.014
2026-07-22T18:55:05.175430,1610612741,home,,2026-03-31,2025-26,ok,27,1.284
2026-07-22T18:55:06.947949,1610612741,away,,2026-03-31,2025-26,ok,29,1.048
2026-07-22T18:55:08.551593,1610612742,overall,,2026-03-31,2025-26,ok,25,0.884
2026-07-22T18:55:10.065918,1610612742,home,,2026-03-31,2025-26,ok,25,0.792
2026-07-22T18:55:11.659937,1610612742,away,,2026-03-31,2025-26,ok,25,0.869
2026-07-22T18:55:13.694718,1610612743,overall,,2026-03-31,2025-26,ok,20,1.315
2026-07-22T18:55:15.266991,1610612743,home,,2026-03-31,2025-26,ok,20,0.853
2026-07-22T18:55:18.976471,1610612743,away,,2026-03-31,2025-26,ok,20,2.991
2026-07-22T18:55:20.646236,1610612744,overall,,2026-03-31,2025-26,ok,23,0.948
2026-07-22T18:55:22.705913,1610612744,home,,2026-03-31,2025-26,ok,23,1.344
2026-07-22T18:55:24.504070,1610612744,away,,2026-03-31,2025-26,ok,23,1.073
2026-07-22T18:55:26.161365,1610612745,overall,,2026-03-31,2025-26,ok,19,0.911
2026-07-22T18:55:27.696980,1610612745,home,,2026-03-31,2025-26,ok,19,0.826
2026-07-22T18:55:29.218564,1610612745,away,,2026-03-31,2025-26,ok,19,0.803
2026-07-22T18:55:30.977724,1610612746,overall,,2026-03-31,2025-26,ok,26,1.036
2026-07-22T18:55:32.615970,1610612746,home,,2026-03-31,2025-26,ok,25,0.916
2026-07-22T18:55:34.467650,1610612746,away,,2026-03-31,2025-26,ok,26,1.131
2026-07-22T18:55:36.291060,1610612747,overall,,2026-03-31,2025-26,ok,20,1.103
2026-07-22T18:55:38.141929,1610612747,home,,2026-03-31,2025-26,ok,20,1.133
2026-07-22T18:55:39.841333,1610612747,away,,2026-03-31,2025-26,ok,20,0.978
2026-07-22T18:55:41.442101,1610612748,overall,,2026-03-31,2025-26,ok,18,0.882
2026-07-22T18:55:44.596542,1610612748,home,,2026-03-31,2025-26,ok,18,2.431
2026-07-22T18:55:46.254182,1610612748,away,,2026-03-31,2025-26,ok,18,0.942
2026-07-22T18:55:48.262188,1610612749,overall,,2026-03-31,2025-26,ok,21,1.286
2026-07-22T18:55:49.818526,1610612749,home,,2026-03-31,2025-26,ok,21,0.839
2026-07-22T18:55:51.404891,1610612749,away,,2026-03-31,2025-26,ok,21,0.863
2026-07-22T18:55:53.068620,1610612750,overall,,2026-03-31,2025-26,ok,22,0.946
2026-07-22T18:55:55.062812,1610612750,home,,2026-03-31,2025-26,ok,21,1.275
2026-07-22T18:55:56.662348,1610612750,away,,2026-03-31,2025-26,ok,22,0.884
2026-07-22T18:55:58.628123,1610612751,overall,,2026-03-31,2025-26,ok,22,1.246
2026-07-22T18:56:00.177097,1610612751,home,,2026-03-31,2025-26,ok,22,0.828
2026-07-22T18:56:01.873352,1610612751,away,,2026-03-31,2025-26,ok,22,0.974
2026-07-22T18:56:05.027659,1610612752,overall,,2026-03-31,2025-26,ok,20,2.442
2026-07-22T18:56:06.611798,1610612752,home,,2026-03-31,2025-26,ok,20,0.863
2026-07-22T18:56:08.108482,1610612752,away,,2026-03-31,2025-26,ok,20,0.785
2026-07-22T18:56:09.788233,1610612753,overall,,2026-03-31,2025-26,ok,19,0.964
2026-07-22T18:56:11.475401,1610612753,home,,2026-03-31,2025-26,ok,19,0.969
2026-07-22T18:56:13.221158,1610612753,away,,2026-03-31,2025-26,ok,19,1.034
2026-07-22T18:56:15.012099,1610612754,overall,,2026-03-31,2025-26,ok,29,1.072
2026-07-22T18:56:16.762562,1610612754,home,,2026-03-31,2025-26,ok,29,1.027
2026-07-22T18:56:18.338516,1610612754,away,,2026-03-31,2025-26,ok,29,0.856
2026-07-22T18:56:20.232670,1610612755,overall,,2026-03-31,2025-26,ok,23,1.178
2026-07-22T18:56:22.192528,1610612755,home,,2026-03-31,2025-26,ok,23,1.239
2026-07-22T18:56:23.731499,1610612755,away,,2026-03-31,2025-26,ok,23,0.815
2026-07-22T18:56:25.281238,1610612756,overall,,2026-03-31,2025-26,ok,21,0.83
2026-07-22T18:56:26.829667,1610612756,home,,2026-03-31,2025-26,ok,21,0.826
2026-07-22T18:56:29.651255,1610612756,away,,2026-03-31,2025-26,ok,21,2.102
2026-07-22T18:56:31.321862,1610612757,overall,,2026-03-31,2025-26,ok,21,0.949
2026-07-22T18:56:32.763542,1610612757,home,,2026-03-31,2025-26,ok,21,0.725
2026-07-22T18:56:34.254062,1610612757,away,,2026-03-31,2025-26,ok,21,0.77
2026-07-22T18:56:36.113152,1610612758,overall,,2026-03-31,2025-26,ok,23,1.138
2026-07-22T18:56:37.692395,1610612758,home,,2026-03-31,2025-26,ok,22,0.863
2026-07-22T18:56:39.374348,1610612758,away,,2026-03-31,2025-26,ok,23,0.968
2026-07-22T18:56:41.042918,1610612759,overall,,2026-03-31,2025-26,ok,22,0.863
2026-07-22T18:56:42.662464,1610612759,home,,2026-03-31,2025-26,ok,22,0.904
2026-07-22T18:56:44.305905,1610612759,away,,2026-03-31,2025-26,ok,22,0.927
2026-07-22T18:56:45.858166,1610612760,overall,,2026-03-31,2025-26,ok,22,0.838
2026-07-22T18:56:47.574759,1610612760,home,,2026-03-31,2025-26,ok,21,0.995
2026-07-22T18:56:49.333570,1610612760,away,,2026-03-31,2025-26,ok,22,1.038
2026-07-22T18:56:51.037656,1610612761,overall,,2026-03-31,2025-26,ok,21,0.989
2026-07-22T18:56:52.860526,1610612761,home,,2026-03-31,2025-26,ok,21,1.101
2026-07-22T18:56:54.836171,1610612761,away,,2026-03-31,2025-26,ok,19,1.256
2026-07-22T18:56:56.472896,1610612762,overall,,2026-03-31,2025-26,ok,26,0.922
2026-07-22T18:56:58.128953,1610612762,home,,2026-03-31,2025-26,ok,26,0.933
2026-07-22T18:56:59.598974,1610612762,away,,2026-03-31,2025-26,ok,26,0.748
2026-07-22T18:57:01.162476,1610612763,overall,,2026-03-31,2025-26,ok,32,0.844
2026-07-22T18:57:02.830889,1610612763,home,,2026-03-31,2025-26,ok,31,0.891
2026-07-22T18:57:05.336607,1610612763,away,,2026-03-31,2025-26,ok,31,1.758
2026-07-22T18:57:07.657007,1610612764,overall,,2026-03-31,2025-26,ok,29,1.587
2026-07-22T18:57:09.226227,1610612764,home,,2026-03-31,2025-26,ok,29,0.844
2026-07-22T18:57:10.736508,1610612764,away,,2026-03-31,2025-26,ok,29,0.79
2026-07-22T18:57:12.324660,1610612765,overall,,2026-03-31,2025-26,ok,21,0.862
2026-07-22T18:57:13.993760,1610612765,home,,2026-03-31,2025-26,ok,21,0.95
2026-07-22T18:57:15.530075,1610612765,away,,2026-03-31,2025-26,ok,20,0.821
2026-07-22T18:57:17.043419,1610612766,overall,,2026-03-31,2025-26,ok,24,0.795
2026-07-22T18:57:18.728239,1610612766,home,,2026-03-31,2025-26,ok,22,0.943
2026-07-22T18:57:20.344368,1610612766,away,,2026-03-31,2025-26,ok,24,0.893
2026-07-22T18:57:21.928398,1610612737,overall,,2026-04-07,2025-26,ok,29,0.865
2026-07-22T18:57:23.695562,1610612737,home,,2026-04-07,2025-26,ok,28,1.04
2026-07-22T18:57:25.269326,1610612737,away,,2026-04-07,2025-26,ok,28,0.846
2026-07-22T19:00:36.254762,1610612738,overall,,2026-04-07,2025-26,ok,21,1.201
2026-07-22T19:00:38.058671,1610612738,home,,2026-04-07,2025-26,ok,21,1.071
2026-07-22T19:00:40.197233,1610612738,away,,2026-04-07,2025-26,ok,21,1.394
2026-07-22T19:00:42.030057,1610612739,overall,,2026-04-07,2025-26,ok,25,1.085
2026-07-22T19:00:43.976986,1610612739,home,,2026-04-07,2025-26,ok,25,1.22
2026-07-22T19:00:51.776198,1610612739,away,,2026-04-07,2025-26,ok,25,7.077
2026-07-22T19:00:53.953229,1610612740,overall,,2026-04-07,2025-26,ok,20,1.451
2026-07-22T19:00:55.851609,1610612740,home,,2026-04-07,2025-26,ok,19,1.182
2026-07-22T19:01:01.026657,1610612740,away,,2026-04-07,2025-26,ok,20,4.431
2026-07-22T19:01:03.354640,1610612741,overall,,2026-04-07,2025-26,ok,29,1.564
2026-07-22T19:01:07.449332,1610612741,home,,2026-04-07,2025-26,ok,27,3.371
2026-07-22T19:01:09.015389,1610612741,away,,2026-04-07,2025-26,ok,29,0.839
2026-07-22T19:01:10.608829,1610612742,overall,,2026-04-07,2025-26,ok,25,0.851
2026-07-22T19:01:12.873647,1610612742,home,,2026-04-07,2025-26,ok,25,1.528
2026-07-22T19:01:14.593614,1610612742,away,,2026-04-07,2025-26,ok,25,0.996
2026-07-22T19:01:16.535637,1610612743,overall,,2026-04-07,2025-26,ok,20,1.212
2026-07-22T19:01:18.773256,1610612743,home,,2026-04-07,2025-26,ok,20,1.517
2026-07-22T19:01:20.287229,1610612743,away,,2026-04-07,2025-26,ok,20,0.792
2026-07-22T19:01:21.908426,1610612744,overall,,2026-04-07,2025-26,ok,24,0.893
2026-07-22T19:01:23.696448,1610612744,home,,2026-04-07,2025-26,ok,24,1.04
2026-07-22T19:01:25.370761,1610612744,away,,2026-04-07,2025-26,ok,23,0.905
2026-07-22T19:01:27.921788,1610612745,overall,,2026-04-07,2025-26,ok,19,1.807
2026-07-22T19:01:29.614819,1610612745,home,,2026-04-07,2025-26,ok,19,0.788
2026-07-22T19:01:31.508036,1610612745,away,,2026-04-07,2025-26,ok,19,0.995
2026-07-22T19:01:33.547644,1610612746,overall,,2026-04-07,2025-26,ok,26,1.317
2026-07-22T19:01:35.083728,1610612746,home,,2026-04-07,2025-26,ok,25,0.779
2026-07-22T19:01:36.593999,1610612746,away,,2026-04-07,2025-26,ok,26,0.779
2026-07-22T19:01:38.362256,1610612747,overall,,2026-04-07,2025-26,ok,20,1.045
2026-07-22T19:01:40.179396,1610612747,home,,2026-04-07,2025-26,ok,20,1.095
2026-07-22T19:01:42.285101,1610612747,away,,2026-04-07,2025-26,ok,20,1.374
2026-07-22T19:01:43.975971,1610612748,overall,,2026-04-07,2025-26,ok,18,0.96
2026-07-22T19:01:46.143117,1610612748,home,,2026-04-07,2025-26,ok,18,1.415
2026-07-22T19:01:47.931683,1610612748,away,,2026-04-07,2025-26,ok,18,1.06
2026-07-22T19:01:49.448948,1610612749,overall,,2026-04-07,2025-26,ok,21,0.789
2026-07-22T19:01:52.518712,1610612749,home,,2026-04-07,2025-26,ok,21,2.276
2026-07-22T19:01:54.198955,1610612749,away,,2026-04-07,2025-26,ok,21,0.872
2026-07-22T19:01:56.227371,1610612750,overall,,2026-04-07,2025-26,ok,22,1.075
2026-07-22T19:01:57.882532,1610612750,home,,2026-04-07,2025-26,ok,21,0.934
2026-07-22T19:02:00.421934,1610612750,away,,2026-04-07,2025-26,ok,22,1.798
2026-07-22T19:02:02.188228,1610612751,overall,,2026-04-07,2025-26,ok,23,1.029
2026-07-22T19:02:03.731421,1610612751,home,,2026-04-07,2025-26,ok,23,0.821
2026-07-22T19:02:05.283585,1610612751,away,,2026-04-07,2025-26,ok,22,0.829
2026-07-22T19:02:07.356413,1610612752,overall,,2026-04-07,2025-26,ok,20,1.34
2026-07-22T19:02:08.865624,1610612752,home,,2026-04-07,2025-26,ok,20,0.775
2026-07-22T19:02:10.751507,1610612752,away,,2026-04-07,2025-26,ok,20,1.165
2026-07-22T19:02:12.235351,1610612753,overall,,2026-04-07,2025-26,ok,19,0.758
2026-07-22T19:02:13.927767,1610612753,home,,2026-04-07,2025-26,ok,19,0.818
2026-07-22T19:02:15.673809,1610612753,away,,2026-04-07,2025-26,ok,19,0.991
2026-07-22T19:02:17.335876,1610612754,overall,,2026-04-07,2025-26,ok,29,0.87
2026-07-22T19:02:19.408961,1610612754,home,,2026-04-07,2025-26,ok,29,1.348
2026-07-22T19:02:21.144374,1610612754,away,,2026-04-07,2025-26,ok,29,1.008
2026-07-22T19:02:23.399043,1610612755,overall,,2026-04-07,2025-26,ok,23,0.926
2026-07-22T19:02:24.961386,1610612755,home,,2026-04-07,2025-26,ok,23,0.805
2026-07-22T19:02:26.522320,1610612755,away,,2026-04-07,2025-26,ok,23,0.833
2026-07-22T19:02:28.436147,1610612756,overall,,2026-04-07,2025-26,ok,21,0.917
2026-07-22T19:02:29.941901,1610612756,home,,2026-04-07,2025-26,ok,21,0.791
2026-07-22T19:02:31.492330,1610612756,away,,2026-04-07,2025-26,ok,21,0.824
2026-07-22T19:02:33.165131,1610612757,overall,,2026-04-07,2025-26,ok,21,0.939
2026-07-22T19:02:34.872676,1610612757,home,,2026-04-07,2025-26,ok,21,0.975
2026-07-22T19:02:36.587613,1610612757,away,,2026-04-07,2025-26,ok,21,0.988
2026-07-22T19:02:38.373207,1610612758,overall,,2026-04-07,2025-26,ok,23,1.06
2026-07-22T19:02:41.593795,1610612758,home,,2026-04-07,2025-26,ok,23,2.501
2026-07-22T19:02:43.166935,1610612758,away,,2026-04-07,2025-26,ok,23,0.846
2026-07-22T19:02:44.908967,1610612759,overall,,2026-04-07,2025-26,ok,22,0.915
2026-07-22T19:02:47.344337,1610612759,home,,2026-04-07,2025-26,ok,22,1.717
2026-07-22T19:02:48.904235,1610612759,away,,2026-04-07,2025-26,ok,22,0.832
2026-07-22T19:02:50.430397,1610612760,overall,,2026-04-07,2025-26,ok,22,0.801
2026-07-22T19:02:53.704914,1610612760,home,,2026-04-07,2025-26,ok,21,2.552
2026-07-22T19:02:55.856165,1610612760,away,,2026-04-07,2025-26,ok,22,1.434
2026-07-22T19:02:57.833401,1610612761,overall,,2026-04-07,2025-26,ok,22,1.248
2026-07-22T19:02:59.508124,1610612761,home,,2026-04-07,2025-26,ok,22,0.949
2026-07-22T19:03:01.709575,1610612761,away,,2026-04-07,2025-26,ok,19,1.445
2026-07-22T19:03:03.459448,1610612762,overall,,2026-04-07,2025-26,ok,26,1.015
2026-07-22T19:03:05.284361,1610612762,home,,2026-04-07,2025-26,ok,26,1.094
2026-07-22T19:03:07.013409,1610612762,away,,2026-04-07,2025-26,ok,26,1.014
2026-07-22T19:03:10.536981,1610612763,overall,,2026-04-07,2025-26,ok,35,2.773
2026-07-22T19:03:12.146783,1610612763,home,,2026-04-07,2025-26,ok,34,0.888
2026-07-22T19:03:13.981267,1610612763,away,,2026-04-07,2025-26,ok,35,1.113
2026-07-22T19:03:16.293356,1610612764,overall,,2026-04-07,2025-26,ok,29,1.582
2026-07-22T19:03:18.389098,1610612764,home,,2026-04-07,2025-26,ok,29,1.373
2026-07-22T19:03:20.285832,1610612764,away,,2026-04-07,2025-26,ok,29,1.179
2026-07-22T19:03:25.872597,1610612765,overall,,2026-04-07,2025-26,ok,21,4.859
2026-07-22T19:03:27.502120,1610612765,home,,2026-04-07,2025-26,ok,21,0.896
2026-07-22T19:03:29.490143,1610612765,away,,2026-04-07,2025-26,ok,20,1.265
2026-07-22T19:03:31.108489,1610612766,overall,,2026-04-07,2025-26,ok,24,0.879
2026-07-22T19:03:32.712707,1610612766,home,,2026-04-07,2025-26,ok,22,0.887
2026-07-22T19:03:34.294504,1610612766,away,,2026-04-07,2025-26,ok,24,0.861
2026-07-22T19:03:41.937970,1610612756,vs_opponent,1610612745,2026-04-06,2025-26,ok,17,1.284
2026-07-22T19:03:43.780548,1610612745,vs_opponent,1610612756,2026-04-06,2025-26,ok,19,1.123
2026-07-22T19:03:49.260024,1610612761,vs_opponent,1610612748,2026-04-06,2025-26,ok,17,4.758
2026-07-22T19:03:51.129346,1610612748,vs_opponent,1610612761,2026-04-06,2025-26,ok,17,1.148
2026-07-22T19:03:52.789041,1610612764,vs_opponent,1610612741,2026-04-06,2025-26,ok,18,0.939
2026-07-22T19:03:54.731950,1610612741,vs_opponent,1610612764,2026-04-06,2025-26,ok,18,1.219
2026-07-22T19:03:59.002866,1610612737,vs_opponent,1610612752,2026-04-05,2025-26,ok,18,3.533
2026-07-22T19:04:00.775329,1610612752,vs_opponent,1610612737,2026-04-05,2025-26,ok,17,1.06
2026-07-22T19:04:02.483155,1610612743,vs_opponent,1610612757,2026-04-05,2025-26,ok,20,0.989
2026-07-22T19:04:04.187489,1610612757,vs_opponent,1610612743,2026-04-05,2025-26,ok,21,0.984
2026-07-22T19:04:05.936677,1610612753,vs_opponent,1610612765,2026-04-05,2025-26,ok,19,1.029
2026-07-22T19:04:07.630043,1610612765,vs_opponent,1610612753,2026-04-05,2025-26,ok,20,0.979
2026-07-22T19:04:09.853272,1610612759,vs_opponent,1610612755,2026-04-05,2025-26,ok,18,1.402
2026-07-22T19:04:11.848181,1610612755,vs_opponent,1610612759,2026-04-05,2025-26,ok,18,1.25
2026-07-22T19:04:13.834785,1610612763,vs_opponent,1610612739,2026-04-05,2025-26,ok,18,1.268
2026-07-22T19:04:15.829618,1610612739,vs_opponent,1610612763,2026-04-05,2025-26,ok,17,1.276
2026-07-22T19:04:17.779987,1610612738,vs_opponent,1610612761,2026-04-04,2025-26,ok,17,1.202
2026-07-22T19:04:19.422493,1610612761,vs_opponent,1610612738,2026-04-04,2025-26,ok,17,0.914
2026-07-22T19:04:21.078146,1610612739,vs_opponent,1610612754,2026-04-04,2025-26,ok,17,0.936
2026-07-22T19:04:22.729347,1610612754,vs_opponent,1610612739,2026-04-04,2025-26,ok,21,0.926
2026-07-22T19:04:24.530328,1610612740,vs_opponent,1610612753,2026-04-04,2025-26,ok,18,1.087
2026-07-22T19:04:26.167647,1610612753,vs_opponent,1610612740,2026-04-04,2025-26,ok,17,0.923
2026-07-22T19:04:27.907080,1610612741,vs_opponent,1610612756,2026-04-04,2025-26,ok,18,1.026
2026-07-22T19:04:29.853011,1610612756,vs_opponent,1610612741,2026-04-04,2025-26,ok,18,1.232
2026-07-22T19:04:31.594200,1610612742,vs_opponent,1610612747,2026-04-04,2025-26,ok,23,1.019
2026-07-22T19:04:33.441921,1610612747,vs_opponent,1610612742,2026-04-04,2025-26,ok,19,1.134
2026-07-22T19:04:35.195147,1610612744,vs_opponent,1610612745,2026-04-04,2025-26,ok,22,1.013
2026-07-22T19:04:36.912637,1610612745,vs_opponent,1610612744,2026-04-04,2025-26,ok,18,0.999
2026-07-22T19:04:38.872491,1610612749,vs_opponent,1610612763,2026-04-04,2025-26,ok,18,1.244
2026-07-22T19:04:41.114853,1610612763,vs_opponent,1610612749,2026-04-04,2025-26,ok,19,1.524
2026-07-22T19:04:42.860213,1610612750,vs_opponent,1610612766,2026-04-04,2025-26,ok,17,1.026
2026-07-22T19:04:44.703607,1610612766,vs_opponent,1610612750,2026-04-04,2025-26,ok,18,1.125
2026-07-22T19:04:46.544944,1610612751,vs_opponent,1610612764,2026-04-04,2025-26,ok,20,1.12
2026-07-22T19:04:48.186831,1610612764,vs_opponent,1610612751,2026-04-04,2025-26,ok,24,0.921
2026-07-22T19:04:49.853138,1610612758,vs_opponent,1610612746,2026-04-04,2025-26,ok,21,0.95
2026-07-22T19:04:51.974177,1610612746,vs_opponent,1610612758,2026-04-04,2025-26,ok,22,1.401
2026-07-22T19:04:53.815833,1610612760,vs_opponent,1610612762,2026-04-04,2025-26,ok,18,1.126
2026-07-22T19:04:55.658150,1610612762,vs_opponent,1610612760,2026-04-04,2025-26,ok,18,1.128
2026-07-22T19:04:57.401716,1610612743,vs_opponent,1610612759,2026-04-03,2025-26,ok,20,1.025
2026-07-22T19:04:59.039424,1610612759,vs_opponent,1610612743,2026-04-03,2025-26,ok,20,0.921
2026-07-22T19:05:00.880391,1610612748,vs_opponent,1610612764,2026-04-03,2025-26,ok,18,1.127
2026-07-22T19:05:02.519050,1610612764,vs_opponent,1610612748,2026-04-03,2025-26,ok,20,0.921
2026-07-22T19:05:04.263860,1610612755,vs_opponent,1610612765,2026-04-03,2025-26,ok,21,1.022
2026-07-22T19:05:05.916299,1610612765,vs_opponent,1610612755,2026-04-03,2025-26,ok,20,0.94
2026-07-22T19:05:07.841778,1610612742,vs_opponent,1610612753,2026-04-02,2025-26,ok,18,1.207
2026-07-22T19:05:09.698934,1610612753,vs_opponent,1610612742,2026-04-02,2025-26,ok,17,1.143
2026-07-22T19:05:11.365215,1610612745,vs_opponent,1610612762,2026-04-02,2025-26,ok,18,0.948
2026-07-22T19:05:13.389662,1610612762,vs_opponent,1610612745,2026-04-02,2025-26,ok,22,1.309
2026-07-22T19:05:15.093607,1610612749,vs_opponent,1610612738,2026-04-02,2025-26,ok,21,0.971
2026-07-22T19:05:16.754419,1610612738,vs_opponent,1610612749,2026-04-02,2025-26,ok,19,0.941
2026-07-22T19:05:18.492461,1610612751,vs_opponent,1610612737,2026-04-02,2025-26,ok,20,1.026
2026-07-22T19:05:20.239706,1610612737,vs_opponent,1610612751,2026-04-02,2025-26,ok,26,1.03
2026-07-22T19:05:21.944148,1610612752,vs_opponent,1610612741,2026-04-02,2025-26,ok,20,0.988
2026-07-22T19:05:23.500653,1610612741,vs_opponent,1610612752,2026-04-02,2025-26,ok,27,0.835
2026-07-22T19:05:25.246785,1610612755,vs_opponent,1610612750,2026-04-02,2025-26,ok,18,1.029
2026-07-22T19:05:27.298960,1610612750,vs_opponent,1610612755,2026-04-02,2025-26,ok,16,1.336
2026-07-22T19:05:29.143136,1610612758,vs_opponent,1610612740,2026-04-02,2025-26,ok,18,1.129
2026-07-22T19:05:30.879885,1610612740,vs_opponent,1610612758,2026-04-02,2025-26,ok,18,1.024
2026-07-22T19:05:32.727856,1610612763,vs_opponent,1610612761,2026-04-02,2025-26,ok,19,1.131
2026-07-22T19:05:34.769950,1610612761,vs_opponent,1610612763,2026-04-02,2025-26,ok,17,1.327
2026-07-22T19:05:36.822170,1610612766,vs_opponent,1610612754,2026-04-02,2025-26,ok,22,1.337
2026-07-22T19:05:38.566388,1610612754,vs_opponent,1610612766,2026-04-02,2025-26,ok,23,1.026
2026-07-22T19:05:40.305544,1610612744,vs_opponent,1610612739,2026-04-01,2025-26,ok,18,1.023
2026-07-22T19:05:42.145953,1610612739,vs_opponent,1610612744,2026-04-01,2025-26,ok,17,1.126
2026-07-22T19:05:43.889017,1610612746,vs_opponent,1610612759,2026-04-01,2025-26,ok,18,1.027
2026-07-22T19:05:45.555668,1610612759,vs_opponent,1610612746,2026-04-01,2025-26,ok,18,0.953
2026-07-22T19:05:47.371443,1610612757,vs_opponent,1610612740,2026-04-01,2025-26,ok,18,1.099
2026-07-22T19:05:49.013283,1610612740,vs_opponent,1610612757,2026-04-01,2025-26,ok,18,0.92
2026-07-22T19:05:50.849073,1610612760,vs_opponent,1610612747,2026-04-01,2025-26,ok,20,1.118
2026-07-22T19:05:52.535108,1610612747,vs_opponent,1610612760,2026-04-01,2025-26,ok,20,0.971
2026-07-22T19:05:54.230484,1610612765,vs_opponent,1610612750,2026-04-01,2025-26,ok,18,0.976
2026-07-22T19:05:56.175872,1610612750,vs_opponent,1610612765,2026-04-01,2025-26,ok,18,1.21
2026-07-22T19:05:57.619963,1610612766,vs_opponent,1610612756,2026-04-01,2025-26,ok,18,0.726
2026-07-22T19:06:07.118806,1610612756,vs_opponent,1610612766,2026-04-01,2025-26,ok,18,8.76
2026-07-22T19:06:08.773113,1610612741,vs_opponent,1610612754,2026-03-31,2025-26,ok,19,0.936
2026-07-22T19:06:10.640445,1610612754,vs_opponent,1610612741,2026-03-31,2025-26,ok,21,1.153
2026-07-22T19:06:12.254562,1610612744,vs_opponent,1610612759,2026-03-31,2025-26,ok,21,0.894
2026-07-22T19:06:13.791854,1610612759,vs_opponent,1610612744,2026-03-31,2025-26,ok,19,0.819
2026-07-22T19:06:15.325857,1610612745,vs_opponent,1610612749,2026-03-31,2025-26,ok,17,0.818
2026-07-22T19:06:17.269863,1610612749,vs_opponent,1610612745,2026-03-31,2025-26,ok,18,1.228
2026-07-22T19:06:18.821325,1610612748,vs_opponent,1610612738,2026-03-31,2025-26,ok,17,0.837
2026-07-22T19:06:20.423335,1610612738,vs_opponent,1610612748,2026-03-31,2025-26,ok,19,0.885
2026-07-22T19:06:22.097647,1610612753,vs_opponent,1610612737,2026-03-31,2025-26,ok,19,0.954
2026-07-22T19:06:23.830882,1610612737,vs_opponent,1610612753,2026-03-31,2025-26,ok,26,1.015
2026-07-22T19:06:25.619750,1610612761,vs_opponent,1610612758,2026-03-31,2025-26,ok,17,1.071
2026-07-22T19:06:27.350154,1610612758,vs_opponent,1610612761,2026-03-31,2025-26,ok,18,1.016
2026-07-22T19:06:28.945462,1610612762,vs_opponent,1610612743,2026-03-31,2025-26,ok,25,0.877
2026-07-22T19:06:30.580809,1610612743,vs_opponent,1610612762,2026-03-31,2025-26,ok,20,0.922
2026-07-22T19:06:32.118784,1610612763,vs_opponent,1610612752,2026-03-31,2025-26,ok,18,0.819
2026-07-22T19:06:33.736020,1610612752,vs_opponent,1610612763,2026-03-31,2025-26,ok,17,0.903
2026-07-22T19:06:36.215814,1610612764,vs_opponent,1610612755,2026-03-31,2025-26,ok,18,1.762
2026-07-22T19:06:37.855180,1610612755,vs_opponent,1610612764,2026-03-31,2025-26,ok,18,0.923
2026-07-22T19:06:39.803716,1610612745,vs_opponent,1610612752,2026-03-30,2025-26,ok,17,1.231
2026-07-22T19:06:41.333222,1610612752,vs_opponent,1610612745,2026-03-30,2025-26,ok,18,0.818
2026-07-22T19:06:44.202690,1610612746,vs_opponent,1610612757,2026-03-30,2025-26,ok,18,2.151
2026-07-22T19:06:49.031129,1610612757,vs_opponent,1610612746,2026-03-30,2025-26,ok,18,4.113
2026-07-22T19:06:50.755934,1610612747,vs_opponent,1610612739,2026-03-30,2025-26,ok,17,1.005
2026-07-22T19:06:52.597297,1610612739,vs_opponent,1610612747,2026-03-30,2025-26,ok,17,1.125
2026-07-22T19:06:54.340641,1610612749,vs_opponent,1610612742,2026-03-30,2025-26,ok,18,1.024
2026-07-22T19:06:56.067089,1610612742,vs_opponent,1610612749,2026-03-30,2025-26,ok,18,1.003
2026-07-22T19:06:58.234388,1610612751,vs_opponent,1610612766,2026-03-30,2025-26,ok,17,1.448
2026-07-22T19:07:02.427489,1610612766,vs_opponent,1610612751,2026-03-30,2025-26,ok,18,3.481
2026-07-22T19:07:04.170211,1610612753,vs_opponent,1610612756,2026-03-30,2025-26,ok,17,1.024
2026-07-22T19:07:06.153631,1610612756,vs_opponent,1610612753,2026-03-30,2025-26,ok,18,1.266
2026-07-22T19:07:15.118785,1610612765,vs_opponent,1610612761,2026-03-30,2025-26,ok,18,8.246
2026-07-22T19:07:19.713479,1610612761,vs_opponent,1610612765,2026-03-30,2025-26,ok,18,3.875
2026-07-22T19:07:21.475364,1610612737,vs_opponent,1610612738,2026-03-29,2025-26,ok,23,1.044
2026-07-22T19:07:23.115863,1610612738,vs_opponent,1610612737,2026-03-29,2025-26,ok,20,0.923
2026-07-22T19:07:24.649375,1610612742,vs_opponent,1610612750,2026-03-29,2025-26,ok,22,0.814
2026-07-22T19:07:26.290290,1610612750,vs_opponent,1610612742,2026-03-29,2025-26,ok,19,0.922
2026-07-22T19:07:28.028008,1610612747,vs_opponent,1610612764,2026-03-29,2025-26,ok,17,1.023
2026-07-22T19:07:29.565291,1610612764,vs_opponent,1610612747,2026-03-29,2025-26,ok,18,0.82
2026-07-22T19:07:31.102979,1610612748,vs_opponent,1610612755,2026-03-29,2025-26,ok,18,0.819
2026-07-22T19:07:32.938718,1610612755,vs_opponent,1610612748,2026-03-29,2025-26,ok,21,1.125
2026-07-22T19:07:34.533945,1610612759,vs_opponent,1610612741,2026-03-29,2025-26,ok,18,0.878
2026-07-22T19:07:36.131109,1610612741,vs_opponent,1610612759,2026-03-29,2025-26,ok,18,0.878
2026-07-22T19:07:37.842957,1610612760,vs_opponent,1610612765,2026-03-29,2025-26,ok,18,0.993
2026-07-22T19:07:39.293613,1610612765,vs_opponent,1610612760,2026-03-29,2025-26,ok,18,0.735
2026-07-22T19:07:40.821128,1610612762,vs_opponent,1610612739,2026-03-29,2025-26,ok,18,0.816
2026-07-22T19:07:42.469224,1610612739,vs_opponent,1610612762,2026-03-29,2025-26,ok,17,0.929
2026-07-22T19:07:44.417525,1610612763,vs_opponent,1610612756,2026-03-29,2025-26,ok,21,1.23
2026-07-22T19:07:46.274501,1610612756,vs_opponent,1610612763,2026-03-29,2025-26,ok,18,1.139
2026-07-22T19:07:47.890791,1610612740,vs_opponent,1610612745,2026-03-28,2025-26,ok,19,0.898
2026-07-22T19:07:49.430837,1610612745,vs_opponent,1610612740,2026-03-28,2025-26,ok,18,0.823
2026-07-22T19:07:51.174512,1610612743,vs_opponent,1610612744,2026-03-28,2025-26,ok,18,1.022
2026-07-22T19:07:53.016812,1610612744,vs_opponent,1610612743,2026-03-28,2025-26,ok,22,1.125
2026-07-22T19:07:54.655162,1610612749,vs_opponent,1610612746,2026-03-28,2025-26,ok,18,0.915
2026-07-22T19:07:56.395681,1610612746,vs_opponent,1610612749,2026-03-28,2025-26,ok,18,1.014
2026-07-22T19:07:57.931225,1610612751,vs_opponent,1610612758,2026-03-28,2025-26,ok,18,0.815
2026-07-22T19:07:59.458779,1610612758,vs_opponent,1610612751,2026-03-28,2025-26,ok,18,0.812
2026-07-22T19:08:01.164936,1610612754,vs_opponent,1610612748,2026-03-28,2025-26,ok,18,0.992
2026-07-22T19:08:02.846096,1610612748,vs_opponent,1610612754,2026-03-28,2025-26,ok,17,0.968
2026-07-22T19:08:04.379195,1610612757,vs_opponent,1610612764,2026-03-28,2025-26,ok,18,0.815
2026-07-22T19:08:05.844163,1610612764,vs_opponent,1610612757,2026-03-28,2025-26,ok,18,0.75
2026-07-22T19:08:07.350806,1610612760,vs_opponent,1610612752,2026-03-28,2025-26,ok,18,0.791
2026-07-22T19:08:08.981722,1610612752,vs_opponent,1610612760,2026-03-28,2025-26,ok,18,0.913
2026-07-22T19:08:10.627417,1610612761,vs_opponent,1610612753,2026-03-28,2025-26,ok,18,0.928
2026-07-22T19:08:13.288051,1610612753,vs_opponent,1610612761,2026-03-28,2025-26,ok,17,1.947
2026-07-22T19:08:15.033940,1610612766,vs_opponent,1610612738,2026-03-28,2025-26,ok,18,1.029
2026-07-22T19:08:16.569316,1610612738,vs_opponent,1610612766,2026-03-28,2025-26,ok,15,0.82
2026-07-22T19:08:18.101614,1610612737,vs_opponent,1610612758,2026-03-27,2025-26,ok,17,0.815
2026-07-22T19:08:19.640695,1610612758,vs_opponent,1610612737,2026-03-27,2025-26,ok,18,0.826
2026-07-22T19:08:21.145969,1610612749,vs_opponent,1610612759,2026-03-27,2025-26,ok,17,0.787
2026-07-22T19:08:22.816193,1610612759,vs_opponent,1610612749,2026-03-27,2025-26,ok,18,0.958
2026-07-22T19:08:24.330650,1610612750,vs_opponent,1610612765,2026-03-27,2025-26,empty,0,0.81
2026-07-22T19:08:25.762729,1610612765,vs_opponent,1610612750,2026-03-27,2025-26,empty,0,0.724
2026-07-22T19:08:27.436854,1610612756,vs_opponent,1610612762,2026-03-27,2025-26,ok,17,0.957
2026-07-22T19:08:29.113864,1610612762,vs_opponent,1610612756,2026-03-27,2025-26,ok,18,0.959
2026-07-22T19:08:30.698179,1610612763,vs_opponent,1610612741,2026-03-27,2025-26,ok,20,0.865
2026-07-22T19:08:32.256034,1610612741,vs_opponent,1610612763,2026-03-27,2025-26,ok,18,0.839
2026-07-22T19:08:34.078421,1610612766,vs_opponent,1610612755,2026-03-27,2025-26,ok,19,1.107
2026-07-22T19:08:35.837727,1610612755,vs_opponent,1610612766,2026-03-27,2025-26,ok,19,1.046
2026-07-22T19:08:37.455576,1610612738,vs_opponent,1610612737,2026-03-26,2025-26,ok,17,0.902
2026-07-22T19:08:40.704318,1610612737,vs_opponent,1610612738,2026-03-26,2025-26,ok,18,2.528
2026-07-22T19:08:43.398313,1610612739,vs_opponent,1610612748,2026-03-26,2025-26,ok,23,1.975
2026-07-22T19:08:45.627510,1610612748,vs_opponent,1610612739,2026-03-26,2025-26,ok,18,1.51
2026-07-22T19:08:47.391568,1610612743,vs_opponent,1610612762,2026-03-26,2025-26,ok,18,1.044
2026-07-22T19:08:48.844638,1610612762,vs_opponent,1610612743,2026-03-26,2025-26,ok,23,0.737
2026-07-22T19:08:50.461205,1610612744,vs_opponent,1610612764,2026-03-26,2025-26,ok,18,0.898
2026-07-22T19:08:52.105319,1610612764,vs_opponent,1610612744,2026-03-26,2025-26,ok,18,0.929
2026-07-22T19:08:53.739889,1610612747,vs_opponent,1610612751,2026-03-26,2025-26,ok,17,0.913
2026-07-22T19:08:55.323529,1610612751,vs_opponent,1610612747,2026-03-26,2025-26,ok,18,0.866
2026-07-22T19:08:56.966857,1610612754,vs_opponent,1610612746,2026-03-26,2025-26,ok,18,0.928
2026-07-22T19:08:58.458470,1610612746,vs_opponent,1610612754,2026-03-26,2025-26,ok,18,0.773
2026-07-22T19:08:59.986104,1610612757,vs_opponent,1610612742,2026-03-26,2025-26,ok,18,0.808
2026-07-22T19:09:01.624474,1610612742,vs_opponent,1610612757,2026-03-26,2025-26,ok,18,0.921
2026-07-22T19:09:03.467420,1610612760,vs_opponent,1610612741,2026-03-26,2025-26,ok,18,1.124
2026-07-22T19:09:05.208003,1610612741,vs_opponent,1610612760,2026-03-26,2025-26,ok,18,1.022
2026-07-22T19:09:06.943389,1610612761,vs_opponent,1610612740,2026-03-26,2025-26,ok,17,1.024
2026-07-22T19:09:08.472922,1610612740,vs_opponent,1610612761,2026-03-26,2025-26,ok,18,0.815
2026-07-22T19:09:10.020774,1610612763,vs_opponent,1610612745,2026-03-26,2025-26,ok,20,0.831
2026-07-22T19:09:11.761128,1610612745,vs_opponent,1610612763,2026-03-26,2025-26,ok,18,1.022
2026-07-22T19:09:13.810750,1610612753,vs_opponent,1610612758,2026-03-25,2025-26,ok,17,1.331
2026-07-22T19:09:15.447886,1610612758,vs_opponent,1610612753,2026-03-25,2025-26,ok,16,0.919
2026-07-22T19:09:17.186249,1610612765,vs_opponent,1610612740,2026-03-25,2025-26,ok,18,1.018
2026-07-22T19:09:19.236549,1610612740,vs_opponent,1610612765,2026-03-25,2025-26,ok,18,1.333
2026-07-22T19:09:20.908634,1610612766,vs_opponent,1610612752,2026-03-25,2025-26,ok,18,0.955
2026-07-22T19:09:22.613211,1610612752,vs_opponent,1610612766,2026-03-25,2025-26,ok,17,0.992
2026-07-22T19:09:24.152651,1610612738,vs_opponent,1610612760,2026-03-24,2025-26,ok,15,0.82
2026-07-22T19:09:25.892180,1610612760,vs_opponent,1610612738,2026-03-24,2025-26,ok,18,1.025
2026-07-22T19:09:27.635326,1610612739,vs_opponent,1610612748,2026-03-24,2025-26,ok,17,1.023
2026-07-22T19:09:29.373137,1610612748,vs_opponent,1610612739,2026-03-24,2025-26,ok,17,1.023
2026-07-22T19:09:31.328884,1610612743,vs_opponent,1610612742,2026-03-24,2025-26,ok,17,1.239
2026-07-22T19:09:32.852017,1610612742,vs_opponent,1610612743,2026-03-24,2025-26,ok,18,0.809
2026-07-22T19:09:36.129318,1610612744,vs_opponent,1610612751,2026-03-24,2025-26,ok,18,2.562
2026-07-22T19:09:37.666173,1610612751,vs_opponent,1610612744,2026-03-24,2025-26,ok,18,0.824
2026-07-22T19:09:39.204354,1610612746,vs_opponent,1610612761,2026-03-24,2025-26,ok,18,0.821
2026-07-22T19:09:40.836677,1610612761,vs_opponent,1610612746,2026-03-24,2025-26,ok,17,0.918
2026-07-22T19:09:42.377985,1610612750,vs_opponent,1610612745,2026-03-24,2025-26,ok,17,0.825
2026-07-22T19:09:43.913306,1610612745,vs_opponent,1610612750,2026-03-24,2025-26,ok,17,0.817
2026-07-22T19:09:45.448278,1610612754,vs_opponent,1610612747,2026-03-24,2025-26,ok,18,0.818
2026-07-22T19:09:47.189013,1610612747,vs_opponent,1610612754,2026-03-24,2025-26,ok,18,1.025
2026-07-22T19:09:50.572459,1610612755,vs_opponent,1610612741,2026-03-24,2025-26,ok,18,2.667
2026-07-22T19:09:53.233346,1610612741,vs_opponent,1610612755,2026-03-24,2025-26,ok,18,1.947
2026-07-22T19:09:54.885986,1610612757,vs_opponent,1610612749,2026-03-24,2025-26,ok,18,0.93
2026-07-22T19:09:56.510902,1610612749,vs_opponent,1610612757,2026-03-24,2025-26,ok,18,0.907
2026-07-22T19:09:58.694470,1610612762,vs_opponent,1610612764,2026-03-24,2025-26,ok,18,1.468
2026-07-22T19:10:01.018296,1610612764,vs_opponent,1610612762,2026-03-24,2025-26,ok,18,1.605
2026-07-22T19:10:02.652872,1610612763,vs_opponent,1610612759,2026-03-24,2025-26,ok,20,0.917
2026-07-22T19:10:04.348585,1610612759,vs_opponent,1610612763,2026-03-24,2025-26,ok,19,0.98
2026-07-22T19:10:05.970040,1610612765,vs_opponent,1610612737,2026-03-24,2025-26,ok,18,0.902
2026-07-22T19:10:07.673098,1610612737,vs_opponent,1610612765,2026-03-24,2025-26,ok,17,0.984
2026-07-22T19:10:09.309090,1610612739,vs_opponent,1610612753,2026-03-23,2025-26,ok,23,0.916
2026-07-22T19:10:11.155839,1610612753,vs_opponent,1610612739,2026-03-23,2025-26,ok,19,1.131
2026-07-22T19:10:12.802742,1610612752,vs_opponent,1610612740,2026-03-23,2025-26,ok,17,0.918
2026-07-22T19:10:14.428865,1610612740,vs_opponent,1610612752,2026-03-23,2025-26,ok,18,0.909
2026-07-22T19:10:16.681819,1610612756,vs_opponent,1610612743,2026-03-23,2025-26,ok,18,1.536
2026-07-22T19:10:18.728636,1610612743,vs_opponent,1610612756,2026-03-23,2025-26,ok,17,1.332
2026-07-22T19:10:20.262739,1610612766,vs_opponent,1610612758,2026-03-23,2025-26,ok,18,0.814
2026-07-22T19:10:21.809791,1610612758,vs_opponent,1610612766,2026-03-23,2025-26,ok,18,0.826
2026-07-22T19:10:23.441812,1610612737,vs_opponent,1610612763,2026-03-22,2025-26,ok,18,0.913
2026-07-22T19:10:25.179759,1610612763,vs_opponent,1610612737,2026-03-22,2025-26,ok,18,1.026
2026-07-22T19:10:26.816133,1610612741,vs_opponent,1610612745,2026-03-22,2025-26,ok,18,0.92
2026-07-22T19:10:28.662829,1610612745,vs_opponent,1610612741,2026-03-22,2025-26,ok,17,1.13
2026-07-22T19:10:30.509073,1610612742,vs_opponent,1610612744,2026-03-22,2025-26,ok,19,1.125
2026-07-22T19:10:32.186625,1610612744,vs_opponent,1610612742,2026-03-22,2025-26,ok,18,0.962
2026-07-22T19:10:33.657939,1610612746,vs_opponent,1610612749,2026-03-22,2025-26,empty,0,0.762
2026-07-22T19:10:35.254938,1610612749,vs_opponent,1610612746,2026-03-22,2025-26,empty,0,0.885
2026-07-22T19:10:36.747777,1610612748,vs_opponent,1610612759,2026-03-22,2025-26,ok,17,0.771
2026-07-22T19:10:38.290139,1610612759,vs_opponent,1610612748,2026-03-22,2025-26,ok,18,0.823
2026-07-22T19:10:42.488548,1610612753,vs_opponent,1610612754,2026-03-22,2025-26,ok,17,3.475
2026-07-22T19:10:44.433098,1610612754,vs_opponent,1610612753,2026-03-22,2025-26,ok,18,1.221
2026-07-22T19:10:46.275447,1610612755,vs_opponent,1610612760,2026-03-22,2025-26,ok,17,1.128
2026-07-22T19:10:47.861039,1610612760,vs_opponent,1610612755,2026-03-22,2025-26,ok,18,0.871
2026-07-22T19:10:49.450331,1610612757,vs_opponent,1610612751,2026-03-22,2025-26,ok,18,0.866
2026-07-22T19:10:51.269048,1610612751,vs_opponent,1610612757,2026-03-22,2025-26,ok,18,1.029
2026-07-22T19:10:53.152726,1610612762,vs_opponent,1610612761,2026-03-22,2025-26,ok,18,1.157
2026-07-22T19:10:54.951109,1610612761,vs_opponent,1610612762,2026-03-22,2025-26,ok,17,1.073
2026-07-22T19:10:57.440907,1610612765,vs_opponent,1610612747,2026-03-22,2025-26,ok,18,1.668
2026-07-22T19:10:59.072588,1610612747,vs_opponent,1610612765,2026-03-22,2025-26,ok,17,0.921
2026-07-22T19:11:00.810579,1610612738,vs_opponent,1610612750,2026-03-21,2025-26,ok,17,1.017
2026-07-22T19:11:02.414702,1610612750,vs_opponent,1610612738,2026-03-21,2025-26,ok,17,0.887
2026-07-22T19:11:04.607037,1610612743,vs_opponent,1610612757,2026-03-21,2025-26,ok,18,1.477
2026-07-22T19:11:06.141921,1610612757,vs_opponent,1610612743,2026-03-21,2025-26,ok,19,0.814
2026-07-22T19:11:07.880801,1610612752,vs_opponent,1610612764,2026-03-21,2025-26,ok,18,1.023
2026-07-22T19:11:09.424703,1610612764,vs_opponent,1610612752,2026-03-21,2025-26,ok,20,0.82
2026-07-22T19:11:10.960182,1610612756,vs_opponent,1610612761,2026-03-21,2025-26,ok,18,0.817
2026-07-22T19:11:13.412430,1610612761,vs_opponent,1610612756,2026-03-21,2025-26,ok,17,1.734
2026-07-22T19:11:14.763075,1610612758,vs_opponent,1610612751,2026-03-21,2025-26,empty,0,0.641
2026-07-22T19:11:16.770241,1610612751,vs_opponent,1610612758,2026-03-21,2025-26,empty,0,1.297
2026-07-22T19:11:18.324727,1610612737,vs_opponent,1610612744,2026-03-20,2025-26,ok,17,0.84
2026-07-22T19:11:19.758311,1610612744,vs_opponent,1610612737,2026-03-20,2025-26,ok,18,0.722
2026-07-22T19:11:21.206659,1610612740,vs_opponent,1610612739,2026-03-20,2025-26,ok,18,0.729
2026-07-22T19:11:22.711208,1610612739,vs_opponent,1610612740,2026-03-20,2025-26,ok,17,0.785
2026-07-22T19:11:24.266493,1610612742,vs_opponent,1610612746,2026-03-20,2025-26,ok,18,0.834
2026-07-22T19:11:25.817711,1610612746,vs_opponent,1610612742,2026-03-20,2025-26,ok,17,0.833
2026-07-22T19:11:27.350492,1610612745,vs_opponent,1610612748,2026-03-20,2025-26,ok,17,0.814
2026-07-22T19:11:28.794778,1610612748,vs_opponent,1610612745,2026-03-20,2025-26,ok,18,0.72
2026-07-22T19:11:30.308292,1610612753,vs_opponent,1610612747,2026-03-20,2025-26,ok,17,0.793
2026-07-22T19:11:31.948327,1610612747,vs_opponent,1610612753,2026-03-20,2025-26,ok,18,0.924
2026-07-22T19:11:33.893673,1610612756,vs_opponent,1610612749,2026-03-20,2025-26,ok,18,1.225
2026-07-22T19:11:38.091982,1610612749,vs_opponent,1610612756,2026-03-20,2025-26,ok,18,3.481
2026-07-22T19:11:39.740552,1610612759,vs_opponent,1610612754,2026-03-20,2025-26,ok,18,0.934
2026-07-22T19:11:41.263523,1610612754,vs_opponent,1610612759,2026-03-20,2025-26,ok,18,0.811
2026-07-22T19:11:42.903028,1610612762,vs_opponent,1610612755,2026-03-20,2025-26,ok,18,0.917
2026-07-22T19:11:44.442638,1610612755,vs_opponent,1610612762,2026-03-20,2025-26,ok,18,0.819
2026-07-22T19:11:45.976084,1610612764,vs_opponent,1610612760,2026-03-20,2025-26,ok,18,0.817
2026-07-22T19:11:47.825280,1610612760,vs_opponent,1610612764,2026-03-20,2025-26,ok,18,1.132
2026-07-22T19:11:49.748455,1610612766,vs_opponent,1610612763,2026-03-20,2025-26,ok,18,1.203
2026-07-22T19:11:51.203255,1610612763,vs_opponent,1610612766,2026-03-20,2025-26,ok,18,0.736
2026-07-22T19:11:52.800425,1610612743,vs_opponent,1610612761,2026-03-19,2025-26,ok,17,0.882
2026-07-22T19:11:54.370157,1610612761,vs_opponent,1610612743,2026-03-19,2025-26,ok,18,0.855
2026-07-22T19:11:56.113876,1610612745,vs_opponent,1610612737,2026-03-19,2025-26,ok,17,0.974
2026-07-22T19:11:57.761777,1610612737,vs_opponent,1610612745,2026-03-19,2025-26,ok,18,0.924
2026-07-22T19:11:59.387248,1610612750,vs_opponent,1610612757,2026-03-19,2025-26,ok,19,0.9
2026-07-22T19:12:00.870748,1610612757,vs_opponent,1610612750,2026-03-19,2025-26,ok,19,0.76
2026-07-22T19:12:02.769167,1610612751,vs_opponent,1610612752,2026-03-19,2025-26,ok,18,1.182
2026-07-22T19:12:04.389893,1610612752,vs_opponent,1610612751,2026-03-19,2025-26,ok,18,0.907
2026-07-22T19:12:05.833202,1610612763,vs_opponent,1610612738,2026-03-19,2025-26,ok,18,0.724
2026-07-22T19:12:07.375212,1610612738,vs_opponent,1610612763,2026-03-19,2025-26,ok,17,0.828
2026-07-22T19:12:08.960369,1610612765,vs_opponent,1610612744,2026-03-19,2025-26,ok,18,0.861
2026-07-22T19:12:11.368445,1610612744,vs_opponent,1610612765,2026-03-19,2025-26,ok,18,1.693
2026-07-22T19:12:13.009118,1610612740,vs_opponent,1610612746,2026-03-18,2025-26,ok,19,0.919
2026-07-22T19:12:14.454688,1610612746,vs_opponent,1610612740,2026-03-18,2025-26,ok,23,0.722
2026-07-22T19:12:16.762574,1610612741,vs_opponent,1610612739,2026-03-18,2025-26,ok,18,1.584
2026-07-22T19:12:18.334580,1610612739,vs_opponent,1610612741,2026-03-18,2025-26,ok,17,0.851
2026-07-22T19:12:26.832125,1610612748,vs_opponent,1610612747,2026-03-18,2025-26,ok,17,7.778
2026-07-22T19:12:28.666085,1610612747,vs_opponent,1610612748,2026-03-18,2025-26,ok,17,1.115
2026-07-22T19:12:30.213327,1610612758,vs_opponent,1610612755,2026-03-18,2025-26,ok,18,0.825
2026-07-22T19:12:31.750271,1610612755,vs_opponent,1610612758,2026-03-18,2025-26,ok,18,0.811
2026-07-22T19:12:33.810579,1610612759,vs_opponent,1610612756,2026-03-18,2025-26,ok,20,1.342
2026-07-22T19:12:37.277063,1610612756,vs_opponent,1610612759,2026-03-18,2025-26,ok,21,2.754
2026-07-22T19:12:38.911944,1610612762,vs_opponent,1610612749,2026-03-18,2025-26,ok,18,0.922
2026-07-22T19:12:40.759842,1610612749,vs_opponent,1610612762,2026-03-18,2025-26,ok,18,1.129
2026-07-22T19:12:42.297070,1610612764,vs_opponent,1610612765,2026-03-18,2025-26,ok,25,0.816
2026-07-22T19:12:43.991009,1610612765,vs_opponent,1610612764,2026-03-18,2025-26,ok,19,0.97
2026-07-22T19:12:45.565538,1610612766,vs_opponent,1610612753,2026-03-18,2025-26,ok,19,0.859
2026-07-22T19:12:49.557608,1610612753,vs_opponent,1610612766,2026-03-18,2025-26,ok,17,3.276
2026-07-22T19:12:51.101395,1610612738,vs_opponent,1610612744,2026-03-17,2025-26,ok,16,0.821
2026-07-22T19:12:52.747102,1610612744,vs_opponent,1610612738,2026-03-17,2025-26,ok,17,0.926
2026-07-22T19:12:54.537221,1610612740,vs_opponent,1610612746,2026-03-17,2025-26,ok,18,1.052
2026-07-22T19:12:56.223338,1610612746,vs_opponent,1610612740,2026-03-17,2025-26,ok,23,0.961
2026-07-22T19:12:58.065459,1610612741,vs_opponent,1610612761,2026-03-17,2025-26,ok,21,1.128
2026-07-22T19:12:59.828338,1610612761,vs_opponent,1610612741,2026-03-17,2025-26,ok,18,1.039
2026-07-22T19:13:01.850424,1610612742,vs_opponent,1610612737,2026-03-17,2025-26,ok,18,1.301
2026-07-22T19:13:03.391232,1610612737,vs_opponent,1610612742,2026-03-17,2025-26,ok,18,0.821
2026-07-22T19:13:05.438380,1610612745,vs_opponent,1610612747,2026-03-17,2025-26,ok,18,1.327
2026-07-22T19:13:06.974525,1610612747,vs_opponent,1610612745,2026-03-17,2025-26,ok,19,0.819
2026-07-22T19:13:09.540887,1610612750,vs_opponent,1610612762,2026-03-17,2025-26,ok,17,1.846
2026-07-22T19:13:13.085217,1610612762,vs_opponent,1610612750,2026-03-17,2025-26,ok,18,2.827
2026-07-22T19:13:14.656127,1610612751,vs_opponent,1610612760,2026-03-17,2025-26,ok,17,0.849
2026-07-22T19:13:16.190385,1610612760,vs_opponent,1610612751,2026-03-17,2025-26,ok,18,0.817
2026-07-22T19:13:17.929197,1610612754,vs_opponent,1610612757,2026-03-17,2025-26,ok,18,1.016
2026-07-22T19:13:19.875856,1610612757,vs_opponent,1610612754,2026-03-17,2025-26,ok,18,1.229
2026-07-22T19:13:21.514469,1610612763,vs_opponent,1610612743,2026-03-17,2025-26,ok,23,0.919
2026-07-22T19:13:23.074079,1610612743,vs_opponent,1610612763,2026-03-17,2025-26,ok,17,0.841
2026-07-22T19:13:25.099753,1610612743,vs_opponent,1610612755,2026-03-16,2025-26,ok,17,1.299
2026-07-22T19:13:26.740027,1610612755,vs_opponent,1610612743,2026-03-16,2025-26,ok,17,0.925
2026-07-22T19:13:28.488620,1610612749,vs_opponent,1610612739,2026-03-16,2025-26,ok,20,1.026
2026-07-22T19:13:30.117480,1610612739,vs_opponent,1610612749,2026-03-16,2025-26,ok,23,0.909
2026-07-22T19:13:31.651945,1610612750,vs_opponent,1610612756,2026-03-16,2025-26,ok,17,0.822
2026-07-22T19:13:33.187686,1610612756,vs_opponent,1610612750,2026-03-16,2025-26,ok,17,0.817
2026-07-22T19:13:34.725132,1610612752,vs_opponent,1610612754,2026-03-16,2025-26,ok,20,0.82
2026-07-22T19:13:36.465983,1610612754,vs_opponent,1610612752,2026-03-16,2025-26,ok,23,1.024
2026-07-22T19:13:38.017333,1610612753,vs_opponent,1610612760,2026-03-16,2025-26,ok,17,0.832
2026-07-22T19:13:39.500564,1610612760,vs_opponent,1610612753,2026-03-16,2025-26,ok,18,0.764
2026-07-22T19:13:41.312380,1610612758,vs_opponent,1610612759,2026-03-16,2025-26,ok,19,1.092
2026-07-22T19:13:42.813862,1610612759,vs_opponent,1610612758,2026-03-16,2025-26,ok,20,0.787
2026-07-22T19:13:44.353200,1610612764,vs_opponent,1610612765,2026-03-16,2025-26,ok,20,0.815
2026-07-22T19:13:45.885156,1610612765,vs_opponent,1610612764,2026-03-16,2025-26,ok,19,0.816
2026-07-22T19:13:47.522115,1610612766,vs_opponent,1610612748,2026-03-16,2025-26,ok,22,0.919
2026-07-22T19:13:49.352231,1610612748,vs_opponent,1610612766,2026-03-16,2025-26,ok,18,1.108
2026-07-22T19:13:51.045790,1610612737,vs_opponent,1610612753,2026-03-15,2025-26,ok,17,0.969
2026-07-22T19:13:52.748475,1610612753,vs_opponent,1610612737,2026-03-15,2025-26,ok,17,0.983
2026-07-22T19:13:54.383298,1610612738,vs_opponent,1610612756,2026-03-15,2025-26,ok,16,0.918
2026-07-22T19:13:56.126773,1610612756,vs_opponent,1610612738,2026-03-15,2025-26,ok,18,1.022
2026-07-22T19:13:57.571511,1610612740,vs_opponent,1610612742,2026-03-15,2025-26,ok,18,0.728
2026-07-22T19:13:59.300497,1610612742,vs_opponent,1610612740,2026-03-15,2025-26,ok,18,1.01
2026-07-22T19:14:01.329643,1610612741,vs_opponent,1610612763,2026-03-15,2025-26,empty,0,1.319
2026-07-22T19:14:02.866952,1610612763,vs_opponent,1610612741,2026-03-15,2025-26,empty,0,0.827
2026-07-22T19:14:04.419269,1610612745,vs_opponent,1610612747,2026-03-15,2025-26,ok,17,0.834
2026-07-22T19:14:07.819152,1610612747,vs_opponent,1610612745,2026-03-15,2025-26,ok,17,2.68
2026-07-22T19:14:09.605183,1610612746,vs_opponent,1610612759,2026-03-15,2025-26,ok,18,1.063
2026-07-22T19:14:11.179465,1610612759,vs_opponent,1610612746,2026-03-15,2025-26,ok,18,0.861
2026-07-22T19:14:12.695301,1610612751,vs_opponent,1610612757,2026-03-15,2025-26,empty,0,0.803
2026-07-22T19:14:14.112684,1610612757,vs_opponent,1610612751,2026-03-15,2025-26,empty,0,0.709
2026-07-22T19:14:15.663959,1610612764,vs_opponent,1610612744,2026-03-15,2025-26,empty,0,0.838
2026-07-22T19:14:17.019509,1610612744,vs_opponent,1610612764,2026-03-15,2025-26,empty,0,0.646
2026-07-22T19:14:18.756052,1610612739,vs_opponent,1610612742,2026-03-14,2025-26,ok,18,1.013
2026-07-22T19:14:20.497711,1610612742,vs_opponent,1610612739,2026-03-14,2025-26,ok,18,1.02
2026-07-22T19:14:22.152590,1610612749,vs_opponent,1610612754,2026-03-14,2025-26,ok,19,0.938
2026-07-22T19:14:23.773097,1610612754,vs_opponent,1610612749,2026-03-14,2025-26,ok,25,0.899
2026-07-22T19:14:25.314041,1610612752,vs_opponent,1610612744,2026-03-14,2025-26,ok,16,0.818
2026-07-22T19:14:26.841831,1610612744,vs_opponent,1610612752,2026-03-14,2025-26,ok,18,0.807
2026-07-22T19:14:28.383009,1610612755,vs_opponent,1610612757,2026-03-14,2025-26,ok,17,0.818
2026-07-22T19:14:29.919330,1610612757,vs_opponent,1610612755,2026-03-14,2025-26,ok,18,0.817
2026-07-22T19:14:31.550193,1610612758,vs_opponent,1610612762,2026-03-14,2025-26,ok,20,0.913
2026-07-22T19:14:33.104721,1610612762,vs_opponent,1610612758,2026-03-14,2025-26,ok,22,0.832
2026-07-22T19:14:34.731600,1610612760,vs_opponent,1610612750,2026-03-14,2025-26,ok,18,0.91
2026-07-22T19:14:36.573352,1610612750,vs_opponent,1610612760,2026-03-14,2025-26,ok,17,1.126
2026-07-22T19:14:38.223458,1610612761,vs_opponent,1610612765,2026-03-14,2025-26,ok,18,0.929
2026-07-22T19:14:39.748977,1610612765,vs_opponent,1610612761,2026-03-14,2025-26,ok,18,0.808
2026-07-22T19:14:41.285231,1610612737,vs_opponent,1610612749,2026-03-13,2025-26,ok,23,0.82
2026-07-22T19:14:43.240173,1610612749,vs_opponent,1610612737,2026-03-13,2025-26,ok,20,1.233
2026-07-22T19:14:44.769772,1610612738,vs_opponent,1610612764,2026-03-13,2025-26,ok,17,0.807
2026-07-22T19:14:46.303699,1610612764,vs_opponent,1610612738,2026-03-13,2025-26,ok,18,0.812
2026-07-22T19:14:47.795381,1610612746,vs_opponent,1610612758,2026-03-13,2025-26,ok,20,0.766
2026-07-22T19:14:49.376235,1610612758,vs_opponent,1610612746,2026-03-13,2025-26,ok,19,0.862
2026-07-22T19:14:51.013414,1610612747,vs_opponent,1610612743,2026-03-13,2025-26,ok,19,0.917
2026-07-22T19:14:52.583015,1610612743,vs_opponent,1610612747,2026-03-13,2025-26,ok,20,0.85
2026-07-22T19:14:54.289874,1610612748,vs_opponent,1610612753,2026-03-13,2025-26,ok,17,0.985
2026-07-22T19:14:55.828717,1610612753,vs_opponent,1610612748,2026-03-13,2025-26,ok,17,0.815
2026-07-22T19:14:57.465627,1610612755,vs_opponent,1610612751,2026-03-13,2025-26,ok,17,0.914
2026-07-22T19:14:59.202343,1610612751,vs_opponent,1610612755,2026-03-13,2025-26,ok,17,1.014
2026-07-22T19:15:00.841582,1610612759,vs_opponent,1610612766,2026-03-13,2025-26,ok,18,0.923
2026-07-22T19:15:02.481184,1610612766,vs_opponent,1610612759,2026-03-13,2025-26,ok,18,0.917
2026-07-22T19:15:04.353456,1610612742,vs_opponent,1610612739,2026-03-12,2025-26,empty,0,1.162
2026-07-22T19:15:05.739122,1610612739,vs_opponent,1610612742,2026-03-12,2025-26,empty,0,0.676
2026-07-22T19:15:07.705592,1610612744,vs_opponent,1610612750,2026-03-12,2025-26,ok,18,1.243
2026-07-22T19:15:09.323385,1610612750,vs_opponent,1610612744,2026-03-12,2025-26,ok,17,0.898
2026-07-22T19:15:11.092046,1610612745,vs_opponent,1610612740,2026-03-12,2025-26,ok,18,1.043
2026-07-22T19:15:12.723561,1610612740,vs_opponent,1610612745,2026-03-12,2025-26,ok,18,0.913
2026-07-22T19:15:14.559296,1610612746,vs_opponent,1610612741,2026-03-12,2025-26,ok,18,1.119
2026-07-22T19:15:16.103856,1610612741,vs_opponent,1610612746,2026-03-12,2025-26,ok,18,0.819
2026-07-22T19:15:17.873454,1610612754,vs_opponent,1610612752,2026-03-12,2025-26,ok,22,1.047
2026-07-22T19:15:19.479324,1610612752,vs_opponent,1610612754,2026-03-12,2025-26,ok,19,0.883
2026-07-22T19:15:21.121760,1610612757,vs_opponent,1610612762,2026-03-12,2025-26,ok,19,0.918
2026-07-22T19:15:22.770533,1610612762,vs_opponent,1610612757,2026-03-12,2025-26,ok,22,0.928
2026-07-22T19:15:24.168547,1610612761,vs_opponent,1610612756,2026-03-12,2025-26,empty,0,0.694
2026-07-22T19:15:25.705613,1610612756,vs_opponent,1610612761,2026-03-12,2025-26,empty,0,0.832
2026-07-22T19:15:27.353360,1610612765,vs_opponent,1610612763,2026-03-12,2025-26,ok,17,0.925
2026-07-22T19:15:28.817274,1610612763,vs_opponent,1610612765,2026-03-12,2025-26,ok,19,0.748
2026-07-22T19:15:30.354008,1610612737,vs_opponent,1610612751,2026-03-11,2025-26,ok,25,0.801
2026-07-22T19:15:31.973910,1610612751,vs_opponent,1610612737,2026-03-11,2025-26,ok,20,0.903
2026-07-22T19:15:33.443318,1610612747,vs_opponent,1610612741,2026-03-11,2025-26,ok,17,0.75
2026-07-22T19:15:35.352651,1610612741,vs_opponent,1610612747,2026-03-11,2025-26,ok,18,1.193
2026-07-22T19:15:37.095979,1610612748,vs_opponent,1610612749,2026-03-11,2025-26,ok,18,1.022
2026-07-22T19:15:38.632399,1610612749,vs_opponent,1610612748,2026-03-11,2025-26,ok,20,0.813
2026-07-22T19:15:40.165997,1610612753,vs_opponent,1610612764,2026-03-11,2025-26,ok,19,0.815
2026-07-22T19:15:41.811555,1610612764,vs_opponent,1610612753,2026-03-11,2025-26,ok,24,0.931
2026-07-22T19:15:43.543994,1610612754,vs_opponent,1610612756,2026-03-11,2025-26,ok,20,1.009
2026-07-22T19:15:45.075086,1610612756,vs_opponent,1610612754,2026-03-11,2025-26,ok,17,0.816
2026-07-22T19:15:46.614985,1610612759,vs_opponent,1610612743,2026-03-11,2025-26,ok,18,0.817
2026-07-22T19:15:48.254061,1610612743,vs_opponent,1610612759,2026-03-11,2025-26,ok,17,0.917
2026-07-22T19:15:49.770245,1610612760,vs_opponent,1610612738,2026-03-11,2025-26,empty,0,0.805
2026-07-22T19:15:51.442420,1610612738,vs_opponent,1610612760,2026-03-11,2025-26,empty,0,0.963
2026-07-22T19:15:53.170767,1610612763,vs_opponent,1610612742,2026-03-11,2025-26,ok,23,1.007
2026-07-22T19:15:54.995114,1610612742,vs_opponent,1610612763,2026-03-11,2025-26,ok,22,1.105
2026-07-22T19:15:56.762007,1610612765,vs_opponent,1610612755,2026-03-11,2025-26,ok,19,1.038
2026-07-22T19:15:59.040169,1610612755,vs_opponent,1610612765,2026-03-11,2025-26,ok,17,1.559
2026-07-22T19:16:00.522472,1610612740,vs_opponent,1610612761,2026-03-10,2025-26,empty,0,0.77
2026-07-22T19:16:01.920910,1610612761,vs_opponent,1610612740,2026-03-10,2025-26,empty,0,0.687
2026-07-22T19:16:03.512576,1610612743,vs_opponent,1610612745,2026-03-10,2025-26,ok,17,0.873
2026-07-22T19:16:05.171682,1610612745,vs_opponent,1610612743,2026-03-10,2025-26,ok,18,0.94
2026-07-22T19:16:07.016308,1610612746,vs_opponent,1610612750,2026-03-10,2025-26,ok,24,1.124
2026-07-22T19:16:08.566766,1610612750,vs_opponent,1610612746,2026-03-10,2025-26,ok,20,0.831
2026-07-22T19:16:10.168397,1610612753,vs_opponent,1610612739,2026-03-10,2025-26,ok,17,0.88
2026-07-22T19:16:11.704638,1610612739,vs_opponent,1610612753,2026-03-10,2025-26,ok,17,0.816
2026-07-22T19:16:13.220558,1610612758,vs_opponent,1610612766,2026-03-10,2025-26,empty,0,0.803
2026-07-22T19:16:14.652806,1610612766,vs_opponent,1610612758,2026-03-10,2025-26,empty,0,0.723
2026-07-22T19:16:16.210793,1610612762,vs_opponent,1610612752,2026-03-10,2025-26,ok,18,0.836
2026-07-22T19:16:17.842781,1610612752,vs_opponent,1610612762,2026-03-10,2025-26,ok,17,0.912
2026-07-22T19:16:19.363530,1610612737,vs_opponent,1610612742,2026-03-09,2025-26,empty,0,0.81
2026-07-22T19:16:20.899046,1610612742,vs_opponent,1610612737,2026-03-09,2025-26,empty,0,0.831
2026-07-22T19:16:22.408387,1610612744,vs_opponent,1610612741,2026-03-09,2025-26,ok,18,0.792
2026-07-22T19:16:23.993158,1610612741,vs_opponent,1610612744,2026-03-09,2025-26,ok,18,0.863
2026-07-22T19:16:25.731187,1610612745,vs_opponent,1610612761,2026-03-09,2025-26,ok,17,1.015
2026-07-22T19:16:27.473400,1610612761,vs_opponent,1610612745,2026-03-09,2025-26,ok,17,1.023
2026-07-22T19:16:29.213785,1610612747,vs_opponent,1610612750,2026-03-09,2025-26,ok,17,1.02
2026-07-22T19:16:31.364665,1610612750,vs_opponent,1610612747,2026-03-09,2025-26,ok,17,1.431
2026-07-22T19:16:32.914514,1610612748,vs_opponent,1610612764,2026-03-09,2025-26,ok,17,0.83
2026-07-22T19:16:34.435220,1610612764,vs_opponent,1610612748,2026-03-09,2025-26,ok,18,0.807
2026-07-22T19:16:36.055778,1610612749,vs_opponent,1610612756,2026-03-09,2025-26,empty,0,0.909
2026-07-22T19:16:37.471609,1610612756,vs_opponent,1610612749,2026-03-09,2025-26,empty,0,0.712
2026-07-22T19:16:39.146633,1610612751,vs_opponent,1610612765,2026-03-09,2025-26,ok,21,0.958
2026-07-22T19:16:40.852462,1610612765,vs_opponent,1610612751,2026-03-09,2025-26,ok,20,0.986
2026-07-22T19:16:42.934484,1610612755,vs_opponent,1610612763,2026-03-09,2025-26,ok,17,1.362
2026-07-22T19:16:45.289330,1610612763,vs_opponent,1610612755,2026-03-09,2025-26,ok,19,1.635
2026-07-22T19:16:46.834390,1610612757,vs_opponent,1610612766,2026-03-09,2025-26,ok,17,0.822
2026-07-22T19:16:48.303184,1610612766,vs_opponent,1610612757,2026-03-09,2025-26,ok,18,0.754
2026-07-22T19:16:50.309191,1610612758,vs_opponent,1610612754,2026-03-09,2025-26,ok,18,1.285
2026-07-22T19:16:51.914384,1610612754,vs_opponent,1610612758,2026-03-09,2025-26,ok,19,0.884
2026-07-22T19:16:53.443553,1610612759,vs_opponent,1610612738,2026-03-09,2025-26,ok,18,0.806
2026-07-22T19:16:55.117967,1610612738,vs_opponent,1610612759,2026-03-09,2025-26,ok,17,0.958
2026-07-22T19:16:56.706437,1610612739,vs_opponent,1610612755,2026-03-08,2025-26,ok,17,0.873
2026-07-22T19:16:58.835032,1610612755,vs_opponent,1610612739,2026-03-08,2025-26,ok,18,1.412
2026-07-22T19:17:00.343100,1610612746,vs_opponent,1610612752,2026-03-08,2025-26,ok,17,0.79
2026-07-22T19:17:02.002103,1610612752,vs_opponent,1610612746,2026-03-08,2025-26,ok,16,0.942
2026-07-22T19:17:04.027012,1610612751,vs_opponent,1610612763,2026-03-08,2025-26,ok,18,1.307
2026-07-22T19:17:05.974246,1610612763,vs_opponent,1610612751,2026-03-08,2025-26,ok,19,1.228
2026-07-22T19:17:07.505681,1610612760,vs_opponent,1610612743,2026-03-08,2025-26,ok,20,0.807
2026-07-22T19:17:09.561938,1610612743,vs_opponent,1610612760,2026-03-08,2025-26,ok,18,1.334
2026-07-22T19:17:11.095068,1610612762,vs_opponent,1610612744,2026-03-08,2025-26,ok,18,0.812
2026-07-22T19:17:12.848285,1610612744,vs_opponent,1610612762,2026-03-08,2025-26,ok,20,1.031
2026-07-22T19:17:14.372907,1610612739,vs_opponent,1610612738,2026-03-07,2025-26,ok,17,0.808
2026-07-22T19:17:16.113487,1610612738,vs_opponent,1610612739,2026-03-07,2025-26,ok,17,1.018
2026-07-22T19:17:17.669195,1610612740,vs_opponent,1610612764,2026-03-07,2025-26,ok,18,0.833
2026-07-22T19:17:19.593903,1610612764,vs_opponent,1610612740,2026-03-07,2025-26,ok,17,1.207
2026-07-22T19:17:21.563331,1610612747,vs_opponent,1610612752,2026-03-07,2025-26,ok,17,1.246
2026-07-22T19:17:23.179570,1610612752,vs_opponent,1610612747,2026-03-07,2025-26,ok,17,0.897
2026-07-22T19:17:24.650565,1610612748,vs_opponent,1610612765,2026-03-07,2025-26,ok,17,0.749
2026-07-22T19:17:26.453712,1610612765,vs_opponent,1610612748,2026-03-07,2025-26,ok,18,1.09
2026-07-22T19:17:27.993960,1610612749,vs_opponent,1610612753,2026-03-07,2025-26,ok,17,0.814
2026-07-22T19:17:29.529639,1610612753,vs_opponent,1610612749,2026-03-07,2025-26,ok,17,0.815
2026-07-22T19:17:31.044028,1610612756,vs_opponent,1610612766,2026-03-07,2025-26,empty,0,0.799
2026-07-22T19:17:32.478666,1610612766,vs_opponent,1610612756,2026-03-07,2025-26,empty,0,0.726
2026-07-22T19:17:34.321373,1610612757,vs_opponent,1610612754,2026-03-07,2025-26,empty,0,1.134
2026-07-22T19:17:36.268067,1610612754,vs_opponent,1610612757,2026-03-07,2025-26,empty,0,1.236
2026-07-22T19:17:37.881068,1610612758,vs_opponent,1610612741,2026-03-07,2025-26,ok,18,0.89
2026-07-22T19:17:39.344865,1610612741,vs_opponent,1610612758,2026-03-07,2025-26,ok,18,0.741
2026-07-22T19:17:40.922179,1610612759,vs_opponent,1610612745,2026-03-07,2025-26,ok,19,0.853
2026-07-22T19:17:42.532668,1610612745,vs_opponent,1610612759,2026-03-07,2025-26,ok,18,0.895
2026-07-22T19:17:43.997672,1610612761,vs_opponent,1610612742,2026-03-07,2025-26,ok,17,0.746
2026-07-22T19:17:45.705709,1610612742,vs_opponent,1610612761,2026-03-07,2025-26,ok,18,0.986
2026-07-22T19:17:47.243855,1610612737,vs_opponent,1610612755,2026-03-06,2025-26,ok,25,0.816
2026-07-22T19:17:48.879328,1610612755,vs_opponent,1610612737,2026-03-06,2025-26,ok,21,0.922
2026-07-22T19:17:50.398704,1610612749,vs_opponent,1610612762,2026-03-06,2025-26,empty,0,0.812
2026-07-22T19:17:51.763465,1610612762,vs_opponent,1610612749,2026-03-06,2025-26,empty,0,0.661
2026-07-22T19:17:53.161505,1610612750,vs_opponent,1610612753,2026-03-06,2025-26,empty,0,0.686
2026-07-22T19:17:54.593149,1610612753,vs_opponent,1610612750,2026-03-06,2025-26,empty,0,0.683
2026-07-22T19:17:58.825120,1610612760,vs_opponent,1610612744,2026-03-06,2025-26,ok,18,3.517
2026-07-22T19:18:00.504822,1610612744,vs_opponent,1610612760,2026-03-06,2025-26,ok,20,0.961
2026-07-22T19:18:01.990038,1610612763,vs_opponent,1610612746,2026-03-06,2025-26,ok,19,0.77
2026-07-22T19:18:03.624677,1610612746,vs_opponent,1610612763,2026-03-06,2025-26,ok,18,0.917
2026-07-22T19:18:05.162126,1610612765,vs_opponent,1610612751,2026-03-06,2025-26,ok,19,0.822
2026-07-22T19:18:06.878525,1610612751,vs_opponent,1610612765,2026-03-06,2025-26,ok,18,1.0
2026-07-22T19:18:08.367572,1610612738,vs_opponent,1610612742,2026-03-05,2025-26,ok,17,0.772
2026-07-22T19:18:10.138835,1610612742,vs_opponent,1610612738,2026-03-05,2025-26,ok,18,1.051
2026-07-22T19:18:11.716110,1610612743,vs_opponent,1610612752,2026-03-05,2025-26,ok,17,0.855
2026-07-22T19:18:13.205976,1610612752,vs_opponent,1610612743,2026-03-05,2025-26,ok,17,0.777
2026-07-22T19:18:14.787119,1610612745,vs_opponent,1610612757,2026-03-05,2025-26,ok,18,0.862
2026-07-22T19:18:16.428215,1610612757,vs_opponent,1610612745,2026-03-05,2025-26,ok,18,0.924
2026-07-22T19:18:17.953233,1610612747,vs_opponent,1610612754,2026-03-05,2025-26,empty,0,0.816
2026-07-22T19:18:19.479970,1610612754,vs_opponent,1610612747,2026-03-05,2025-26,empty,0,0.819
2026-07-22T19:18:21.138323,1610612756,vs_opponent,1610612740,2026-03-05,2025-26,ok,18,0.939
2026-07-22T19:18:22.776342,1610612740,vs_opponent,1610612756,2026-03-05,2025-26,ok,18,0.917
2026-07-22T19:18:24.292637,1610612759,vs_opponent,1610612746,2026-03-05,2025-26,empty,0,0.805
2026-07-22T19:18:25.637459,1610612746,vs_opponent,1610612759,2026-03-05,2025-26,empty,0,0.634
2026-07-22T19:18:27.177830,1610612766,vs_opponent,1610612748,2026-03-05,2025-26,ok,18,0.826
2026-07-22T19:18:28.794560,1610612748,vs_opponent,1610612766,2026-03-05,2025-26,ok,17,0.9
2026-07-22T19:18:30.355495,1610612743,vs_opponent,1610612747,2026-03-04,2025-26,ok,17,0.835
2026-07-22T19:18:31.921055,1610612747,vs_opponent,1610612743,2026-03-04,2025-26,ok,18,0.85
2026-07-22T19:18:33.421257,1610612745,vs_opponent,1610612744,2026-03-04,2025-26,ok,17,0.782
2026-07-22T19:18:34.963733,1610612744,vs_opponent,1610612745,2026-03-04,2025-26,ok,17,0.818
2026-07-22T19:18:36.398210,1610612748,vs_opponent,1610612751,2026-03-04,2025-26,ok,18,0.717
2026-07-22T19:18:38.030849,1610612751,vs_opponent,1610612748,2026-03-04,2025-26,ok,21,0.911
2026-07-22T19:18:39.568627,1610612750,vs_opponent,1610612761,2026-03-04,2025-26,ok,16,0.821
2026-07-22T19:18:46.430370,1610612761,vs_opponent,1610612750,2026-03-04,2025-26,ok,17,6.148
2026-07-22T19:18:48.134181,1610612753,vs_opponent,1610612742,2026-03-04,2025-26,empty,0,0.992
2026-07-22T19:18:49.892845,1610612742,vs_opponent,1610612753,2026-03-04,2025-26,empty,0,1.048
2026-07-22T19:18:51.326487,1610612756,vs_opponent,1610612741,2026-03-04,2025-26,empty,0,0.724
2026-07-22T19:18:52.949948,1610612741,vs_opponent,1610612756,2026-03-04,2025-26,empty,0,0.914
2026-07-22T19:18:54.518827,1610612758,vs_opponent,1610612740,2026-03-04,2025-26,ok,16,0.845
2026-07-22T19:18:56.157185,1610612740,vs_opponent,1610612758,2026-03-04,2025-26,ok,17,0.919
2026-07-22T19:18:57.805188,1610612759,vs_opponent,1610612765,2026-03-04,2025-26,ok,19,0.931
2026-07-22T19:18:59.743663,1610612765,vs_opponent,1610612759,2026-03-04,2025-26,ok,18,1.224
2026-07-22T19:19:02.590928,1610612764,vs_opponent,1610612762,2026-03-04,2025-26,empty,0,2.14
2026-07-22T19:19:06.327425,1610612762,vs_opponent,1610612764,2026-03-04,2025-26,empty,0,3.03
2026-07-22T19:19:07.709738,1610612738,vs_opponent,1610612766,2026-03-03,2025-26,empty,0,0.672
2026-07-22T19:19:09.245512,1610612766,vs_opponent,1610612738,2026-03-03,2025-26,empty,0,0.827
2026-07-22T19:19:10.698610,1610612746,vs_opponent,1610612754,2026-03-03,2025-26,empty,0,0.748
2026-07-22T19:19:13.342410,1610612754,vs_opponent,1610612746,2026-03-03,2025-26,empty,0,1.935
2026-07-22T19:19:14.987317,1610612749,vs_opponent,1610612737,2026-03-03,2025-26,ok,17,0.923
2026-07-22T19:19:16.536775,1610612737,vs_opponent,1610612749,2026-03-03,2025-26,ok,18,0.829
2026-07-22T19:19:18.769014,1610612752,vs_opponent,1610612760,2026-03-03,2025-26,empty,0,1.521
2026-07-22T19:19:20.203984,1610612760,vs_opponent,1610612752,2026-03-03,2025-26,empty,0,0.729
2026-07-22T19:19:21.636976,1610612755,vs_opponent,1610612762,2026-03-03,2025-26,empty,0,0.72
2026-07-22T19:19:22.999334,1610612762,vs_opponent,1610612755,2026-03-03,2025-26,empty,0,0.65
2026-07-22T19:19:24.627314,1610612763,vs_opponent,1610612757,2026-03-03,2025-26,ok,21,0.907
2026-07-22T19:19:26.366977,1610612757,vs_opponent,1610612763,2026-03-03,2025-26,ok,19,1.023
2026-07-22T19:19:28.004591,1610612739,vs_opponent,1610612765,2026-03-02,2025-26,ok,23,0.913
2026-07-22T19:19:29.541257,1610612765,vs_opponent,1610612739,2026-03-02,2025-26,ok,20,0.823
2026-07-22T19:19:30.858163,1610612741,vs_opponent,1610612760,2026-03-02,2025-26,empty,0,0.613
2026-07-22T19:19:32.286969,1610612760,vs_opponent,1610612741,2026-03-02,2025-26,empty,0,0.725
2026-07-22T19:19:34.149327,1610612747,vs_opponent,1610612740,2026-03-02,2025-26,ok,18,1.143
2026-07-22T19:19:35.684666,1610612740,vs_opponent,1610612747,2026-03-02,2025-26,ok,18,0.822
2026-07-22T19:19:37.238506,1610612748,vs_opponent,1610612751,2026-03-02,2025-26,ok,17,0.829
2026-07-22T19:19:39.882994,1610612751,vs_opponent,1610612748,2026-03-02,2025-26,ok,17,1.924
2026-07-22T19:19:41.421753,1610612750,vs_opponent,1610612763,2026-03-02,2025-26,ok,17,0.814
2026-07-22T19:19:42.888478,1610612763,vs_opponent,1610612750,2026-03-02,2025-26,ok,18,0.749
2026-07-22T19:19:44.385566,1610612753,vs_opponent,1610612764,2026-03-02,2025-26,ok,17,0.777
2026-07-22T19:19:45.818352,1610612764,vs_opponent,1610612753,2026-03-02,2025-26,ok,18,0.719
2026-07-22T19:19:47.442593,1610612755,vs_opponent,1610612759,2026-03-02,2025-26,empty,0,0.914
2026-07-22T19:19:48.875217,1610612759,vs_opponent,1610612755,2026-03-02,2025-26,empty,0,0.728
2026-07-22T19:19:50.534637,1610612758,vs_opponent,1610612756,2026-03-02,2025-26,ok,19,0.937
2026-07-22T19:19:52.581206,1610612756,vs_opponent,1610612758,2026-03-02,2025-26,ok,18,1.327
2026-07-22T19:19:54.221388,1610612761,vs_opponent,1610612752,2026-03-02,2025-26,ok,17,0.918
2026-07-22T19:19:56.070609,1610612752,vs_opponent,1610612761,2026-03-02,2025-26,ok,18,1.12
2026-07-22T19:19:57.574893,1610612766,vs_opponent,1610612742,2026-03-02,2025-26,ok,18,0.777
2026-07-22T19:19:59.238617,1610612742,vs_opponent,1610612766,2026-03-02,2025-26,ok,18,0.947
2026-07-22T19:20:00.763606,1610612744,vs_opponent,1610612746,2026-03-01,2025-26,ok,20,0.801
2026-07-22T19:20:02.464737,1610612746,vs_opponent,1610612744,2026-03-01,2025-26,ok,18,0.981
2026-07-22T19:20:04.290780,1610612749,vs_opponent,1610612738,2026-03-01,2025-26,ok,18,1.109
2026-07-22T19:20:06.096273,1610612738,vs_opponent,1610612749,2026-03-01,2025-26,ok,17,1.087
2026-07-22T19:20:07.736382,1610612762,vs_opponent,1610612743,2026-03-01,2025-26,ok,18,0.918
2026-07-22T19:20:09.375973,1610612743,vs_opponent,1610612762,2026-03-01,2025-26,ok,17,0.917
2026-07-22T19:20:10.984598,1610612764,vs_opponent,1610612745,2026-03-01,2025-26,ok,18,0.887
2026-07-22T19:20:13.161665,1610612745,vs_opponent,1610612764,2026-03-01,2025-26,ok,17,1.455
2026-07-22T19:20:14.903989,1610612737,vs_opponent,1610612757,2026-02-28,2025-26,ok,17,1.02
2026-07-22T19:20:16.750349,1610612757,vs_opponent,1610612737,2026-02-28,2025-26,ok,18,1.127
2026-07-22T19:20:20.947426,1610612738,vs_opponent,1610612755,2026-02-28,2025-26,ok,17,3.482
2026-07-22T19:20:22.499504,1610612755,vs_opponent,1610612738,2026-02-28,2025-26,ok,17,0.828
2026-07-22T19:20:24.019853,1610612741,vs_opponent,1610612749,2026-02-28,2025-26,ok,20,0.803
2026-07-22T19:20:25.553948,1610612749,vs_opponent,1610612741,2026-02-28,2025-26,ok,18,0.814
2026-07-22T19:20:27.031414,1610612742,vs_opponent,1610612760,2026-02-28,2025-26,ok,18,0.755
2026-07-22T19:20:29.114056,1610612760,vs_opponent,1610612742,2026-02-28,2025-26,ok,18,1.361
2026-07-22T19:20:30.878773,1610612743,vs_opponent,1610612750,2026-02-28,2025-26,ok,17,1.046
2026-07-22T19:20:32.621091,1610612750,vs_opponent,1610612743,2026-02-28,2025-26,ok,17,1.024
2026-07-22T19:20:34.492867,1610612746,vs_opponent,1610612740,2026-02-28,2025-26,ok,17,1.15
2026-07-22T19:20:36.102745,1610612740,vs_opponent,1610612746,2026-02-28,2025-26,ok,18,0.886
2026-07-22T19:20:37.836330,1610612747,vs_opponent,1610612758,2026-02-28,2025-26,ok,18,1.018
2026-07-22T19:20:39.522138,1610612758,vs_opponent,1610612747,2026-02-28,2025-26,ok,19,0.97
2026-07-22T19:20:41.017841,1610612751,vs_opponent,1610612739,2026-02-28,2025-26,ok,20,0.771
2026-07-22T19:20:42.755729,1610612739,vs_opponent,1610612751,2026-02-28,2025-26,ok,22,1.019
2026-07-22T19:20:44.498360,1610612752,vs_opponent,1610612759,2026-02-28,2025-26,ok,17,1.024
2026-07-22T19:20:46.034016,1610612759,vs_opponent,1610612752,2026-02-28,2025-26,ok,18,0.812
2026-07-22T19:20:47.675566,1610612753,vs_opponent,1610612765,2026-02-28,2025-26,ok,17,0.917
2026-07-22T19:20:49.313078,1610612765,vs_opponent,1610612753,2026-02-28,2025-26,ok,19,0.921
2026-07-22T19:20:51.054415,1610612754,vs_opponent,1610612763,2026-02-28,2025-26,ok,18,1.02
2026-07-22T19:20:52.674947,1610612763,vs_opponent,1610612754,2026-02-28,2025-26,ok,18,0.9
2026-07-22T19:20:54.330635,1610612744,vs_opponent,1610612747,2026-02-27,2025-26,ok,21,0.932
2026-07-22T19:20:55.866804,1610612747,vs_opponent,1610612744,2026-02-27,2025-26,ok,19,0.818
2026-07-22T19:21:00.350787,1610612748,vs_opponent,1610612745,2026-02-27,2025-26,empty,0,3.779
2026-07-22T19:21:04.754500,1610612745,vs_opponent,1610612748,2026-02-27,2025-26,empty,0,3.695
2026-07-22T19:21:06.306610,1610612762,vs_opponent,1610612740,2026-02-27,2025-26,ok,18,0.83
2026-07-22T19:21:08.049160,1610612740,vs_opponent,1610612762,2026-02-27,2025-26,ok,17,1.025
2026-07-22T19:21:09.690997,1610612764,vs_opponent,1610612761,2026-02-27,2025-26,ok,18,0.915
2026-07-22T19:21:11.224700,1610612761,vs_opponent,1610612764,2026-02-27,2025-26,ok,17,0.813
2026-07-22T19:21:12.744114,1610612766,vs_opponent,1610612757,2026-02-27,2025-26,empty,0,0.81
2026-07-22T19:21:14.112450,1610612757,vs_opponent,1610612766,2026-02-27,2025-26,empty,0,0.663
2026-07-22T19:21:15.629720,1610612738,vs_opponent,1610612751,2026-02-26,2025-26,ok,17,0.796
2026-07-22T19:21:17.266318,1610612751,vs_opponent,1610612738,2026-02-26,2025-26,ok,18,0.92
2026-07-22T19:21:19.524138,1610612742,vs_opponent,1610612763,2026-02-26,2025-26,ok,18,1.533
2026-07-22T19:21:21.155978,1610612763,vs_opponent,1610612742,2026-02-26,2025-26,ok,19,0.914
2026-07-22T19:21:22.986990,1610612749,vs_opponent,1610612752,2026-02-26,2025-26,ok,18,0.941
2026-07-22T19:21:24.629207,1610612752,vs_opponent,1610612749,2026-02-26,2025-26,ok,17,0.869
2026-07-22T19:21:26.487899,1610612760,vs_opponent,1610612743,2026-02-26,2025-26,ok,18,1.137
2026-07-22T19:21:28.326410,1610612743,vs_opponent,1610612760,2026-02-26,2025-26,ok,17,1.118
2026-07-22T19:21:29.984600,1610612765,vs_opponent,1610612739,2026-02-26,2025-26,ok,19,0.92
2026-07-22T19:21:31.498972,1610612739,vs_opponent,1610612765,2026-02-26,2025-26,ok,17,0.797
2026-07-22T19:21:33.139269,1610612737,vs_opponent,1610612764,2026-02-25,2025-26,ok,25,0.919
2026-07-22T19:21:34.878947,1610612764,vs_opponent,1610612737,2026-02-25,2025-26,ok,24,1.023
2026-07-22T19:21:36.514912,1610612741,vs_opponent,1610612757,2026-02-25,2025-26,ok,18,0.916
2026-07-22T19:21:38.011804,1610612757,vs_opponent,1610612741,2026-02-25,2025-26,ok,18,0.779
2026-07-22T19:21:39.691211,1610612742,vs_opponent,1610612758,2026-02-25,2025-26,ok,18,0.957
2026-07-22T19:21:41.330562,1610612758,vs_opponent,1610612742,2026-02-25,2025-26,ok,18,0.922
2026-07-22T19:21:42.975337,1610612746,vs_opponent,1610612750,2026-02-25,2025-26,ok,22,0.925
2026-07-22T19:21:44.823593,1610612750,vs_opponent,1610612746,2026-02-25,2025-26,ok,19,1.129
2026-07-22T19:21:47.449263,1610612751,vs_opponent,1610612759,2026-02-25,2025-26,ok,17,1.903
2026-07-22T19:21:49.013735,1610612759,vs_opponent,1610612751,2026-02-25,2025-26,ok,18,0.839
2026-07-22T19:21:50.647840,1610612753,vs_opponent,1610612745,2026-02-25,2025-26,ok,17,0.91
2026-07-22T19:21:52.732518,1610612745,vs_opponent,1610612753,2026-02-25,2025-26,ok,17,1.364
2026-07-22T19:21:54.335849,1610612754,vs_opponent,1610612766,2026-02-25,2025-26,ok,21,0.879
2026-07-22T19:21:56.109404,1610612766,vs_opponent,1610612754,2026-02-25,2025-26,ok,19,1.009
2026-07-22T19:21:57.677954,1610612755,vs_opponent,1610612748,2026-02-25,2025-26,ok,17,0.85
2026-07-22T19:21:59.387485,1610612748,vs_opponent,1610612755,2026-02-25,2025-26,ok,17,0.991
2026-07-22T19:22:00.977310,1610612756,vs_opponent,1610612747,2026-02-25,2025-26,ok,17,0.871
2026-07-22T19:22:02.629642,1610612747,vs_opponent,1610612756,2026-02-25,2025-26,ok,17,0.941
2026-07-22T19:22:04.146034,1610612762,vs_opponent,1610612740,2026-02-25,2025-26,empty,0,0.812
2026-07-22T19:22:05.639029,1610612740,vs_opponent,1610612762,2026-02-25,2025-26,empty,0,0.786
2026-07-22T19:22:07.332793,1610612743,vs_opponent,1610612738,2026-02-24,2025-26,ok,17,0.97
2026-07-22T19:22:08.888505,1610612738,vs_opponent,1610612743,2026-02-24,2025-26,ok,17,0.834
2026-07-22T19:22:11.022187,1610612745,vs_opponent,1610612758,2026-02-24,2025-26,ok,18,1.41
2026-07-22T19:22:12.821220,1610612758,vs_opponent,1610612745,2026-02-24,2025-26,ok,18,1.086
2026-07-22T19:22:14.711830,1610612749,vs_opponent,1610612739,2026-02-24,2025-26,ok,18,1.174
2026-07-22T19:22:17.412192,1610612739,vs_opponent,1610612749,2026-02-24,2025-26,ok,17,1.949
2026-07-22T19:22:19.088250,1610612761,vs_opponent,1610612759,2026-02-24,2025-26,ok,17,0.959
2026-07-22T19:22:20.604507,1610612759,vs_opponent,1610612761,2026-02-24,2025-26,ok,18,0.803
2026-07-22T19:22:22.068511,1610612763,vs_opponent,1610612744,2026-02-24,2025-26,ok,24,0.745
2026-07-22T19:22:23.622756,1610612744,vs_opponent,1610612763,2026-02-24,2025-26,ok,21,0.831
2026-07-22T19:22:25.342196,1610612765,vs_opponent,1610612760,2026-02-24,2025-26,empty,0,1.006
2026-07-22T19:22:26.774593,1610612760,vs_opponent,1610612765,2026-02-24,2025-26,empty,0,0.714
2026-07-22T19:22:28.435181,1610612737,vs_opponent,1610612764,2026-02-23,2025-26,ok,17,0.94
2026-07-22T19:22:29.969786,1610612764,vs_opponent,1610612737,2026-02-23,2025-26,ok,18,0.819
2026-07-22T19:22:31.818934,1610612739,vs_opponent,1610612752,2026-02-23,2025-26,ok,17,1.13
2026-07-22T19:22:33.450148,1610612752,vs_opponent,1610612739,2026-02-23,2025-26,ok,17,0.915
2026-07-22T19:22:34.987550,1610612740,vs_opponent,1610612744,2026-02-23,2025-26,ok,18,0.814
2026-07-22T19:22:36.726604,1610612744,vs_opponent,1610612740,2026-02-23,2025-26,ok,17,1.022
2026-07-22T19:22:38.470119,1610612741,vs_opponent,1610612766,2026-02-23,2025-26,ok,18,1.021
2026-07-22T19:22:40.005854,1610612766,vs_opponent,1610612741,2026-02-23,2025-26,ok,19,0.822
2026-07-22T19:22:41.726453,1610612747,vs_opponent,1610612753,2026-02-23,2025-26,empty,0,1.014
2026-07-22T19:22:43.262827,1610612753,vs_opponent,1610612747,2026-02-23,2025-26,empty,0,0.825
2026-07-22T19:22:45.281288,1610612749,vs_opponent,1610612748,2026-02-23,2025-26,ok,18,1.298
2026-07-22T19:22:46.862496,1610612748,vs_opponent,1610612749,2026-02-23,2025-26,ok,17,0.866
2026-07-22T19:22:48.505328,1610612751,vs_opponent,1610612742,2026-02-23,2025-26,ok,18,0.921
2026-07-22T19:22:50.344766,1610612742,vs_opponent,1610612751,2026-02-23,2025-26,ok,18,1.119
2026-07-22T19:22:51.885069,1610612754,vs_opponent,1610612755,2026-02-23,2025-26,ok,19,0.822
2026-07-22T19:22:53.519610,1610612755,vs_opponent,1610612754,2026-02-23,2025-26,ok,18,0.918
2026-07-22T19:22:54.839658,1610612756,vs_opponent,1610612738,2026-02-23,2025-26,empty,0,0.603
2026-07-22T19:22:56.267614,1610612738,vs_opponent,1610612756,2026-02-23,2025-26,empty,0,0.718
2026-07-22T19:22:57.819384,1610612757,vs_opponent,1610612750,2026-02-23,2025-26,ok,19,0.833
2026-07-22T19:22:59.359637,1610612750,vs_opponent,1610612757,2026-02-23,2025-26,ok,19,0.825
2026-07-22T19:23:00.997833,1610612761,vs_opponent,1610612760,2026-02-23,2025-26,ok,17,0.917
2026-07-22T19:23:02.641224,1610612760,vs_opponent,1610612761,2026-02-23,2025-26,ok,18,0.917
2026-07-22T19:23:04.353762,1610612745,vs_opponent,1610612762,2026-02-22,2025-26,ok,17,0.994
2026-07-22T19:23:07.347281,1610612762,vs_opponent,1610612745,2026-02-22,2025-26,ok,18,2.274
2026-07-22T19:23:08.881575,1610612763,vs_opponent,1610612758,2026-02-22,2025-26,ok,23,0.81
2026-07-22T19:23:10.543328,1610612758,vs_opponent,1610612763,2026-02-22,2025-26,ok,19,0.941
2026-07-22T19:23:12.099579,1610612765,vs_opponent,1610612759,2026-02-22,2025-26,empty,0,0.846
2026-07-22T19:23:13.698214,1610612759,vs_opponent,1610612765,2026-02-22,2025-26,empty,0,0.891
2026-07-22T19:23:15.325579,1610612737,vs_opponent,1610612751,2026-02-21,2025-26,ok,17,0.903
2026-07-22T19:23:19.524255,1610612751,vs_opponent,1610612737,2026-02-21,2025-26,ok,17,3.478
2026-07-22T19:23:21.180520,1610612741,vs_opponent,1610612752,2026-02-21,2025-26,ok,18,0.937
2026-07-22T19:23:22.755358,1610612752,vs_opponent,1610612741,2026-02-21,2025-26,ok,17,0.853
2026-07-22T19:23:24.351844,1610612744,vs_opponent,1610612743,2026-02-21,2025-26,ok,17,0.878
2026-07-22T19:23:26.392326,1610612743,vs_opponent,1610612744,2026-02-21,2025-26,ok,17,1.327
2026-07-22T19:23:27.878129,1610612746,vs_opponent,1610612753,2026-02-21,2025-26,ok,17,0.768
2026-07-22T19:23:29.477669,1610612753,vs_opponent,1610612746,2026-02-21,2025-26,ok,17,0.881
2026-07-22T19:23:31.025391,1610612747,vs_opponent,1610612738,2026-02-21,2025-26,ok,17,0.835
2026-07-22T19:23:32.576913,1610612738,vs_opponent,1610612747,2026-02-21,2025-26,ok,17,0.841
2026-07-22T19:23:34.136011,1610612749,vs_opponent,1610612761,2026-02-21,2025-26,ok,18,0.837
2026-07-22T19:23:35.707159,1610612761,vs_opponent,1610612749,2026-02-21,2025-26,ok,17,0.854
2026-07-22T19:23:37.227853,1610612750,vs_opponent,1610612755,2026-02-21,2025-26,empty,0,0.811
2026-07-22T19:23:38.606358,1610612755,vs_opponent,1610612750,2026-02-21,2025-26,empty,0,0.668
2026-07-22T19:23:40.126704,1610612754,vs_opponent,1610612742,2026-02-21,2025-26,ok,18,0.801
2026-07-22T19:23:41.650226,1610612742,vs_opponent,1610612754,2026-02-21,2025-26,ok,18,0.805
2026-07-22T19:23:43.186788,1610612756,vs_opponent,1610612757,2026-02-21,2025-26,ok,17,0.82
2026-07-22T19:23:44.722591,1610612757,vs_opponent,1610612756,2026-02-21,2025-26,ok,19,0.813
2026-07-22T19:23:46.361593,1610612760,vs_opponent,1610612739,2026-02-21,2025-26,ok,18,0.917
2026-07-22T19:23:47.933276,1610612739,vs_opponent,1610612760,2026-02-21,2025-26,ok,17,0.854
2026-07-22T19:23:49.534967,1610612764,vs_opponent,1610612766,2026-02-21,2025-26,ok,19,0.882
2026-07-22T19:23:51.173043,1610612766,vs_opponent,1610612764,2026-02-21,2025-26,ok,19,0.916
2026-07-22T19:23:52.607858,1610612740,vs_opponent,1610612755,2026-02-20,2025-26,ok,18,0.716
2026-07-22T19:23:54.245660,1610612755,vs_opponent,1610612740,2026-02-20,2025-26,ok,18,0.914
2026-07-22T19:23:55.885594,1610612741,vs_opponent,1610612765,2026-02-20,2025-26,ok,19,0.9
2026-07-22T19:23:57.522244,1610612765,vs_opponent,1610612741,2026-02-20,2025-26,ok,19,0.918
2026-07-22T19:23:59.159992,1610612748,vs_opponent,1610612763,2026-02-20,2025-26,ok,17,0.917
2026-07-22T19:24:00.675387,1610612763,vs_opponent,1610612748,2026-02-20,2025-26,ok,18,0.796
2026-07-22T19:24:02.110463,1610612752,vs_opponent,1610612745,2026-02-20,2025-26,empty,0,0.73
2026-07-22T19:24:03.543200,1610612745,vs_opponent,1610612752,2026-02-20,2025-26,empty,0,0.72
2026-07-22T19:24:05.019603,1610612756,vs_opponent,1610612753,2026-02-20,2025-26,empty,0,0.768
2026-07-22T19:24:06.614451,1610612753,vs_opponent,1610612756,2026-02-20,2025-26,empty,0,0.882
2026-07-22T19:24:12.574101,1610612759,vs_opponent,1610612758,2026-02-20,2025-26,ok,18,5.24
2026-07-22T19:24:14.113662,1610612758,vs_opponent,1610612759,2026-02-20,2025-26,ok,18,0.824
2026-07-22T19:24:15.648413,1610612737,vs_opponent,1610612748,2026-02-19,2025-26,ok,22,0.818
2026-07-22T19:24:17.284923,1610612748,vs_opponent,1610612737,2026-02-19,2025-26,ok,17,0.916
2026-07-22T19:24:19.127872,1610612740,vs_opponent,1610612749,2026-02-19,2025-26,ok,18,1.126
2026-07-22T19:24:20.765526,1610612749,vs_opponent,1610612740,2026-02-19,2025-26,ok,17,0.924
2026-07-22T19:24:22.306171,1610612747,vs_opponent,1610612746,2026-02-19,2025-26,ok,18,0.817
2026-07-22T19:24:23.835730,1610612746,vs_opponent,1610612747,2026-02-19,2025-26,ok,20,0.806
2026-07-22T19:24:25.581477,1610612750,vs_opponent,1610612742,2026-02-19,2025-26,ok,17,1.025
2026-07-22T19:24:27.603074,1610612742,vs_opponent,1610612750,2026-02-19,2025-26,ok,18,1.301
2026-07-22T19:24:29.144435,1610612757,vs_opponent,1610612743,2026-02-19,2025-26,ok,18,0.827
2026-07-22T19:24:30.719549,1610612743,vs_opponent,1610612757,2026-02-19,2025-26,ok,17,0.859
2026-07-22T19:24:32.274573,1610612760,vs_opponent,1610612751,2026-02-19,2025-26,empty,0,0.849
2026-07-22T19:24:33.751912,1610612751,vs_opponent,1610612760,2026-02-19,2025-26,empty,0,0.769
2026-07-22T19:24:35.436244,1610612763,vs_opponent,1610612762,2026-02-19,2025-26,ok,19,0.962
2026-07-22T19:24:37.206635,1610612762,vs_opponent,1610612763,2026-02-19,2025-26,ok,18,1.052
2026-07-22T19:24:38.841433,1610612764,vs_opponent,1610612754,2026-02-19,2025-26,ok,24,0.915
2026-07-22T19:24:40.679723,1610612754,vs_opponent,1610612764,2026-02-19,2025-26,ok,23,1.125
2026-07-22T19:24:43.395908,1610612766,vs_opponent,1610612739,2026-02-19,2025-26,ok,19,1.992
2026-07-22T19:24:44.997281,1610612739,vs_opponent,1610612766,2026-02-19,2025-26,ok,17,0.887
2026-07-22T19:24:46.726826,1610612739,vs_opponent,1610612751,2026-02-18,2025-26,ok,16,1.017
2026-07-22T19:24:48.848438,1610612751,vs_opponent,1610612739,2026-02-18,2025-26,ok,17,1.401
2026-07-22T19:24:50.355116,1610612741,vs_opponent,1610612761,2026-02-18,2025-26,ok,18,0.785
2026-07-22T19:24:51.986672,1610612761,vs_opponent,1610612741,2026-02-18,2025-26,ok,17,0.915
2026-07-22T19:24:53.399118,1610612744,vs_opponent,1610612738,2026-02-18,2025-26,empty,0,0.704
2026-07-22T19:24:55.099694,1610612738,vs_opponent,1610612744,2026-02-18,2025-26,empty,0,0.995
2026-07-22T19:24:58.507741,1610612746,vs_opponent,1610612743,2026-02-18,2025-26,ok,18,2.693
2026-07-22T19:25:00.277131,1610612743,vs_opponent,1610612746,2026-02-18,2025-26,ok,17,1.047
2026-07-22T19:25:01.808375,1610612752,vs_opponent,1610612765,2026-02-18,2025-26,ok,19,0.814
2026-07-22T19:25:03.470793,1610612765,vs_opponent,1610612752,2026-02-18,2025-26,ok,20,0.945
2026-07-22T19:25:09.193683,1610612755,vs_opponent,1610612737,2026-02-18,2025-26,ok,17,5.012
2026-07-22T19:25:11.690491,1610612737,vs_opponent,1610612755,2026-02-18,2025-26,ok,17,1.779
2026-07-22T19:25:13.381504,1610612758,vs_opponent,1610612753,2026-02-18,2025-26,empty,0,0.985
2026-07-22T19:25:14.843203,1610612753,vs_opponent,1610612758,2026-02-18,2025-26,empty,0,0.751
2026-07-22T19:25:16.675811,1610612759,vs_opponent,1610612756,2026-02-18,2025-26,ok,18,1.117
2026-07-22T19:25:18.258473,1610612756,vs_opponent,1610612759,2026-02-18,2025-26,ok,18,0.856
2026-07-22T19:25:19.875744,1610612764,vs_opponent,1610612754,2026-02-18,2025-26,ok,18,0.89
2026-07-22T19:25:21.487803,1610612754,vs_opponent,1610612764,2026-02-18,2025-26,ok,20,0.895
2026-07-22T19:25:23.184319,1610612766,vs_opponent,1610612745,2026-02-18,2025-26,ok,17,0.971
2026-07-22T19:25:25.071037,1610612745,vs_opponent,1610612766,2026-02-18,2025-26,ok,17,1.172
2026-07-22T19:25:26.606207,1610612747,vs_opponent,1610612742,2026-02-11,2025-26,ok,17,0.822
2026-07-22T19:25:28.254176,1610612742,vs_opponent,1610612747,2026-02-11,2025-26,ok,19,0.926
2026-07-22T19:25:29.784898,1610612760,vs_opponent,1610612749,2026-02-11,2025-26,ok,18,0.808
2026-07-22T19:25:31.325725,1610612749,vs_opponent,1610612760,2026-02-11,2025-26,ok,17,0.815
2026-07-22T19:25:32.854439,1610612762,vs_opponent,1610612757,2026-02-11,2025-26,ok,18,0.806
2026-07-22T19:25:34.698982,1610612757,vs_opponent,1610612762,2026-02-11,2025-26,ok,18,1.123
2026-07-22T19:25:36.339225,1610612738,vs_opponent,1610612741,2026-02-10,2025-26,ok,17,0.917
2026-07-22T19:25:37.874381,1610612741,vs_opponent,1610612738,2026-02-10,2025-26,ok,19,0.82
2026-07-22T19:25:39.513750,1610612739,vs_opponent,1610612764,2026-02-10,2025-26,ok,17,0.919
2026-07-22T19:25:41.252201,1610612764,vs_opponent,1610612739,2026-02-10,2025-26,ok,18,1.019
2026-07-22T19:25:42.791377,1610612740,vs_opponent,1610612748,2026-02-10,2025-26,ok,18,0.819
2026-07-22T19:25:44.322431,1610612748,vs_opponent,1610612740,2026-02-10,2025-26,ok,17,0.806
2026-07-22T19:25:45.863563,1610612743,vs_opponent,1610612763,2026-02-10,2025-26,ok,17,0.825
2026-07-22T19:25:47.710177,1610612763,vs_opponent,1610612743,2026-02-10,2025-26,ok,19,1.125
2026-07-22T19:25:49.548270,1610612744,vs_opponent,1610612759,2026-02-10,2025-26,ok,17,1.12
2026-07-22T19:25:52.619288,1610612759,vs_opponent,1610612744,2026-02-10,2025-26,ok,18,2.358
2026-07-22T19:25:54.360404,1610612745,vs_opponent,1610612746,2026-02-10,2025-26,ok,18,1.022
2026-07-22T19:25:55.898419,1610612746,vs_opponent,1610612745,2026-02-10,2025-26,ok,22,0.821
2026-07-22T19:25:57.446505,1610612750,vs_opponent,1610612757,2026-02-10,2025-26,ok,17,0.83
2026-07-22T19:25:59.033165,1610612757,vs_opponent,1610612750,2026-02-10,2025-26,ok,18,0.872
2026-07-22T19:26:00.830383,1610612751,vs_opponent,1610612754,2026-02-10,2025-26,ok,17,1.077
2026-07-22T19:26:02.654360,1610612754,vs_opponent,1610612751,2026-02-10,2025-26,ok,20,1.105
2026-07-22T19:26:04.405005,1610612753,vs_opponent,1610612749,2026-02-10,2025-26,ok,17,1.035
2026-07-22T19:26:06.076789,1610612749,vs_opponent,1610612753,2026-02-10,2025-26,ok,17,0.951
2026-07-22T19:26:08.186204,1610612755,vs_opponent,1610612752,2026-02-10,2025-26,ok,18,1.347
2026-07-22T19:26:09.854649,1610612752,vs_opponent,1610612755,2026-02-10,2025-26,ok,18,0.948
2026-07-22T19:26:11.591901,1610612756,vs_opponent,1610612760,2026-02-10,2025-26,ok,17,1.015
2026-07-22T19:26:13.304500,1610612760,vs_opponent,1610612756,2026-02-10,2025-26,ok,18,0.997
2026-07-22T19:26:16.459188,1610612761,vs_opponent,1610612765,2026-02-10,2025-26,empty,0,2.441
2026-07-22T19:26:17.849398,1610612765,vs_opponent,1610612761,2026-02-10,2025-26,empty,0,0.681
2026-07-22T19:26:19.942033,1610612762,vs_opponent,1610612758,2026-02-10,2025-26,ok,18,1.367
2026-07-22T19:26:21.596355,1610612758,vs_opponent,1610612762,2026-02-10,2025-26,ok,19,0.933
2026-07-22T19:26:23.442223,1610612766,vs_opponent,1610612737,2026-02-10,2025-26,ok,23,1.125
2026-07-22T19:26:25.083754,1610612737,vs_opponent,1610612766,2026-02-10,2025-26,ok,25,0.92
2026-07-22T19:26:26.716863,1610612745,vs_opponent,1610612746,2026-02-09,2025-26,ok,17,0.909
2026-07-22T19:26:28.356664,1610612746,vs_opponent,1610612745,2026-02-09,2025-26,ok,17,0.921
2026-07-22T19:26:29.892797,1610612747,vs_opponent,1610612759,2026-02-09,2025-26,ok,18,0.813
2026-07-22T19:26:31.532355,1610612759,vs_opponent,1610612747,2026-02-09,2025-26,ok,19,0.92
2026-07-22T19:26:33.163144,1610612752,vs_opponent,1610612754,2026-02-09,2025-26,ok,17,0.913
2026-07-22T19:26:34.706177,1610612754,vs_opponent,1610612752,2026-02-09,2025-26,ok,19,0.828
2026-07-22T19:26:36.241538,1610612756,vs_opponent,1610612742,2026-02-09,2025-26,ok,17,0.812
2026-07-22T19:26:37.982777,1610612742,vs_opponent,1610612756,2026-02-09,2025-26,ok,18,1.027
2026-07-22T19:26:39.398263,1610612740,vs_opponent,1610612758,2026-02-08,2025-26,empty,0,0.711
2026-07-22T19:26:41.240731,1610612758,vs_opponent,1610612740,2026-02-08,2025-26,empty,0,1.135
2026-07-22T19:26:42.894173,1610612743,vs_opponent,1610612739,2026-02-08,2025-26,ok,17,0.935
2026-07-22T19:26:44.841976,1610612739,vs_opponent,1610612743,2026-02-08,2025-26,ok,17,1.233
2026-07-22T19:26:46.382004,1610612744,vs_opponent,1610612763,2026-02-08,2025-26,ok,17,0.819
2026-07-22T19:26:47.921568,1610612763,vs_opponent,1610612744,2026-02-08,2025-26,ok,19,0.822
2026-07-22T19:26:49.555561,1610612747,vs_opponent,1610612760,2026-02-08,2025-26,ok,17,0.917
2026-07-22T19:26:51.148177,1610612760,vs_opponent,1610612747,2026-02-08,2025-26,ok,18,0.871
2026-07-22T19:26:52.859197,1610612748,vs_opponent,1610612762,2026-02-08,2025-26,ok,17,0.992
2026-07-22T19:26:54.367300,1610612762,vs_opponent,1610612748,2026-02-08,2025-26,ok,18,0.791
2026-07-22T19:26:56.103186,1610612750,vs_opponent,1610612737,2026-02-08,2025-26,ok,17,1.018
2026-07-22T19:26:58.129109,1610612737,vs_opponent,1610612750,2026-02-08,2025-26,ok,16,1.311
2026-07-22T19:26:59.691319,1610612751,vs_opponent,1610612741,2026-02-08,2025-26,ok,18,0.839
2026-07-22T19:27:01.332075,1610612741,vs_opponent,1610612751,2026-02-08,2025-26,ok,19,0.922
2026-07-22T19:27:03.048670,1610612753,vs_opponent,1610612749,2026-02-08,2025-26,empty,0,1.005
2026-07-22T19:27:04.486327,1610612749,vs_opponent,1610612753,2026-02-08,2025-26,empty,0,0.727
2026-07-22T19:27:05.793998,1610612757,vs_opponent,1610612755,2026-02-08,2025-26,empty,0,0.594
2026-07-22T19:27:07.115516,1610612755,vs_opponent,1610612757,2026-02-08,2025-26,empty,0,0.616
2026-07-22T19:27:12.289230,1610612766,vs_opponent,1610612765,2026-02-08,2025-26,ok,18,4.452
2026-07-22T19:27:13.823455,1610612765,vs_opponent,1610612766,2026-02-08,2025-26,ok,18,0.813
2026-07-22T19:27:15.667323,1610612738,vs_opponent,1610612752,2026-02-07,2025-26,ok,17,1.124
2026-07-22T19:27:17.203843,1610612752,vs_opponent,1610612738,2026-02-07,2025-26,ok,17,0.82
2026-07-22T19:27:18.944490,1610612750,vs_opponent,1610612746,2026-02-07,2025-26,ok,17,1.016
2026-07-22T19:27:20.582398,1610612746,vs_opponent,1610612750,2026-02-07,2025-26,ok,17,0.919
2026-07-22T19:27:22.425289,1610612761,vs_opponent,1610612754,2026-02-07,2025-26,ok,17,1.123
2026-07-22T19:27:24.006489,1610612754,vs_opponent,1610612761,2026-02-07,2025-26,ok,22,0.867
2026-07-22T19:27:25.512300,1610612764,vs_opponent,1610612748,2026-02-07,2025-26,empty,0,0.794
2026-07-22T19:27:27.831023,1610612748,vs_opponent,1610612764,2026-02-07,2025-26,empty,0,1.606
2026-07-22T19:27:29.514285,1610612737,vs_opponent,1610612766,2026-02-06,2025-26,ok,17,0.968
2026-07-22T19:27:31.025397,1610612766,vs_opponent,1610612737,2026-02-06,2025-26,ok,18,0.791
2026-07-22T19:27:32.768031,1610612741,vs_opponent,1610612743,2026-02-06,2025-26,ok,18,1.022
2026-07-22T19:27:35.901577,1610612743,vs_opponent,1610612741,2026-02-06,2025-26,ok,17,2.417
2026-07-22T19:27:37.495106,1610612747,vs_opponent,1610612744,2026-02-06,2025-26,ok,17,0.874
2026-07-22T19:27:39.010717,1610612744,vs_opponent,1610612747,2026-02-06,2025-26,ok,17,0.797
2026-07-22T19:27:40.525958,1610612751,vs_opponent,1610612764,2026-02-06,2025-26,ok,18,0.8
2026-07-22T19:27:42.292969,1610612764,vs_opponent,1610612751,2026-02-06,2025-26,ok,18,1.045
2026-07-22T19:27:43.826039,1610612753,vs_opponent,1610612762,2026-02-06,2025-26,ok,17,0.81
2026-07-22T19:27:45.463869,1610612762,vs_opponent,1610612753,2026-02-06,2025-26,ok,18,0.92
2026-07-22T19:27:47.307891,1610612756,vs_opponent,1610612755,2026-02-06,2025-26,ok,17,1.124
2026-07-22T19:27:48.974925,1610612755,vs_opponent,1610612756,2026-02-06,2025-26,ok,17,0.954
2026-07-22T19:27:50.460637,1610612757,vs_opponent,1610612763,2026-02-06,2025-26,ok,19,0.766
2026-07-22T19:27:51.944921,1610612763,vs_opponent,1610612757,2026-02-06,2025-26,ok,21,0.764
2026-07-22T19:27:53.559430,1610612758,vs_opponent,1610612739,2026-02-06,2025-26,ok,18,0.894
2026-07-22T19:27:55.050704,1610612739,vs_opponent,1610612758,2026-02-06,2025-26,ok,17,0.775
2026-07-22T19:27:58.158332,1610612759,vs_opponent,1610612742,2026-02-06,2025-26,ok,19,2.389
2026-07-22T19:27:59.803620,1610612742,vs_opponent,1610612759,2026-02-06,2025-26,ok,18,0.926
2026-07-22T19:28:02.996838,1610612760,vs_opponent,1610612745,2026-02-06,2025-26,ok,18,2.472
2026-07-22T19:28:05.536630,1610612745,vs_opponent,1610612760,2026-02-06,2025-26,ok,18,1.818
2026-07-22T19:28:08.301280,1610612738,vs_opponent,1610612748,2026-02-05,2025-26,ok,17,2.039
2026-07-22T19:28:10.038719,1610612748,vs_opponent,1610612738,2026-02-05,2025-26,ok,17,1.02
2026-07-22T19:28:11.786613,1610612749,vs_opponent,1610612754,2026-02-05,2025-26,ok,18,1.03
2026-07-22T19:28:13.318490,1610612754,vs_opponent,1610612749,2026-02-05,2025-26,ok,22,0.818
2026-07-22T19:28:14.775872,1610612750,vs_opponent,1610612740,2026-02-05,2025-26,ok,17,0.738
2026-07-22T19:28:16.390552,1610612740,vs_opponent,1610612750,2026-02-05,2025-26,ok,18,0.894
2026-07-22T19:28:17.926210,1610612757,vs_opponent,1610612763,2026-02-05,2025-26,ok,18,0.815
2026-07-22T19:28:19.460888,1610612763,vs_opponent,1610612757,2026-02-05,2025-26,ok,18,0.82
2026-07-22T19:28:21.017148,1610612758,vs_opponent,1610612746,2026-02-05,2025-26,ok,18,0.833
2026-07-22T19:28:22.425695,1610612746,vs_opponent,1610612758,2026-02-05,2025-26,ok,17,0.69
2026-07-22T19:28:24.068042,1610612765,vs_opponent,1610612752,2026-02-05,2025-26,ok,18,0.921
2026-07-22T19:28:25.703357,1610612752,vs_opponent,1610612765,2026-02-05,2025-26,ok,17,0.922
2026-07-22T19:28:27.395724,1610612737,vs_opponent,1610612762,2026-02-04,2025-26,ok,17,0.972
2026-07-22T19:28:28.986234,1610612762,vs_opponent,1610612737,2026-02-04,2025-26,ok,18,0.878
2026-07-22T19:28:30.633998,1610612742,vs_opponent,1610612759,2026-02-04,2025-26,ok,18,0.918
2026-07-22T19:28:32.170578,1610612759,vs_opponent,1610612742,2026-02-04,2025-26,ok,18,0.798
2026-07-22T19:28:33.573819,1610612745,vs_opponent,1610612766,2026-02-04,2025-26,empty,0,0.688
2026-07-22T19:28:34.896756,1610612766,vs_opponent,1610612745,2026-02-04,2025-26,empty,0,0.613
2026-07-22T19:28:36.355802,1610612747,vs_opponent,1610612755,2026-02-04,2025-26,ok,17,0.744
2026-07-22T19:28:37.864854,1610612755,vs_opponent,1610612747,2026-02-04,2025-26,ok,17,0.797
2026-07-22T19:28:39.402209,1610612753,vs_opponent,1610612751,2026-02-04,2025-26,ok,17,0.823
2026-07-22T19:28:41.068330,1610612751,vs_opponent,1610612753,2026-02-04,2025-26,ok,18,0.948
2026-07-22T19:28:42.817860,1610612756,vs_opponent,1610612744,2026-02-04,2025-26,ok,18,1.029
2026-07-22T19:28:44.345922,1610612744,vs_opponent,1610612756,2026-02-04,2025-26,ok,20,0.805
2026-07-22T19:28:45.859421,1610612761,vs_opponent,1610612741,2026-02-04,2025-26,empty,0,0.807
2026-07-22T19:28:47.295411,1610612741,vs_opponent,1610612761,2026-02-04,2025-26,empty,0,0.725
2026-07-22T19:28:48.847455,1610612765,vs_opponent,1610612764,2026-02-04,2025-26,ok,18,0.835
2026-07-22T19:28:50.385670,1610612764,vs_opponent,1610612765,2026-02-04,2025-26,ok,18,0.821
2026-07-22T19:28:51.925881,1610612745,vs_opponent,1610612738,2026-02-03,2025-26,ok,17,0.824
2026-07-22T19:28:53.863788,1610612738,vs_opponent,1610612745,2026-02-03,2025-26,ok,17,1.221
2026-07-22T19:28:55.290389,1610612746,vs_opponent,1610612739,2026-02-03,2025-26,ok,17,0.709
2026-07-22T19:28:56.937801,1610612739,vs_opponent,1610612746,2026-02-03,2025-26,ok,17,0.931
2026-07-22T19:28:58.354667,1610612749,vs_opponent,1610612740,2026-02-03,2025-26,empty,0,0.712
2026-07-22T19:28:59.680252,1610612740,vs_opponent,1610612749,2026-02-03,2025-26,empty,0,0.618
2026-07-22T19:29:01.013085,1610612752,vs_opponent,1610612743,2026-02-03,2025-26,empty,0,0.624
2026-07-22T19:29:02.450651,1610612743,vs_opponent,1610612752,2026-02-03,2025-26,empty,0,0.726
2026-07-22T19:29:04.006238,1610612758,vs_opponent,1610612763,2026-02-03,2025-26,ok,18,0.836
2026-07-22T19:29:05.440049,1610612763,vs_opponent,1610612758,2026-02-03,2025-26,ok,19,0.718
2026-07-22T19:29:07.863040,1610612759,vs_opponent,1610612760,2026-02-03,2025-26,ok,19,1.709
2026-07-22T19:29:09.432806,1610612760,vs_opponent,1610612759,2026-02-03,2025-26,ok,18,0.856
2026-07-22T19:29:10.829818,1610612761,vs_opponent,1610612750,2026-02-03,2025-26,empty,0,0.686
2026-07-22T19:29:12.486970,1610612750,vs_opponent,1610612761,2026-02-03,2025-26,empty,0,0.948
2026-07-22T19:29:13.833516,1610612742,vs_opponent,1610612738,2026-02-02,2025-26,empty,0,0.638
2026-07-22T19:29:15.250796,1610612738,vs_opponent,1610612742,2026-02-02,2025-26,empty,0,0.712
2026-07-22T19:29:16.820990,1610612744,vs_opponent,1610612755,2026-02-02,2025-26,ok,18,0.857
2026-07-22T19:29:18.342112,1610612755,vs_opponent,1610612744,2026-02-02,2025-26,ok,17,0.807
2026-07-22T19:29:20.897980,1610612748,vs_opponent,1610612737,2026-02-02,2025-26,ok,17,1.839
2026-07-22T19:29:22.540746,1610612737,vs_opponent,1610612748,2026-02-02,2025-26,ok,17,0.926
2026-07-22T19:29:24.179334,1610612749,vs_opponent,1610612741,2026-02-02,2025-26,ok,18,0.919
2026-07-22T19:29:25.660109,1610612741,vs_opponent,1610612749,2026-02-02,2025-26,ok,18,0.765
2026-07-22T19:29:27.130172,1610612751,vs_opponent,1610612747,2026-02-02,2025-26,empty,0,0.758
2026-07-22T19:29:28.562650,1610612747,vs_opponent,1610612751,2026-02-02,2025-26,empty,0,0.724
2026-07-22T19:29:30.187497,1610612754,vs_opponent,1610612762,2026-02-02,2025-26,ok,20,0.898
2026-07-22T19:29:31.857780,1610612762,vs_opponent,1610612754,2026-02-02,2025-26,ok,18,0.948
2026-07-22T19:29:33.318971,1610612757,vs_opponent,1610612756,2026-02-02,2025-26,ok,18,0.742
2026-07-22T19:29:35.031687,1610612756,vs_opponent,1610612757,2026-02-02,2025-26,ok,17,0.989
2026-07-22T19:29:36.447602,1610612760,vs_opponent,1610612753,2026-02-02,2025-26,empty,0,0.712
2026-07-22T19:29:37.881349,1610612753,vs_opponent,1610612760,2026-02-02,2025-26,empty,0,0.721
2026-07-22T19:29:39.437326,1610612764,vs_opponent,1610612752,2026-02-02,2025-26,ok,18,0.836
2026-07-22T19:29:41.181445,1610612752,vs_opponent,1610612764,2026-02-02,2025-26,ok,17,1.021
2026-07-22T19:29:46.398882,1610612765,vs_opponent,1610612743,2026-02-02,2025-26,ok,18,4.496
2026-07-22T19:29:47.935044,1610612743,vs_opponent,1610612765,2026-02-02,2025-26,ok,17,0.82
2026-07-22T19:29:49.573294,1610612746,vs_opponent,1610612755,2026-02-01,2025-26,ok,17,0.918
2026-07-22T19:29:51.316850,1610612755,vs_opponent,1610612746,2026-02-01,2025-26,ok,17,1.025
2026-07-22T19:29:52.845131,1610612754,vs_opponent,1610612745,2026-02-01,2025-26,ok,18,0.811
2026-07-22T19:29:54.485921,1610612745,vs_opponent,1610612754,2026-02-01,2025-26,ok,17,0.922
2026-07-22T19:29:56.018758,1610612763,vs_opponent,1610612750,2026-02-01,2025-26,ok,18,0.821
2026-07-22T19:29:57.659086,1610612750,vs_opponent,1610612763,2026-02-01,2025-26,ok,17,0.927
2026-07-22T19:29:59.501109,1610612766,vs_opponent,1610612740,2026-02-01,2025-26,ok,18,1.122
2026-07-22T19:30:09.028230,1610612740,vs_opponent,1610612766,2026-02-01,2025-26,ok,18,8.806
2026-07-22T19:30:10.566726,1610612738,vs_opponent,1610612749,2026-01-31,2025-26,ok,17,0.815
2026-07-22T19:30:12.117872,1610612749,vs_opponent,1610612738,2026-01-31,2025-26,ok,18,0.832
2026-07-22T19:30:13.618361,1610612743,vs_opponent,1610612760,2026-01-31,2025-26,empty,0,0.788
2026-07-22T19:30:14.995376,1610612760,vs_opponent,1610612743,2026-01-31,2025-26,empty,0,0.664
2026-07-22T19:30:16.565000,1610612748,vs_opponent,1610612741,2026-01-31,2025-26,ok,17,0.858
2026-07-22T19:30:18.129747,1610612741,vs_opponent,1610612748,2026-01-31,2025-26,ok,19,0.847
2026-07-22T19:30:20.582867,1610612752,vs_opponent,1610612747,2026-01-31,2025-26,empty,0,1.747
2026-07-22T19:30:22.425477,1610612747,vs_opponent,1610612752,2026-01-31,2025-26,empty,0,1.135
2026-07-22T19:30:23.977030,1610612756,vs_opponent,1610612746,2026-01-31,2025-26,ok,17,0.833
2026-07-22T19:30:25.511663,1610612746,vs_opponent,1610612756,2026-01-31,2025-26,ok,17,0.823
2026-07-22T19:30:27.049737,1610612757,vs_opponent,1610612739,2026-01-31,2025-26,ok,18,0.818
2026-07-22T19:30:28.806090,1610612739,vs_opponent,1610612757,2026-01-31,2025-26,ok,17,1.032
2026-07-22T19:30:30.337211,1610612759,vs_opponent,1610612753,2026-01-31,2025-26,ok,18,0.809
2026-07-22T19:30:31.965781,1610612753,vs_opponent,1610612759,2026-01-31,2025-26,ok,17,0.908
2026-07-22T19:30:33.481260,1610612761,vs_opponent,1610612762,2026-01-31,2025-26,empty,0,0.812
2026-07-22T19:30:34.956726,1610612762,vs_opponent,1610612761,2026-01-31,2025-26,empty,0,0.771
2026-07-22T19:30:36.569756,1610612764,vs_opponent,1610612758,2026-01-31,2025-26,ok,17,0.893
2026-07-22T19:30:38.509270,1610612758,vs_opponent,1610612764,2026-01-31,2025-26,ok,18,1.219
2026-07-22T19:30:40.052716,1610612765,vs_opponent,1610612751,2026-01-31,2025-26,ok,18,0.833
2026-07-22T19:30:41.795028,1610612751,vs_opponent,1610612765,2026-01-31,2025-26,ok,17,1.026
2026-07-22T19:30:45.059744,1610612745,vs_opponent,1610612742,2026-01-30,2025-26,ok,19,2.547
2026-07-22T19:30:46.806077,1610612742,vs_opponent,1610612745,2026-01-30,2025-26,ok,18,1.028
2026-07-22T19:30:48.437540,1610612748,vs_opponent,1610612741,2026-01-30,2025-26,ok,17,0.912
2026-07-22T19:30:49.975338,1610612741,vs_opponent,1610612748,2026-01-30,2025-26,ok,19,0.819
2026-07-22T19:30:51.573948,1610612754,vs_opponent,1610612737,2026-01-30,2025-26,ok,20,0.873
2026-07-22T19:30:53.200436,1610612737,vs_opponent,1610612754,2026-01-30,2025-26,ok,21,0.904
2026-07-22T19:30:54.816804,1610612755,vs_opponent,1610612740,2026-01-30,2025-26,empty,0,0.908
2026-07-22T19:30:56.299930,1610612740,vs_opponent,1610612755,2026-01-30,2025-26,empty,0,0.773
2026-07-22T19:30:58.058984,1610612763,vs_opponent,1610612750,2026-01-30,2025-26,ok,18,1.036
2026-07-22T19:30:59.705928,1610612750,vs_opponent,1610612763,2026-01-30,2025-26,ok,17,0.929
2026-07-22T19:31:01.316096,1610612766,vs_opponent,1610612759,2026-01-30,2025-26,empty,0,0.894
2026-07-22T19:31:03.466057,1610612759,vs_opponent,1610612766,2026-01-30,2025-26,empty,0,1.439
2026-07-22T19:31:05.126902,1610612738,vs_opponent,1610612758,2026-01-29,2025-26,ok,17,0.943
2026-07-22T19:31:07.047131,1610612758,vs_opponent,1610612738,2026-01-29,2025-26,ok,18,1.201
2026-07-22T19:31:08.705699,1610612740,vs_opponent,1610612763,2026-01-29,2025-26,ok,19,0.939
2026-07-22T19:31:11.266158,1610612763,vs_opponent,1610612740,2026-01-29,2025-26,ok,20,1.838
2026-07-22T19:31:13.664317,1610612743,vs_opponent,1610612746,2026-01-29,2025-26,ok,17,1.677
2026-07-22T19:31:15.874623,1610612746,vs_opponent,1610612743,2026-01-29,2025-26,ok,17,1.492
2026-07-22T19:31:17.595457,1610612744,vs_opponent,1610612765,2026-01-29,2025-26,empty,0,1.009
2026-07-22T19:31:19.031327,1610612765,vs_opponent,1610612744,2026-01-29,2025-26,empty,0,0.724
2026-07-22T19:31:20.541380,1610612752,vs_opponent,1610612757,2026-01-29,2025-26,ok,16,0.793
2026-07-22T19:31:22.120307,1610612757,vs_opponent,1610612752,2026-01-29,2025-26,ok,18,0.859
2026-07-22T19:31:23.654394,1610612753,vs_opponent,1610612761,2026-01-29,2025-26,ok,17,0.81
2026-07-22T19:31:25.281822,1610612761,vs_opponent,1610612753,2026-01-29,2025-26,ok,18,0.911
2026-07-22T19:31:27.034479,1610612756,vs_opponent,1610612739,2026-01-29,2025-26,ok,17,1.035
2026-07-22T19:31:28.790036,1610612739,vs_opponent,1610612756,2026-01-29,2025-26,ok,17,1.043
2026-07-22T19:31:30.414042,1610612762,vs_opponent,1610612751,2026-01-29,2025-26,ok,18,0.904
2026-07-22T19:31:31.926664,1610612751,vs_opponent,1610612762,2026-01-29,2025-26,ok,17,0.794
2026-07-22T19:31:33.363786,1610612764,vs_opponent,1610612747,2026-01-29,2025-26,empty,0,0.724
2026-07-22T19:31:34.899992,1610612747,vs_opponent,1610612764,2026-01-29,2025-26,empty,0,0.826
2026-07-22T19:31:36.290433,1610612737,vs_opponent,1610612745,2026-01-28,2025-26,empty,0,0.678
2026-07-22T19:31:37.788069,1610612745,vs_opponent,1610612737,2026-01-28,2025-26,empty,0,0.787
2026-07-22T19:31:40.041295,1610612741,vs_opponent,1610612748,2026-01-28,2025-26,ok,18,1.531
2026-07-22T19:31:41.579100,1610612748,vs_opponent,1610612741,2026-01-28,2025-26,ok,17,0.815
2026-07-22T19:31:43.091732,1610612742,vs_opponent,1610612766,2026-01-28,2025-26,empty,0,0.799
2026-07-22T19:31:44.730792,1610612766,vs_opponent,1610612742,2026-01-28,2025-26,empty,0,0.928
2026-07-22T19:31:46.592746,1610612743,vs_opponent,1610612751,2026-01-28,2025-26,ok,17,1.143
2026-07-22T19:31:48.081737,1610612751,vs_opponent,1610612743,2026-01-28,2025-26,ok,18,0.768
2026-07-22T19:31:49.663082,1610612750,vs_opponent,1610612760,2026-01-28,2025-26,ok,17,0.86
2026-07-22T19:31:51.404838,1610612760,vs_opponent,1610612750,2026-01-28,2025-26,ok,18,1.024
2026-07-22T19:31:52.921965,1610612755,vs_opponent,1610612758,2026-01-28,2025-26,empty,0,0.803
2026-07-22T19:31:54.355512,1610612758,vs_opponent,1610612755,2026-01-28,2025-26,empty,0,0.727
2026-07-22T19:31:56.013669,1610612756,vs_opponent,1610612765,2026-01-28,2025-26,ok,17,0.893
2026-07-22T19:31:58.186123,1610612765,vs_opponent,1610612756,2026-01-28,2025-26,ok,18,1.455
2026-07-22T19:31:59.718187,1610612764,vs_opponent,1610612749,2026-01-28,2025-26,ok,18,0.797
2026-07-22T19:32:01.408054,1610612749,vs_opponent,1610612764,2026-01-28,2025-26,ok,18,0.97
2026-07-22T19:32:03.362858,1610612738,vs_opponent,1610612737,2026-01-27,2025-26,ok,17,1.236
2026-07-22T19:32:04.975254,1610612737,vs_opponent,1610612738,2026-01-27,2025-26,ok,18,0.891
2026-07-22T19:32:08.179342,1610612739,vs_opponent,1610612747,2026-01-27,2025-26,empty,0,2.491
2026-07-22T19:32:09.777101,1610612747,vs_opponent,1610612739,2026-01-27,2025-26,empty,0,0.893
2026-07-22T19:32:11.622038,1610612742,vs_opponent,1610612750,2026-01-27,2025-26,ok,18,1.125
2026-07-22T19:32:13.514137,1610612750,vs_opponent,1610612742,2026-01-27,2025-26,ok,17,1.172
2026-07-22T19:32:15.470782,1610612745,vs_opponent,1610612759,2026-01-27,2025-26,ok,18,1.231
2026-07-22T19:32:16.989588,1610612759,vs_opponent,1610612745,2026-01-27,2025-26,ok,19,0.798
2026-07-22T19:32:18.646224,1610612748,vs_opponent,1610612753,2026-01-27,2025-26,ok,17,0.932
2026-07-22T19:32:20.280770,1610612753,vs_opponent,1610612748,2026-01-27,2025-26,ok,17,0.913
2026-07-22T19:32:22.021554,1610612754,vs_opponent,1610612741,2026-01-27,2025-26,ok,20,1.019
2026-07-22T19:32:23.615490,1610612741,vs_opponent,1610612754,2026-01-27,2025-26,ok,18,0.875
2026-07-22T19:32:25.198794,1610612761,vs_opponent,1610612752,2026-01-27,2025-26,ok,17,0.861
2026-07-22T19:32:26.734212,1610612752,vs_opponent,1610612761,2026-01-27,2025-26,ok,17,0.818
2026-07-22T19:32:28.366398,1610612762,vs_opponent,1610612744,2026-01-27,2025-26,ok,18,0.914
2026-07-22T19:32:30.719770,1610612744,vs_opponent,1610612762,2026-01-27,2025-26,ok,20,1.637
2026-07-22T19:32:32.471225,1610612763,vs_opponent,1610612766,2026-01-27,2025-26,empty,0,1.038
2026-07-22T19:32:34.307583,1610612766,vs_opponent,1610612763,2026-01-27,2025-26,empty,0,1.132
2026-07-22T19:32:35.951582,1610612743,vs_opponent,1610612765,2026-01-26,2025-26,empty,0,0.939
2026-07-22T19:32:37.361807,1610612765,vs_opponent,1610612743,2026-01-26,2025-26,empty,0,0.706
2026-07-22T19:32:39.327112,1610612752,vs_opponent,1610612758,2026-01-26,2025-26,ok,16,1.242
2026-07-22T19:32:41.300382,1610612758,vs_opponent,1610612752,2026-01-26,2025-26,ok,18,1.257
2026-07-22T19:32:43.237331,1610612755,vs_opponent,1610612749,2026-01-26,2025-26,ok,17,1.216
2026-07-22T19:32:44.992272,1610612749,vs_opponent,1610612755,2026-01-26,2025-26,ok,18,1.034
2026-07-22T19:32:46.919586,1610612756,vs_opponent,1610612751,2026-01-26,2025-26,ok,17,1.208
2026-07-22T19:32:48.543876,1610612751,vs_opponent,1610612756,2026-01-26,2025-26,ok,18,0.906
2026-07-22T19:32:50.187544,1610612760,vs_opponent,1610612740,2026-01-26,2025-26,ok,18,0.918
2026-07-22T19:32:51.714779,1610612740,vs_opponent,1610612760,2026-01-26,2025-26,ok,18,0.808
2026-07-22T19:32:53.363052,1610612762,vs_opponent,1610612746,2026-01-26,2025-26,ok,18,0.932
2026-07-22T19:32:54.850456,1610612746,vs_opponent,1610612762,2026-01-26,2025-26,ok,18,0.771
2026-07-22T19:32:56.508771,1610612764,vs_opponent,1610612757,2026-01-26,2025-26,empty,0,0.947
2026-07-22T19:32:58.851396,1610612757,vs_opponent,1610612764,2026-01-26,2025-26,empty,0,1.635
2026-07-22T19:33:01.085002,1610612737,vs_opponent,1610612754,2026-01-25,2025-26,ok,17,1.513
2026-07-22T19:33:03.903062,1610612754,vs_opponent,1610612737,2026-01-25,2025-26,ok,18,2.104
2026-07-22T19:33:07.903580,1610612738,vs_opponent,1610612757,2026-01-25,2025-26,ok,17,3.281
2026-07-22T19:33:09.469954,1610612757,vs_opponent,1610612738,2026-01-25,2025-26,ok,18,0.846
2026-07-22T19:33:11.357110,1610612739,vs_opponent,1610612753,2026-01-25,2025-26,ok,17,1.17
2026-07-22T19:33:12.899199,1610612753,vs_opponent,1610612739,2026-01-25,2025-26,ok,17,0.821
2026-07-22T19:33:14.342690,1610612741,vs_opponent,1610612747,2026-01-25,2025-26,empty,0,0.738
2026-07-22T19:33:15.922275,1610612747,vs_opponent,1610612741,2026-01-25,2025-26,empty,0,0.869
2026-07-22T19:33:17.892880,1610612745,vs_opponent,1610612763,2026-01-25,2025-26,ok,17,1.254
2026-07-22T19:33:19.413861,1610612763,vs_opponent,1610612745,2026-01-25,2025-26,ok,19,0.802
2026-07-22T19:33:20.985755,1610612750,vs_opponent,1610612744,2026-01-25,2025-26,ok,17,0.858
2026-07-22T19:33:22.560311,1610612744,vs_opponent,1610612750,2026-01-25,2025-26,ok,18,0.857
2026-07-22T19:33:24.180507,1610612766,vs_opponent,1610612755,2026-01-25,2025-26,ok,18,0.899
2026-07-22T19:33:25.741425,1610612755,vs_opponent,1610612766,2026-01-25,2025-26,ok,17,0.844
2026-07-22T19:33:27.473138,1610612746,vs_opponent,1610612751,2026-01-24,2025-26,ok,17,1.014
2026-07-22T19:33:29.441498,1610612751,vs_opponent,1610612746,2026-01-24,2025-26,ok,18,1.244
2026-07-22T19:33:30.967905,1610612750,vs_opponent,1610612744,2026-01-24,2025-26,ok,17,0.807
2026-07-22T19:33:32.677597,1610612744,vs_opponent,1610612750,2026-01-24,2025-26,ok,18,0.988
2026-07-22T19:33:35.954504,1610612756,vs_opponent,1610612748,2026-01-24,2025-26,ok,17,2.552
2026-07-22T19:33:37.592122,1610612748,vs_opponent,1610612756,2026-01-24,2025-26,ok,17,0.924
2026-07-22T19:33:39.540849,1610612759,vs_opponent,1610612740,2026-01-24,2025-26,ok,18,1.225
2026-07-22T19:33:41.177247,1610612740,vs_opponent,1610612759,2026-01-24,2025-26,ok,18,0.921
2026-07-22T19:33:42.608908,1610612760,vs_opponent,1610612761,2026-01-24,2025-26,empty,0,0.721
2026-07-22T19:33:44.140275,1610612761,vs_opponent,1610612760,2026-01-24,2025-26,empty,0,0.819
2026-07-22T19:33:45.728766,1610612765,vs_opponent,1610612758,2026-01-24,2025-26,ok,18,0.869
2026-07-22T19:33:47.330381,1610612758,vs_opponent,1610612765,2026-01-24,2025-26,ok,18,0.883
2026-07-22T19:33:49.495209,1610612741,vs_opponent,1610612738,2026-01-23,2025-26,ok,18,1.443
2026-07-22T19:33:51.954067,1610612738,vs_opponent,1610612741,2026-01-23,2025-26,ok,17,1.748
2026-07-22T19:33:53.657040,1610612742,vs_opponent,1610612747,2026-01-23,2025-26,ok,18,0.983
2026-07-22T19:33:55.628623,1610612747,vs_opponent,1610612742,2026-01-23,2025-26,ok,17,1.254
2026-07-22T19:33:58.363793,1610612753,vs_opponent,1610612739,2026-01-23,2025-26,empty,0,2.026
2026-07-22T19:34:00.327076,1610612739,vs_opponent,1610612753,2026-01-23,2025-26,empty,0,1.254
2026-07-22T19:34:01.862013,1610612755,vs_opponent,1610612752,2026-01-23,2025-26,ok,18,0.815
2026-07-22T19:34:03.396473,1610612752,vs_opponent,1610612755,2026-01-23,2025-26,ok,17,0.813
2026-07-22T19:34:04.811675,1610612762,vs_opponent,1610612748,2026-01-23,2025-26,empty,0,0.708
2026-07-22T19:34:06.316883,1610612748,vs_opponent,1610612762,2026-01-23,2025-26,empty,0,0.793
2026-07-22T19:34:08.005983,1610612766,vs_opponent,1610612764,2026-01-23,2025-26,ok,18,0.975
2026-07-22T19:34:09.935067,1610612764,vs_opponent,1610612766,2026-01-23,2025-26,ok,18,1.211
2026-07-22T19:34:11.589944,1610612737,vs_opponent,1610612756,2026-01-22,2025-26,ok,17,0.935
2026-07-22T19:34:13.081177,1610612756,vs_opponent,1610612737,2026-01-22,2025-26,ok,17,0.774
2026-07-22T19:34:14.663047,1610612739,vs_opponent,1610612758,2026-01-22,2025-26,empty,0,0.872
2026-07-22T19:34:16.210243,1610612758,vs_opponent,1610612739,2026-01-22,2025-26,empty,0,0.843
2026-07-22T19:34:17.668662,1610612749,vs_opponent,1610612743,2026-01-22,2025-26,ok,17,0.74
2026-07-22T19:34:19.369013,1610612743,vs_opponent,1610612749,2026-01-22,2025-26,ok,17,0.984
2026-07-22T19:34:20.945002,1610612751,vs_opponent,1610612738,2026-01-22,2025-26,ok,17,0.859
2026-07-22T19:34:25.935358,1610612738,vs_opponent,1610612751,2026-01-22,2025-26,ok,17,4.262
2026-07-22T19:34:27.896705,1610612757,vs_opponent,1610612761,2026-01-22,2025-26,ok,18,1.244
2026-07-22T19:34:29.723568,1610612761,vs_opponent,1610612757,2026-01-22,2025-26,ok,17,1.111
2026-07-22T19:34:31.268526,1610612760,vs_opponent,1610612754,2026-01-22,2025-26,ok,18,0.832
2026-07-22T19:34:32.843214,1610612754,vs_opponent,1610612760,2026-01-22,2025-26,ok,18,0.853
2026-07-22T19:34:34.648163,1610612763,vs_opponent,1610612740,2026-01-22,2025-26,ok,20,1.087
2026-07-22T19:34:36.146702,1610612740,vs_opponent,1610612763,2026-01-22,2025-26,ok,19,0.785
2026-07-22T19:34:38.087038,1610612765,vs_opponent,1610612745,2026-01-22,2025-26,ok,17,1.221
2026-07-22T19:34:39.551469,1610612745,vs_opponent,1610612765,2026-01-22,2025-26,ok,17,0.747
2026-07-22T19:34:41.231009,1610612742,vs_opponent,1610612744,2026-01-21,2025-26,ok,18,0.96
2026-07-22T19:34:42.955978,1610612744,vs_opponent,1610612742,2026-01-21,2025-26,ok,18,1.0
2026-07-22T19:34:44.450647,1610612746,vs_opponent,1610612747,2026-01-21,2025-26,ok,18,0.777
2026-07-22T19:34:46.199349,1610612747,vs_opponent,1610612746,2026-01-21,2025-26,ok,17,1.029
2026-07-22T19:34:47.840630,1610612750,vs_opponent,1610612741,2026-01-21,2025-26,ok,17,0.925
2026-07-22T19:34:49.476918,1610612741,vs_opponent,1610612750,2026-01-21,2025-26,ok,18,0.923
2026-07-22T19:34:50.913652,1610612753,vs_opponent,1610612766,2026-01-21,2025-26,ok,17,0.713
2026-07-22T19:34:52.653298,1610612766,vs_opponent,1610612753,2026-01-21,2025-26,ok,19,1.016
2026-07-22T19:34:54.066354,1610612755,vs_opponent,1610612745,2026-01-21,2025-26,empty,0,0.698
2026-07-22T19:34:55.805865,1610612745,vs_opponent,1610612755,2026-01-21,2025-26,empty,0,1.018
2026-07-22T19:34:57.978203,1610612757,vs_opponent,1610612748,2026-01-21,2025-26,ok,18,1.453
2026-07-22T19:34:59.687254,1610612748,vs_opponent,1610612757,2026-01-21,2025-26,ok,17,0.99
2026-07-22T19:35:01.306216,1610612762,vs_opponent,1610612759,2026-01-21,2025-26,ok,18,0.902
2026-07-22T19:35:03.301789,1610612759,vs_opponent,1610612762,2026-01-21,2025-26,ok,18,1.271
2026-07-22T19:35:04.851705,1610612764,vs_opponent,1610612743,2026-01-21,2025-26,ok,17,0.832
2026-07-22T19:35:06.425235,1610612743,vs_opponent,1610612764,2026-01-21,2025-26,ok,17,0.861
2026-07-22T19:35:07.997458,1610612738,vs_opponent,1610612754,2026-01-20,2025-26,ok,17,0.851
2026-07-22T19:35:09.482241,1610612754,vs_opponent,1610612738,2026-01-20,2025-26,ok,20,0.766
2026-07-22T19:35:10.816480,1610612740,vs_opponent,1610612765,2026-01-20,2025-26,empty,0,0.63
2026-07-22T19:35:12.216206,1610612765,vs_opponent,1610612740,2026-01-20,2025-26,empty,0,0.687
2026-07-22T19:35:13.636125,1610612749,vs_opponent,1610612760,2026-01-20,2025-26,empty,0,0.711
2026-07-22T19:35:15.323170,1610612760,vs_opponent,1610612749,2026-01-20,2025-26,empty,0,0.976
2026-07-22T19:35:16.734675,1610612752,vs_opponent,1610612751,2026-01-20,2025-26,ok,17,0.688
2026-07-22T19:35:18.561456,1610612751,vs_opponent,1610612752,2026-01-20,2025-26,ok,17,1.105
2026-07-22T19:35:20.280578,1610612758,vs_opponent,1610612761,2026-01-20,2025-26,empty,0,1.009
2026-07-22T19:35:22.010082,1610612761,vs_opponent,1610612758,2026-01-20,2025-26,empty,0,1.026
2026-07-22T19:35:23.635228,1610612763,vs_opponent,1610612737,2026-01-20,2025-26,empty,0,0.916
2026-07-22T19:35:25.095859,1610612737,vs_opponent,1610612763,2026-01-20,2025-26,empty,0,0.752
2026-07-22T19:35:26.752328,1610612766,vs_opponent,1610612739,2026-01-20,2025-26,ok,18,0.934
2026-07-22T19:35:28.694043,1610612739,vs_opponent,1610612766,2026-01-20,2025-26,ok,17,1.219
2026-07-22T19:35:31.786634,1610612741,vs_opponent,1610612746,2026-01-19,2025-26,empty,0,2.385
2026-07-22T19:35:34.087992,1610612746,vs_opponent,1610612741,2026-01-19,2025-26,empty,0,1.566
2026-07-22T19:35:37.605246,1610612743,vs_opponent,1610612747,2026-01-19,2025-26,empty,0,2.799
2026-07-22T19:35:41.672615,1610612747,vs_opponent,1610612743,2026-01-19,2025-26,empty,0,3.357
2026-07-22T19:35:44.786026,1610612744,vs_opponent,1610612761,2026-01-19,2025-26,ok,18,2.395
2026-07-22T19:35:46.399031,1610612761,vs_opponent,1610612744,2026-01-19,2025-26,ok,17,0.895
2026-07-22T19:35:48.884901,1610612745,vs_opponent,1610612759,2026-01-19,2025-26,ok,17,1.769
2026-07-22T19:35:50.594631,1610612759,vs_opponent,1610612745,2026-01-19,2025-26,ok,18,0.988
2026-07-22T20:06:18.375835,1610612755,vs_opponent,1610612756,2026-01-19,2025-26,empty,0,3.097
2026-07-22T20:06:20.115573,1610612756,vs_opponent,1610612755,2026-01-19,2025-26,empty,0,1.028
2026-07-22T20:06:22.114381,1610612758,vs_opponent,1610612748,2026-01-19,2025-26,ok,18,1.248
2026-07-22T20:06:23.861543,1610612748,vs_opponent,1610612758,2026-01-19,2025-26,ok,17,1.012
2026-07-22T20:06:25.475118,1610612762,vs_opponent,1610612750,2026-01-19,2025-26,ok,18,0.879
2026-07-22T20:06:27.016562,1610612750,vs_opponent,1610612762,2026-01-19,2025-26,ok,17,0.798
2026-07-22T20:06:28.615498,1610612737,vs_opponent,1610612749,2026-01-18,2025-26,empty,0,0.889
2026-07-22T20:06:30.038461,1610612749,vs_opponent,1610612737,2026-01-18,2025-26,empty,0,0.718
2026-07-22T20:06:31.739029,1610612739,vs_opponent,1610612760,2026-01-18,2025-26,empty,0,0.991
2026-07-22T20:06:33.120165,1610612760,vs_opponent,1610612739,2026-01-18,2025-26,empty,0,0.669
2026-07-22T20:06:34.673875,1610612744,vs_opponent,1610612748,2026-01-18,2025-26,ok,17,0.809
2026-07-22T20:06:36.215997,1610612748,vs_opponent,1610612744,2026-01-18,2025-26,ok,17,0.821
2026-07-22T20:06:38.137534,1610612751,vs_opponent,1610612756,2026-01-18,2025-26,empty,0,1.215
2026-07-22T20:11:00.959702,1610612756,vs_opponent,1610612751,2026-01-18,2025-26,empty,0,1.919
2026-07-22T20:11:04.567879,1610612752,vs_opponent,1610612742,2026-01-18,2025-26,ok,17,1.679
2026-07-22T20:11:06.323671,1610612742,vs_opponent,1610612752,2026-01-18,2025-26,ok,18,1.012
2026-07-22T20:11:08.212637,1610612755,vs_opponent,1610612754,2026-01-18,2025-26,ok,17,0.983
2026-07-22T20:11:10.090094,1610612754,vs_opponent,1610612755,2026-01-18,2025-26,ok,18,1.015
2026-07-22T20:11:11.932758,1610612759,vs_opponent,1610612762,2026-01-18,2025-26,ok,18,0.933
2026-07-22T20:11:13.621083,1610612762,vs_opponent,1610612759,2026-01-18,2025-26,ok,18,0.959
2026-07-22T20:11:15.989244,1610612764,vs_opponent,1610612746,2026-01-18,2025-26,ok,17,0.741
2026-07-22T20:11:17.530890,1610612746,vs_opponent,1610612764,2026-01-18,2025-26,ok,17,0.804
2026-07-22T20:11:19.016224,1610612765,vs_opponent,1610612738,2026-01-18,2025-26,ok,19,0.734
2026-07-22T20:11:20.802605,1610612738,vs_opponent,1610612765,2026-01-18,2025-26,ok,17,1.064
2026-07-22T20:11:22.584349,1610612741,vs_opponent,1610612751,2026-01-17,2025-26,ok,19,1.036
2026-07-22T20:11:24.284622,1610612751,vs_opponent,1610612741,2026-01-17,2025-26,ok,18,0.921
2026-07-22T20:11:26.130779,1610612743,vs_opponent,1610612766,2026-01-17,2025-26,ok,17,1.122
2026-07-22T20:11:31.895768,1610612766,vs_opponent,1610612743,2026-01-17,2025-26,ok,18,5.041
2026-07-22T20:11:33.348001,1610612745,vs_opponent,1610612740,2026-01-17,2025-26,ok,17,0.722
2026-07-22T20:11:35.183944,1610612740,vs_opponent,1610612745,2026-01-17,2025-26,ok,18,1.112
2026-07-22T20:11:36.686422,1610612747,vs_opponent,1610612761,2026-01-17,2025-26,ok,17,0.775
2026-07-22T20:11:38.221466,1610612761,vs_opponent,1610612747,2026-01-17,2025-26,ok,17,0.8
2026-07-22T20:11:39.679924,1610612758,vs_opponent,1610612757,2026-01-17,2025-26,ok,18,0.713
2026-07-22T20:11:41.242148,1610612757,vs_opponent,1610612758,2026-01-17,2025-26,ok,18,0.835
2026-07-22T20:11:42.604897,1610612737,vs_opponent,1610612738,2026-01-16,2025-26,empty,0,0.656
2026-07-22T20:11:44.010532,1610612738,vs_opponent,1610612737,2026-01-16,2025-26,empty,0,0.701
2026-07-22T20:11:45.451998,1610612742,vs_opponent,1610612762,2026-01-16,2025-26,ok,19,0.716
2026-07-22T20:11:47.008285,1610612762,vs_opponent,1610612742,2026-01-16,2025-26,ok,18,0.836
2026-07-22T20:11:48.311438,1610612743,vs_opponent,1610612764,2026-01-16,2025-26,empty,0,0.597
2026-07-22T20:11:49.674537,1610612764,vs_opponent,1610612743,2026-01-16,2025-26,empty,0,0.656
2026-07-22T20:11:51.154801,1610612744,vs_opponent,1610612766,2026-01-16,2025-26,ok,18,0.758
2026-07-22T20:11:52.709845,1610612766,vs_opponent,1610612744,2026-01-16,2025-26,ok,18,0.836
2026-07-22T20:11:54.187653,1610612748,vs_opponent,1610612760,2026-01-16,2025-26,ok,17,0.76
2026-07-22T20:11:55.717293,1610612760,vs_opponent,1610612748,2026-01-16,2025-26,ok,18,0.799
2026-07-22T20:11:57.201619,1610612752,vs_opponent,1610612756,2026-01-16,2025-26,ok,16,0.77
2026-07-22T20:11:58.783272,1610612756,vs_opponent,1610612752,2026-01-16,2025-26,ok,17,0.858
2026-07-22T20:12:00.418155,1610612757,vs_opponent,1610612747,2026-01-16,2025-26,ok,18,0.914
2026-07-22T20:12:02.029375,1610612747,vs_opponent,1610612757,2026-01-16,2025-26,ok,17,0.789
2026-07-22T20:12:03.492073,1610612759,vs_opponent,1610612750,2026-01-16,2025-26,ok,19,0.737
2026-07-22T20:12:04.989345,1610612750,vs_opponent,1610612759,2026-01-16,2025-26,ok,17,0.785
2026-07-22T20:12:06.823271,1610612765,vs_opponent,1610612754,2026-01-16,2025-26,ok,18,1.097
2026-07-22T20:12:08.284954,1610612754,vs_opponent,1610612765,2026-01-16,2025-26,ok,20,0.737
2026-07-22T20:12:09.714339,1610612745,vs_opponent,1610612750,2026-01-15,2025-26,empty,0,0.725
2026-07-22T20:12:11.048083,1610612750,vs_opponent,1610612745,2026-01-15,2025-26,empty,0,0.626
2026-07-22T20:12:13.073858,1610612751,vs_opponent,1610612741,2026-01-15,2025-26,ok,17,1.285
2026-07-22T20:12:14.620523,1610612741,vs_opponent,1610612751,2026-01-15,2025-26,ok,18,0.794
2026-07-22T20:12:16.181950,1610612754,vs_opponent,1610612740,2026-01-15,2025-26,ok,20,0.841
2026-07-22T20:12:17.783064,1610612740,vs_opponent,1610612754,2026-01-15,2025-26,ok,18,0.878
2026-07-22T20:12:19.358919,1610612755,vs_opponent,1610612739,2026-01-15,2025-26,ok,18,0.856
2026-07-22T20:12:22.466509,1610612739,vs_opponent,1610612755,2026-01-15,2025-26,ok,17,0.718
2026-07-22T20:12:23.846091,1610612758,vs_opponent,1610612764,2026-01-15,2025-26,empty,0,0.674
2026-07-22T20:12:25.281317,1610612764,vs_opponent,1610612758,2026-01-15,2025-26,empty,0,0.731
2026-07-22T20:12:26.667863,1610612761,vs_opponent,1610612746,2026-01-15,2025-26,empty,0,0.678
2026-07-22T20:12:28.351410,1610612746,vs_opponent,1610612761,2026-01-15,2025-26,empty,0,0.979
2026-07-22T20:12:29.886415,1610612742,vs_opponent,1610612762,2026-01-14,2025-26,ok,18,0.816
2026-07-22T20:12:31.378449,1610612762,vs_opponent,1610612742,2026-01-14,2025-26,ok,18,0.773
2026-07-22T20:12:32.753415,1610612744,vs_opponent,1610612752,2026-01-14,2025-26,empty,0,0.669
2026-07-22T20:12:34.153013,1610612752,vs_opponent,1610612744,2026-01-14,2025-26,empty,0,0.695
2026-07-22T20:12:35.639739,1610612745,vs_opponent,1610612760,2026-01-14,2025-26,ok,17,0.766
2026-07-22T20:12:37.381696,1610612760,vs_opponent,1610612745,2026-01-14,2025-26,ok,18,1.008
2026-07-22T20:12:39.281420,1610612747,vs_opponent,1610612766,2026-01-14,2025-26,ok,17,1.184
2026-07-22T20:12:40.860945,1610612766,vs_opponent,1610612747,2026-01-14,2025-26,ok,18,0.867
2026-07-22T20:12:42.276099,1610612748,vs_opponent,1610612738,2026-01-14,2025-26,ok,17,0.698
2026-07-22T20:12:43.706831,1610612738,vs_opponent,1610612748,2026-01-14,2025-26,ok,17,0.713
2026-07-22T20:12:45.026977,1610612757,vs_opponent,1610612737,2026-01-14,2025-26,empty,0,0.614
2026-07-22T20:12:46.545252,1610612737,vs_opponent,1610612757,2026-01-14,2025-26,empty,0,0.812
2026-07-22T20:12:47.853389,1610612759,vs_opponent,1610612749,2026-01-14,2025-26,empty,0,0.604
2026-07-22T20:12:49.354465,1610612749,vs_opponent,1610612759,2026-01-14,2025-26,empty,0,0.794
2026-07-22T20:12:50.670364,1610612765,vs_opponent,1610612756,2026-01-14,2025-26,empty,0,0.606
2026-07-22T20:12:52.106773,1610612756,vs_opponent,1610612765,2026-01-14,2025-26,empty,0,0.73
2026-07-22T20:12:53.596129,1610612740,vs_opponent,1610612751,2026-01-13,2025-26,ok,18,0.767
2026-07-22T20:12:55.017144,1610612751,vs_opponent,1610612740,2026-01-13,2025-26,ok,17,0.706
2026-07-22T20:12:56.514618,1610612741,vs_opponent,1610612762,2026-01-13,2025-26,ok,18,0.781
2026-07-22T20:12:57.963722,1610612762,vs_opponent,1610612741,2026-01-13,2025-26,ok,18,0.733
2026-07-22T20:12:59.394972,1610612742,vs_opponent,1610612743,2026-01-13,2025-26,ok,18,0.717
2026-07-22T20:13:00.903098,1610612743,vs_opponent,1610612742,2026-01-13,2025-26,ok,17,0.791
2026-07-22T20:13:03.320926,1610612746,vs_opponent,1610612764,2026-01-13,2025-26,empty,0,1.71
2026-07-22T20:13:04.801719,1610612764,vs_opponent,1610612746,2026-01-13,2025-26,empty,0,0.773
2026-07-22T20:13:06.263728,1610612754,vs_opponent,1610612761,2026-01-13,2025-26,ok,20,0.746
2026-07-22T20:13:07.768014,1610612761,vs_opponent,1610612754,2026-01-13,2025-26,ok,17,0.771
2026-07-22T20:13:09.348933,1610612755,vs_opponent,1610612739,2026-01-13,2025-26,ok,17,0.854
2026-07-22T20:13:10.848901,1610612739,vs_opponent,1610612755,2026-01-13,2025-26,ok,17,0.789
2026-07-22T20:13:12.298709,1610612758,vs_opponent,1610612752,2026-01-13,2025-26,empty,0,0.743
2026-07-22T20:13:13.710416,1610612752,vs_opponent,1610612758,2026-01-13,2025-26,empty,0,0.706
2026-07-22T20:13:15.714392,1610612740,vs_opponent,1610612743,2026-01-12,2025-26,ok,18,1.288
2026-07-22T20:13:17.616655,1610612743,vs_opponent,1610612740,2026-01-12,2025-26,ok,17,1.185
2026-07-22T20:13:19.368436,1610612744,vs_opponent,1610612757,2026-01-12,2025-26,ok,20,1.032
2026-07-22T20:13:21.263728,1610612757,vs_opponent,1610612744,2026-01-12,2025-26,ok,18,1.177
2026-07-22T20:13:24.386928,1610612745,vs_opponent,1610612741,2026-01-12,2025-26,empty,0,2.418
2026-07-22T20:13:25.999602,1610612741,vs_opponent,1610612745,2026-01-12,2025-26,empty,0,0.906
2026-07-22T20:13:27.448792,1610612747,vs_opponent,1610612737,2026-01-12,2025-26,ok,17,0.736
2026-07-22T20:13:28.992941,1610612737,vs_opponent,1610612747,2026-01-12,2025-26,ok,17,0.822
2026-07-22T20:13:30.503565,1610612748,vs_opponent,1610612756,2026-01-12,2025-26,empty,0,0.804
2026-07-22T20:13:31.885734,1610612756,vs_opponent,1610612748,2026-01-12,2025-26,empty,0,0.677
2026-07-22T20:13:33.408419,1610612749,vs_opponent,1610612750,2026-01-12,2025-26,ok,18,0.8
2026-07-22T20:13:35.028406,1610612750,vs_opponent,1610612749,2026-01-12,2025-26,ok,17,0.908
2026-07-22T20:13:36.563902,1610612760,vs_opponent,1610612759,2026-01-12,2025-26,ok,18,0.819
2026-07-22T20:13:38.097114,1610612759,vs_opponent,1610612760,2026-01-12,2025-26,ok,19,0.821
2026-07-22T20:13:39.719571,1610612739,vs_opponent,1610612762,2026-01-11,2025-26,empty,0,0.918
2026-07-22T20:13:41.274605,1610612762,vs_opponent,1610612739,2026-01-11,2025-26,empty,0,0.847
2026-07-22T20:13:42.808183,1610612742,vs_opponent,1610612751,2026-01-11,2025-26,ok,18,0.818
2026-07-22T20:13:44.344519,1610612751,vs_opponent,1610612742,2026-01-11,2025-26,ok,17,0.824
2026-07-22T20:13:45.819451,1610612746,vs_opponent,1610612766,2026-01-11,2025-26,ok,17,0.761
2026-07-22T20:13:47.519348,1610612766,vs_opponent,1610612746,2026-01-11,2025-26,ok,18,0.985
2026-07-22T20:13:48.960106,1610612754,vs_opponent,1610612738,2026-01-11,2025-26,ok,20,0.726
2026-07-22T20:13:50.388171,1610612738,vs_opponent,1610612754,2026-01-11,2025-26,ok,17,0.715
2026-07-22T20:13:51.922179,1610612758,vs_opponent,1610612747,2026-01-11,2025-26,ok,19,0.818
2026-07-22T20:13:53.541277,1610612747,vs_opponent,1610612758,2026-01-11,2025-26,ok,18,0.903
2026-07-22T20:13:55.054140,1610612761,vs_opponent,1610612755,2026-01-11,2025-26,ok,17,0.788
2026-07-22T20:13:56.555634,1610612755,vs_opponent,1610612761,2026-01-11,2025-26,ok,18,0.786
2026-07-22T20:13:57.947130,1610612743,vs_opponent,1610612749,2026-01-10,2025-26,empty,0,0.685
2026-07-22T20:13:59.379906,1610612749,vs_opponent,1610612743,2026-01-10,2025-26,empty,0,0.726
2026-07-22T20:14:00.772694,1610612744,vs_opponent,1610612737,2026-01-10,2025-26,empty,0,0.689
2026-07-22T20:14:02.147096,1610612737,vs_opponent,1610612744,2026-01-10,2025-26,empty,0,0.671
2026-07-22T20:14:03.801059,1610612750,vs_opponent,1610612759,2026-01-10,2025-26,ok,17,0.936
2026-07-22T20:14:10.823723,1610612759,vs_opponent,1610612750,2026-01-10,2025-26,ok,18,6.309
2026-07-22T20:14:12.255015,1610612753,vs_opponent,1610612740,2026-01-10,2025-26,empty,0,0.724
2026-07-22T20:14:13.623747,1610612740,vs_opponent,1610612753,2026-01-10,2025-26,empty,0,0.664
2026-07-22T20:14:15.378666,1610612756,vs_opponent,1610612764,2026-01-10,2025-26,ok,17,1.038
2026-07-22T20:14:16.918442,1610612764,vs_opponent,1610612756,2026-01-10,2025-26,ok,18,0.823
2026-07-22T20:14:18.428227,1610612757,vs_opponent,1610612752,2026-01-10,2025-26,empty,0,0.799
2026-07-22T20:14:19.787845,1610612752,vs_opponent,1610612757,2026-01-10,2025-26,empty,0,0.652
2026-07-22T20:14:21.524043,1610612758,vs_opponent,1610612745,2026-01-10,2025-26,ok,18,1.015
2026-07-22T20:14:23.161019,1610612745,vs_opponent,1610612758,2026-01-10,2025-26,ok,17,0.922
2026-07-22T20:14:26.397504,1610612760,vs_opponent,1610612748,2026-01-10,2025-26,empty,0,2.53
2026-07-22T20:14:27.857976,1610612748,vs_opponent,1610612760,2026-01-10,2025-26,empty,0,0.753
2026-07-22T20:14:29.506886,1610612761,vs_opponent,1610612755,2026-01-10,2025-26,ok,17,0.93
2026-07-22T20:14:31.044530,1610612755,vs_opponent,1610612761,2026-01-10,2025-26,ok,17,0.823
2026-07-22T20:14:32.557522,1610612763,vs_opponent,1610612751,2026-01-10,2025-26,empty,0,0.807
2026-07-22T20:14:34.799827,1610612751,vs_opponent,1610612763,2026-01-10,2025-26,empty,0,1.533
2026-07-22T20:14:36.147722,1610612738,vs_opponent,1610612759,2026-01-09,2025-26,empty,0,0.641
2026-07-22T20:14:37.469918,1610612759,vs_opponent,1610612738,2026-01-09,2025-26,empty,0,0.615
2026-07-22T20:14:40.890251,1610612739,vs_opponent,1610612750,2026-01-09,2025-26,ok,17,2.695
2026-07-22T20:14:42.404707,1610612750,vs_opponent,1610612739,2026-01-09,2025-26,ok,17,0.797
2026-07-22T20:14:43.782827,1610612741,vs_opponent,1610612742,2026-01-09,2025-26,empty,0,0.674
2026-07-22T20:14:46.074833,1610612742,vs_opponent,1610612741,2026-01-09,2025-26,empty,0,1.585
2026-07-22T20:14:47.524930,1610612754,vs_opponent,1610612748,2026-01-09,2025-26,ok,18,0.737
2026-07-22T20:14:49.344782,1610612748,vs_opponent,1610612754,2026-01-09,2025-26,ok,17,1.107
2026-07-22T20:14:50.930820,1610612762,vs_opponent,1610612766,2026-01-09,2025-26,ok,18,0.868
2026-07-22T20:14:52.439351,1610612766,vs_opponent,1610612762,2026-01-09,2025-26,ok,18,0.794
2026-07-22T20:14:54.078846,1610612765,vs_opponent,1610612746,2026-01-09,2025-26,ok,18,0.923
2026-07-22T20:14:55.614319,1610612746,vs_opponent,1610612765,2026-01-09,2025-26,ok,17,0.823
2026-07-22T20:14:57.252166,1610612738,vs_opponent,1610612761,2026-01-08,2025-26,ok,17,0.922
2026-07-22T20:15:00.736112,1610612761,vs_opponent,1610612738,2026-01-08,2025-26,ok,17,2.77
2026-07-22T20:15:02.474190,1610612743,vs_opponent,1610612737,2026-01-08,2025-26,ok,17,1.023
2026-07-22T20:15:04.001698,1610612737,vs_opponent,1610612743,2026-01-08,2025-26,ok,17,0.815
2026-07-22T20:15:05.662466,1610612744,vs_opponent,1610612758,2026-01-08,2025-26,ok,17,0.942
2026-07-22T20:15:07.410356,1610612758,vs_opponent,1610612744,2026-01-08,2025-26,ok,18,1.03
2026-07-22T20:15:08.928332,1610612747,vs_opponent,1610612749,2026-01-08,2025-26,ok,17,0.805
2026-07-22T20:15:10.622367,1610612749,vs_opponent,1610612747,2026-01-08,2025-26,ok,18,0.98
2026-07-22T20:15:12.083929,1610612751,vs_opponent,1610612746,2026-01-08,2025-26,empty,0,0.757
2026-07-22T20:15:14.233902,1610612746,vs_opponent,1610612751,2026-01-08,2025-26,empty,0,1.443
2026-07-22T20:15:15.771070,1610612753,vs_opponent,1610612755,2026-01-08,2025-26,ok,17,0.814
2026-07-22T20:15:17.530344,1610612755,vs_opponent,1610612753,2026-01-08,2025-26,ok,17,1.047
2026-07-22T20:15:18.976332,1610612756,vs_opponent,1610612752,2026-01-08,2025-26,empty,0,0.741
2026-07-22T20:15:20.375281,1610612752,vs_opponent,1610612756,2026-01-08,2025-26,empty,0,0.694
2026-07-22T20:15:21.825504,1610612757,vs_opponent,1610612745,2026-01-08,2025-26,ok,18,0.737
2026-07-22T20:15:23.372229,1610612745,vs_opponent,1610612757,2026-01-08,2025-26,ok,18,0.828
2026-07-22T20:15:25.008117,1610612763,vs_opponent,1610612760,2026-01-08,2025-26,ok,20,0.918
2026-07-22T20:15:26.443331,1610612760,vs_opponent,1610612763,2026-01-08,2025-26,ok,18,0.721
2026-07-22T20:15:27.797606,1610612764,vs_opponent,1610612740,2026-01-08,2025-26,empty,0,0.646
2026-07-22T20:15:29.288221,1610612740,vs_opponent,1610612764,2026-01-08,2025-26,empty,0,0.784
2026-07-22T20:15:30.721836,1610612750,vs_opponent,1610612739,2026-01-07,2025-26,empty,0,0.725
2026-07-22T20:15:32.208203,1610612739,vs_opponent,1610612750,2026-01-07,2025-26,empty,0,0.781
2026-07-22T20:15:33.913374,1610612762,vs_opponent,1610612742,2026-01-07,2025-26,ok,18,0.989
2026-07-22T20:15:37.933812,1610612742,vs_opponent,1610612762,2026-01-07,2025-26,ok,18,3.305
2026-07-22T20:15:39.447218,1610612766,vs_opponent,1610612754,2026-01-07,2025-26,ok,18,0.796
2026-07-22T20:15:41.236570,1610612754,vs_opponent,1610612766,2026-01-07,2025-26,ok,19,1.066
2026-07-22T20:15:42.777993,1610612737,vs_opponent,1610612740,2026-01-06,2025-26,ok,17,0.822
2026-07-22T20:15:44.567983,1610612740,vs_opponent,1610612737,2026-01-06,2025-26,ok,18,1.072
2026-07-22T20:15:45.981829,1610612738,vs_opponent,1610612743,2026-01-06,2025-26,empty,0,0.706
2026-07-22T20:15:47.518247,1610612743,vs_opponent,1610612738,2026-01-06,2025-26,empty,0,0.833
2026-07-22T20:15:49.000238,1610612744,vs_opponent,1610612749,2026-01-06,2025-26,ok,17,0.765
2026-07-22T20:15:50.743173,1610612749,vs_opponent,1610612744,2026-01-06,2025-26,ok,18,1.031
2026-07-22T20:15:52.455766,1610612751,vs_opponent,1610612753,2026-01-06,2025-26,ok,17,0.995
2026-07-22T20:15:59.316702,1610612753,vs_opponent,1610612751,2026-01-06,2025-26,ok,17,6.14
2026-07-22T20:16:03.287074,1610612752,vs_opponent,1610612746,2026-01-06,2025-26,empty,0,3.264
2026-07-22T20:16:04.717857,1610612746,vs_opponent,1610612752,2026-01-06,2025-26,empty,0,0.722
2026-07-22T20:16:06.788161,1610612755,vs_opponent,1610612764,2026-01-06,2025-26,ok,17,1.352
2026-07-22T20:16:10.113921,1610612764,vs_opponent,1610612755,2026-01-06,2025-26,ok,18,2.601
2026-07-22T20:16:11.598729,1610612757,vs_opponent,1610612745,2026-01-06,2025-26,ok,18,0.767
2026-07-22T20:16:13.067228,1610612745,vs_opponent,1610612757,2026-01-06,2025-26,ok,17,0.753
2026-07-22T20:16:14.579278,1610612759,vs_opponent,1610612747,2026-01-06,2025-26,ok,18,0.794
2026-07-22T20:16:16.079854,1610612747,vs_opponent,1610612759,2026-01-06,2025-26,ok,18,0.785
2026-07-22T20:16:17.658499,1610612760,vs_opponent,1610612762,2026-01-06,2025-26,ok,18,0.847
2026-07-22T20:16:19.485590,1610612762,vs_opponent,1610612760,2026-01-06,2025-26,ok,18,1.107
2026-07-22T20:16:21.006537,1610612763,vs_opponent,1610612756,2026-01-06,2025-26,ok,19,0.805
2026-07-22T20:16:22.660939,1610612756,vs_opponent,1610612763,2026-01-06,2025-26,ok,17,0.938
2026-07-22T20:16:24.176728,1610612765,vs_opponent,1610612741,2026-01-06,2025-26,ok,19,0.796
2026-07-22T20:16:25.820682,1610612741,vs_opponent,1610612765,2026-01-06,2025-26,ok,18,0.93
2026-07-22T20:16:27.478767,1610612766,vs_opponent,1610612761,2026-01-06,2025-26,ok,18,0.932
2026-07-22T20:16:28.981048,1610612761,vs_opponent,1610612766,2026-01-06,2025-26,ok,17,0.786
2026-07-22T20:16:30.731405,1610612740,vs_opponent,1610612747,2026-01-05,2025-26,ok,18,1.033
2026-07-22T20:16:32.571798,1610612747,vs_opponent,1610612740,2026-01-05,2025-26,ok,18,1.124
2026-07-22T20:16:34.382198,1610612750,vs_opponent,1610612748,2026-01-05,2025-26,ok,17,1.093
2026-07-22T20:16:36.383788,1610612748,vs_opponent,1610612750,2026-01-05,2025-26,ok,17,1.283
2026-07-22T20:16:38.117083,1610612754,vs_opponent,1610612739,2026-01-05,2025-26,ok,20,1.014
2026-07-22T20:16:39.681707,1610612739,vs_opponent,1610612754,2026-01-05,2025-26,ok,17,0.846
2026-07-22T20:16:41.400080,1610612758,vs_opponent,1610612742,2026-01-05,2025-26,ok,18,1.002
2026-07-22T20:16:43.137592,1610612742,vs_opponent,1610612758,2026-01-05,2025-26,ok,18,1.023
2026-07-22T20:16:44.750970,1610612763,vs_opponent,1610612759,2026-01-05,2025-26,ok,19,0.899
2026-07-22T20:16:46.317289,1610612759,vs_opponent,1610612763,2026-01-05,2025-26,ok,18,0.85
2026-07-22T20:16:47.822063,1610612764,vs_opponent,1610612753,2026-01-05,2025-26,ok,18,0.787
2026-07-22T20:16:49.281997,1610612753,vs_opponent,1610612764,2026-01-05,2025-26,ok,17,0.746
2026-07-22T20:16:50.656910,1610612738,vs_opponent,1610612741,2026-01-04,2025-26,empty,0,0.669
2026-07-22T20:16:52.130752,1610612741,vs_opponent,1610612738,2026-01-04,2025-26,empty,0,0.767
2026-07-22T20:16:53.681629,1610612745,vs_opponent,1610612756,2026-01-04,2025-26,ok,18,0.833
2026-07-22T20:16:55.326239,1610612756,vs_opponent,1610612745,2026-01-04,2025-26,ok,17,0.927
2026-07-22T20:16:56.862718,1610612746,vs_opponent,1610612744,2026-01-04,2025-26,ok,17,0.819
2026-07-22T20:16:58.360320,1610612744,vs_opponent,1610612746,2026-01-04,2025-26,ok,17,0.771
2026-07-22T20:16:59.811549,1610612755,vs_opponent,1610612743,2026-01-04,2025-26,empty,0,0.746
2026-07-22T20:17:01.324845,1610612743,vs_opponent,1610612755,2026-01-04,2025-26,empty,0,0.81
2026-07-22T20:17:03.004148,1610612757,vs_opponent,1610612762,2026-01-04,2025-26,ok,18,0.966
2026-07-22T20:17:04.443396,1610612762,vs_opponent,1610612757,2026-01-04,2025-26,ok,18,0.725
2026-07-22T20:17:06.085849,1610612760,vs_opponent,1610612766,2026-01-04,2025-26,ok,18,0.923
2026-07-22T20:17:07.571439,1610612766,vs_opponent,1610612760,2026-01-04,2025-26,ok,18,0.77
2026-07-22T20:17:09.455868,1610612761,vs_opponent,1610612737,2026-01-04,2025-26,ok,18,1.118
2026-07-22T20:17:10.943362,1610612737,vs_opponent,1610612761,2026-01-04,2025-26,ok,19,0.772
2026-07-22T20:17:12.403300,1610612765,vs_opponent,1610612752,2026-01-04,2025-26,empty,0,0.75
2026-07-22T20:17:13.840853,1610612752,vs_opponent,1610612765,2026-01-04,2025-26,empty,0,0.733
2026-07-22T20:17:15.335220,1610612739,vs_opponent,1610612765,2026-01-03,2025-26,ok,16,0.776
2026-07-22T20:17:16.939732,1610612765,vs_opponent,1610612739,2026-01-03,2025-26,ok,17,0.883
2026-07-22T20:17:18.685530,1610612747,vs_opponent,1610612763,2026-01-03,2025-26,ok,18,1.027
2026-07-22T20:17:20.317676,1610612763,vs_opponent,1610612747,2026-01-03,2025-26,ok,21,0.912
2026-07-22T20:17:23.584577,1610612748,vs_opponent,1610612740,2026-01-03,2025-26,empty,0,2.561
2026-07-22T20:17:25.006238,1610612740,vs_opponent,1610612748,2026-01-03,2025-26,empty,0,0.717
2026-07-22T20:17:26.538425,1610612751,vs_opponent,1610612743,2026-01-03,2025-26,empty,0,0.827
2026-07-22T20:17:27.877512,1610612743,vs_opponent,1610612751,2026-01-03,2025-26,empty,0,0.636
2026-07-22T20:17:29.432699,1610612753,vs_opponent,1610612754,2026-01-03,2025-26,ok,17,0.833
2026-07-22T20:17:31.065204,1610612754,vs_opponent,1610612753,2026-01-03,2025-26,ok,18,0.912
2026-07-22T20:17:32.699038,1610612756,vs_opponent,1610612760,2026-01-03,2025-26,ok,17,0.918
2026-07-22T20:17:34.339417,1610612760,vs_opponent,1610612756,2026-01-03,2025-26,ok,18,0.925
2026-07-22T20:17:35.748102,1610612758,vs_opponent,1610612749,2026-01-03,2025-26,ok,18,0.69
2026-07-22T20:17:37.205212,1610612749,vs_opponent,1610612758,2026-01-03,2025-26,ok,18,0.741
2026-07-22T20:17:38.952283,1610612764,vs_opponent,1610612750,2026-01-03,2025-26,ok,18,1.027
2026-07-22T20:17:40.583758,1610612750,vs_opponent,1610612764,2026-01-03,2025-26,ok,17,0.92
2026-07-22T20:17:42.222958,1610612741,vs_opponent,1610612766,2026-01-02,2025-26,ok,18,0.924
2026-07-22T20:17:43.865561,1610612766,vs_opponent,1610612741,2026-01-02,2025-26,ok,18,0.926
2026-07-22T20:17:45.433981,1610612742,vs_opponent,1610612745,2026-01-02,2025-26,ok,18,0.849
2026-07-22T20:17:47.039141,1610612745,vs_opponent,1610612742,2026-01-02,2025-26,ok,18,0.888
2026-07-22T20:17:48.574166,1610612744,vs_opponent,1610612762,2026-01-02,2025-26,ok,17,0.82
2026-07-22T20:17:50.102210,1610612762,vs_opponent,1610612744,2026-01-02,2025-26,ok,18,0.811
2026-07-22T20:17:51.715026,1610612746,vs_opponent,1610612738,2026-01-02,2025-26,ok,17,0.894
2026-07-22T20:17:53.163552,1610612738,vs_opponent,1610612746,2026-01-02,2025-26,ok,17,0.733
2026-07-22T20:17:54.513853,1610612748,vs_opponent,1610612750,2026-01-02,2025-26,empty,0,0.643
2026-07-22T20:17:55.989997,1610612750,vs_opponent,1610612748,2026-01-02,2025-26,empty,0,0.772
2026-07-22T20:17:57.614404,1610612752,vs_opponent,1610612755,2026-01-02,2025-26,ok,17,0.906
2026-07-22T20:17:59.122103,1610612755,vs_opponent,1610612752,2026-01-02,2025-26,ok,17,0.792
2026-07-22T20:18:00.665552,1610612759,vs_opponent,1610612757,2026-01-02,2025-26,ok,18,0.822
2026-07-22T20:18:02.627208,1610612757,vs_opponent,1610612759,2026-01-02,2025-26,ok,18,1.246
2026-07-22T20:18:04.721809,1610612761,vs_opponent,1610612737,2026-01-02,2025-26,ok,17,1.377
2026-07-22T20:18:18.494921,1610612737,vs_opponent,1610612761,2026-01-02,2025-26,ok,17,13.031
2026-07-22T20:18:20.130312,1610612739,vs_opponent,1610612743,2026-01-01,2025-26,empty,0,0.925
2026-07-22T20:18:21.525958,1610612743,vs_opponent,1610612739,2026-01-01,2025-26,empty,0,0.689
2026-07-22T20:18:23.102635,1610612740,vs_opponent,1610612757,2026-01-01,2025-26,ok,18,0.822
2026-07-22T20:18:24.813901,1610612757,vs_opponent,1610612740,2026-01-01,2025-26,ok,18,0.982
2026-07-22T20:18:26.373264,1610612741,vs_opponent,1610612753,2026-01-01,2025-26,ok,18,0.827
2026-07-22T20:18:28.085774,1610612753,vs_opponent,1610612741,2026-01-01,2025-26,ok,17,0.984
2026-07-22T20:18:29.749435,1610612744,vs_opponent,1610612760,2026-01-01,2025-26,ok,19,0.938
2026-07-22T20:18:31.335180,1610612760,vs_opponent,1610612744,2026-01-01,2025-26,ok,18,0.863
2026-07-22T20:18:33.331494,1610612747,vs_opponent,1610612763,2026-01-01,2025-26,ok,17,1.269
2026-07-22T20:18:34.876333,1610612763,vs_opponent,1610612747,2026-01-01,2025-26,ok,19,0.814
2026-07-22T20:18:36.531722,1610612749,vs_opponent,1610612766,2026-01-01,2025-26,ok,18,0.906
2026-07-22T20:18:38.111589,1610612766,vs_opponent,1610612749,2026-01-01,2025-26,ok,19,0.835
2026-07-22T20:18:39.779382,1610612752,vs_opponent,1610612737,2026-01-01,2025-26,ok,17,0.94
2026-07-22T20:18:41.501348,1610612737,vs_opponent,1610612752,2026-01-01,2025-26,ok,17,1.009
2026-07-22T20:18:43.031810,1610612754,vs_opponent,1610612759,2026-01-01,2025-26,empty,0,0.823
2026-07-22T20:18:44.463532,1610612759,vs_opponent,1610612754,2026-01-01,2025-26,empty,0,0.727
2026-07-22T20:18:46.036710,1610612756,vs_opponent,1610612758,2026-01-01,2025-26,ok,18,0.838
2026-07-22T20:18:47.602330,1610612758,vs_opponent,1610612756,2026-01-01,2025-26,ok,19,0.837
2026-07-22T20:18:49.122662,1610612764,vs_opponent,1610612751,2026-01-01,2025-26,ok,18,0.785
2026-07-22T20:18:50.843103,1610612751,vs_opponent,1610612764,2026-01-01,2025-26,ok,17,0.995
2026-07-22T20:18:52.417222,1610612742,vs_opponent,1610612755,2025-12-31,2025-26,ok,18,0.84
2026-07-22T20:18:53.968908,1610612755,vs_opponent,1610612742,2025-12-31,2025-26,ok,17,0.825
2026-07-22T20:18:55.940612,1610612746,vs_opponent,1610612762,2025-12-31,2025-26,ok,17,1.242
2026-07-22T20:18:57.559577,1610612762,vs_opponent,1610612746,2025-12-31,2025-26,ok,18,0.892
2026-07-22T20:18:59.295234,1610612751,vs_opponent,1610612745,2025-12-31,2025-26,ok,17,1.013
2026-07-22T20:19:00.797264,1610612745,vs_opponent,1610612751,2025-12-31,2025-26,ok,17,0.767
2026-07-22T20:19:02.151320,1610612758,vs_opponent,1610612738,2025-12-31,2025-26,empty,0,0.646
2026-07-22T20:19:03.480875,1610612738,vs_opponent,1610612758,2025-12-31,2025-26,empty,0,0.624
2026-07-22T20:19:05.183200,1610612765,vs_opponent,1610612748,2025-12-31,2025-26,ok,18,0.966
2026-07-22T20:19:06.813250,1610612748,vs_opponent,1610612765,2025-12-31,2025-26,ok,17,0.909
2026-07-22T20:19:08.290086,1610612737,vs_opponent,1610612750,2025-12-30,2025-26,empty,0,0.769
2026-07-22T20:19:09.706156,1610612750,vs_opponent,1610612737,2025-12-30,2025-26,empty,0,0.713
2026-07-22T20:19:11.218963,1610612739,vs_opponent,1610612756,2025-12-30,2025-26,empty,0,0.803
2026-07-22T20:19:12.687370,1610612756,vs_opponent,1610612739,2025-12-30,2025-26,empty,0,0.758
2026-07-22T20:19:14.343943,1610612741,vs_opponent,1610612740,2025-12-30,2025-26,ok,18,0.935
2026-07-22T20:19:15.859191,1610612740,vs_opponent,1610612741,2025-12-30,2025-26,ok,18,0.799
2026-07-22T20:19:17.404632,1610612749,vs_opponent,1610612764,2025-12-30,2025-26,ok,18,0.827
2026-07-22T20:19:19.402708,1610612764,vs_opponent,1610612749,2025-12-30,2025-26,ok,18,1.281
2026-07-22T20:19:20.735943,1610612754,vs_opponent,1610612753,2025-12-30,2025-26,empty,0,0.625
2026-07-22T20:19:22.202729,1610612753,vs_opponent,1610612754,2025-12-30,2025-26,empty,0,0.763
2026-07-22T20:19:23.680288,1610612759,vs_opponent,1610612752,2025-12-30,2025-26,empty,0,0.771
2026-07-22T20:19:25.322106,1610612752,vs_opponent,1610612759,2025-12-30,2025-26,empty,0,0.933
2026-07-22T20:19:26.876327,1610612760,vs_opponent,1610612757,2025-12-30,2025-26,ok,18,0.835
2026-07-22T20:19:28.517676,1610612757,vs_opponent,1610612760,2025-12-30,2025-26,ok,18,0.922
2026-07-22T20:19:29.927476,1610612761,vs_opponent,1610612743,2025-12-30,2025-26,empty,0,0.702
2026-07-22T20:19:31.604744,1610612743,vs_opponent,1610612761,2025-12-30,2025-26,empty,0,0.971
2026-07-22T20:19:33.100498,1610612766,vs_opponent,1610612744,2025-12-30,2025-26,empty,0,0.79
2026-07-22T20:19:34.557687,1610612744,vs_opponent,1610612766,2025-12-30,2025-26,empty,0,0.752
2026-07-22T20:19:36.138192,1610612746,vs_opponent,1610612758,2025-12-29,2025-26,empty,0,0.87
2026-07-22T20:19:37.711903,1610612758,vs_opponent,1610612746,2025-12-29,2025-26,empty,0,0.869
2026-07-22T20:19:39.141746,1610612747,vs_opponent,1610612765,2025-12-29,2025-26,empty,0,0.721
2026-07-22T20:19:40.501606,1610612765,vs_opponent,1610612747,2025-12-29,2025-26,empty,0,0.655
2026-07-22T20:19:42.103236,1610612762,vs_opponent,1610612738,2025-12-29,2025-26,ok,18,0.873
2026-07-22T20:19:43.686906,1610612738,vs_opponent,1610612762,2025-12-29,2025-26,ok,17,0.861
2026-07-22T20:19:45.028756,1610612763,vs_opponent,1610612755,2025-12-29,2025-26,empty,0,0.636
2026-07-22T20:19:46.415912,1610612755,vs_opponent,1610612763,2025-12-29,2025-26,empty,0,0.683
2026-07-22T20:19:47.797924,1610612740,vs_opponent,1610612752,2025-12-28,2025-26,empty,0,0.676
2026-07-22T20:19:49.231866,1610612752,vs_opponent,1610612740,2025-12-28,2025-26,empty,0,0.73
2026-07-22T20:19:50.997201,1610612741,vs_opponent,1610612750,2025-12-28,2025-26,empty,0,1.06
2026-07-22T20:19:52.379957,1610612750,vs_opponent,1610612741,2025-12-28,2025-26,empty,0,0.678
2026-07-22T20:19:53.786573,1610612745,vs_opponent,1610612754,2025-12-28,2025-26,empty,0,0.7
2026-07-22T20:19:55.120316,1610612754,vs_opponent,1610612745,2025-12-28,2025-26,empty,0,0.628
2026-07-22T20:19:56.700747,1610612748,vs_opponent,1610612743,2025-12-28,2025-26,ok,17,0.84
2026-07-22T20:19:58.230298,1610612743,vs_opponent,1610612748,2025-12-28,2025-26,ok,17,0.792
2026-07-22T20:19:59.602129,1610612751,vs_opponent,1610612744,2025-12-28,2025-26,empty,0,0.664
2026-07-22T20:20:00.949028,1610612744,vs_opponent,1610612751,2025-12-28,2025-26,empty,0,0.637
2026-07-22T20:20:02.564128,1610612757,vs_opponent,1610612742,2025-12-28,2025-26,ok,18,0.882
2026-07-22T20:20:04.165546,1610612742,vs_opponent,1610612757,2025-12-28,2025-26,ok,18,0.868
2026-07-22T20:20:05.704861,1610612759,vs_opponent,1610612739,2025-12-28,2025-26,ok,18,0.809
2026-07-22T20:20:07.288407,1610612739,vs_opponent,1610612759,2025-12-28,2025-26,ok,17,0.85
2026-07-22T20:20:08.830487,1610612760,vs_opponent,1610612737,2025-12-28,2025-26,ok,18,0.811
2026-07-22T20:20:10.505778,1610612737,vs_opponent,1610612760,2025-12-28,2025-26,ok,17,0.949
2026-07-22T20:20:11.959923,1610612761,vs_opponent,1610612753,2025-12-28,2025-26,empty,0,0.747
2026-07-22T20:20:13.565867,1610612753,vs_opponent,1610612761,2025-12-28,2025-26,empty,0,0.9
2026-07-22T20:20:14.940070,1610612764,vs_opponent,1610612756,2025-12-28,2025-26,empty,0,0.663
2026-07-22T20:20:16.520869,1610612756,vs_opponent,1610612764,2025-12-28,2025-26,empty,0,0.875
2026-07-22T20:20:18.138494,1610612766,vs_opponent,1610612749,2025-12-28,2025-26,ok,18,0.877
2026-07-22T20:20:19.743351,1610612749,vs_opponent,1610612766,2025-12-28,2025-26,ok,18,0.875
2026-07-22T20:20:21.300764,1610612746,vs_opponent,1610612765,2025-12-27,2025-26,empty,0,0.852
2026-07-22T20:20:22.799584,1610612765,vs_opponent,1610612746,2025-12-27,2025-26,empty,0,0.795
2026-07-22T20:20:24.443875,1610612747,vs_opponent,1610612758,2025-12-27,2025-26,ok,17,0.91
2026-07-22T20:20:26.118199,1610612758,vs_opponent,1610612747,2025-12-27,2025-26,ok,18,0.928
2026-07-22T20:20:27.484899,1610612757,vs_opponent,1610612738,2025-12-27,2025-26,empty,0,0.657
2026-07-22T20:20:28.956420,1610612738,vs_opponent,1610612757,2025-12-27,2025-26,empty,0,0.766
2026-07-22T20:20:30.538168,1610612760,vs_opponent,1610612755,2025-12-27,2025-26,empty,0,0.877
2026-07-22T20:20:31.982730,1610612755,vs_opponent,1610612760,2025-12-27,2025-26,empty,0,0.739
2026-07-22T20:20:33.417495,1610612761,vs_opponent,1610612744,2025-12-27,2025-26,empty,0,0.726
2026-07-22T20:20:34.760756,1610612744,vs_opponent,1610612761,2025-12-27,2025-26,empty,0,0.637
2026-07-22T20:20:36.488211,1610612764,vs_opponent,1610612763,2025-12-27,2025-26,ok,18,0.993
2026-07-22T20:20:38.194709,1610612763,vs_opponent,1610612764,2025-12-27,2025-26,ok,18,0.974
2026-07-22T20:20:39.556211,1610612737,vs_opponent,1610612752,2025-12-26,2025-26,empty,0,0.653
2026-07-22T20:20:40.956433,1610612752,vs_opponent,1610612737,2025-12-26,2025-26,empty,0,0.697
2026-07-22T20:20:42.510929,1610612740,vs_opponent,1610612756,2025-12-26,2025-26,ok,18,0.825
2026-07-22T20:20:44.023135,1610612756,vs_opponent,1610612740,2025-12-26,2025-26,ok,18,0.783
2026-07-22T20:20:45.537703,1610612741,vs_opponent,1610612749,2025-12-26,2025-26,ok,18,0.78
2026-07-22T20:20:47.210933,1610612749,vs_opponent,1610612741,2025-12-26,2025-26,ok,18,0.949
2026-07-22T20:20:48.703012,1610612745,vs_opponent,1610612739,2025-12-26,2025-26,ok,17,0.76
2026-07-22T20:20:51.117684,1610612739,vs_opponent,1610612745,2025-12-26,2025-26,ok,17,1.694
2026-07-22T20:20:52.886852,1610612748,vs_opponent,1610612754,2025-12-26,2025-26,empty,0,1.064
2026-07-22T20:20:54.304730,1610612754,vs_opponent,1610612748,2025-12-26,2025-26,empty,0,0.712
2026-07-22T20:20:55.796444,1610612750,vs_opponent,1610612751,2025-12-26,2025-26,ok,17,0.757
2026-07-22T20:20:57.359301,1610612751,vs_opponent,1610612750,2025-12-26,2025-26,ok,17,0.838
2026-07-22T20:20:58.966138,1610612753,vs_opponent,1610612743,2025-12-26,2025-26,ok,17,0.869
2026-07-22T20:21:00.642721,1610612743,vs_opponent,1610612753,2025-12-26,2025-26,ok,17,0.961
2026-07-22T20:21:02.090434,1610612758,vs_opponent,1610612742,2025-12-26,2025-26,empty,0,0.741
2026-07-22T20:21:03.484765,1610612742,vs_opponent,1610612758,2025-12-26,2025-26,empty,0,0.688
2026-07-22T20:21:04.903792,1610612759,vs_opponent,1610612762,2025-12-26,2025-26,empty,0,0.709
2026-07-22T20:21:06.389686,1610612762,vs_opponent,1610612759,2025-12-26,2025-26,empty,0,0.78
2026-07-22T20:21:07.766314,1610612737,vs_opponent,1610612748,2025-12-25,2025-26,empty,0,0.664
2026-07-22T20:21:09.541720,1610612748,vs_opponent,1610612737,2025-12-25,2025-26,empty,0,1.068
2026-07-22T20:21:11.232596,1610612740,vs_opponent,1610612756,2025-12-25,2025-26,ok,18,0.972
2026-07-22T20:21:13.061286,1610612756,vs_opponent,1610612740,2025-12-25,2025-26,ok,17,1.115
2026-07-22T20:21:14.607229,1610612741,vs_opponent,1610612755,2025-12-25,2025-26,ok,18,0.82
2026-07-22T20:21:16.155641,1610612755,vs_opponent,1610612741,2025-12-25,2025-26,ok,17,0.813
2026-07-22T20:21:17.777711,1610612753,vs_opponent,1610612766,2025-12-25,2025-26,ok,17,0.904
2026-07-22T20:21:19.418731,1610612766,vs_opponent,1610612753,2025-12-25,2025-26,ok,18,0.923
2026-07-22T20:21:20.999551,1610612754,vs_opponent,1610612738,2025-12-25,2025-26,ok,19,0.851
2026-07-22T20:21:22.489940,1610612738,vs_opponent,1610612754,2025-12-25,2025-26,ok,17,0.772
2026-07-22T20:21:24.151599,1610612757,vs_opponent,1610612746,2025-12-25,2025-26,ok,18,0.94
2026-07-22T20:21:25.784321,1610612746,vs_opponent,1610612757,2025-12-25,2025-26,ok,17,0.895
2026-07-22T20:21:27.305020,1610612762,vs_opponent,1610612765,2025-12-25,2025-26,ok,18,0.795
2026-07-22T20:21:28.881300,1610612765,vs_opponent,1610612762,2025-12-25,2025-26,ok,17,0.849
2026-07-22T20:21:30.350730,1610612763,vs_opponent,1610612749,2025-12-25,2025-26,empty,0,0.764
2026-07-22T20:21:31.770329,1610612749,vs_opponent,1610612763,2025-12-25,2025-26,empty,0,0.712
2026-07-22T20:21:33.446193,1610612764,vs_opponent,1610612761,2025-12-25,2025-26,ok,18,0.958
2026-07-22T20:21:34.991421,1610612761,vs_opponent,1610612764,2025-12-25,2025-26,ok,17,0.82
2026-07-22T20:21:36.502364,1610612743,vs_opponent,1610612750,2025-12-24,2025-26,ok,17,0.791
2026-07-22T20:21:38.047866,1610612750,vs_opponent,1610612743,2025-12-24,2025-26,ok,17,0.829
2026-07-22T20:21:39.466151,1610612744,vs_opponent,1610612742,2025-12-24,2025-26,empty,0,0.71
2026-07-22T20:21:41.012678,1610612742,vs_opponent,1610612744,2025-12-24,2025-26,empty,0,0.839
2026-07-22T20:21:42.405406,1610612747,vs_opponent,1610612745,2025-12-24,2025-26,empty,0,0.682
2026-07-22T20:21:43.851226,1610612745,vs_opponent,1610612747,2025-12-24,2025-26,empty,0,0.742
2026-07-22T20:21:45.532974,1610612752,vs_opponent,1610612739,2025-12-24,2025-26,ok,17,0.951
2026-07-22T20:21:46.962365,1610612739,vs_opponent,1610612752,2025-12-24,2025-26,ok,16,0.712
2026-07-22T20:21:48.496724,1610612760,vs_opponent,1610612759,2025-12-24,2025-26,ok,18,0.815
2026-07-22T20:21:50.468368,1610612759,vs_opponent,1610612760,2025-12-24,2025-26,ok,19,1.121
2026-07-22T20:21:52.118126,1610612737,vs_opponent,1610612741,2025-12-22,2025-26,ok,17,0.875
2026-07-22T20:21:53.842834,1610612741,vs_opponent,1610612737,2025-12-22,2025-26,ok,18,0.995
2026-07-22T20:21:55.334279,1610612739,vs_opponent,1610612740,2025-12-22,2025-26,empty,0,0.765
2026-07-22T20:21:56.652118,1610612740,vs_opponent,1610612739,2025-12-22,2025-26,empty,0,0.613
2026-07-22T20:21:58.223357,1610612742,vs_opponent,1610612743,2025-12-22,2025-26,ok,18,0.825
2026-07-22T20:21:59.923631,1610612743,vs_opponent,1610612742,2025-12-22,2025-26,ok,17,0.971
2026-07-22T20:22:01.431881,1610612746,vs_opponent,1610612745,2025-12-22,2025-26,ok,17,0.785
2026-07-22T20:22:02.953460,1610612745,vs_opponent,1610612746,2025-12-22,2025-26,ok,17,0.802
2026-07-22T20:22:04.514938,1610612748,vs_opponent,1610612761,2025-12-22,2025-26,ok,17,0.84
2026-07-22T20:22:06.072150,1610612761,vs_opponent,1610612748,2025-12-22,2025-26,ok,17,0.838
2026-07-22T20:22:07.719156,1610612750,vs_opponent,1610612752,2025-12-22,2025-26,ok,17,0.852
2026-07-22T20:22:09.589097,1610612752,vs_opponent,1610612750,2025-12-22,2025-26,ok,17,1.064
2026-07-22T20:22:11.332607,1610612754,vs_opponent,1610612749,2025-12-22,2025-26,ok,19,1.026
2026-07-22T20:22:12.968713,1610612749,vs_opponent,1610612754,2025-12-22,2025-26,ok,18,0.917
2026-07-22T20:22:14.608608,1610612755,vs_opponent,1610612751,2025-12-22,2025-26,ok,17,0.919
2026-07-22T20:22:16.365518,1610612751,vs_opponent,1610612755,2025-12-22,2025-26,ok,17,1.024
2026-07-22T20:22:17.932826,1610612756,vs_opponent,1610612747,2025-12-22,2025-26,ok,17,0.838
2026-07-22T20:22:19.557260,1610612747,vs_opponent,1610612756,2025-12-22,2025-26,ok,17,0.837
2026-07-22T20:22:21.900087,1610612757,vs_opponent,1610612753,2025-12-22,2025-26,ok,18,1.502
2026-07-22T20:22:23.724726,1610612753,vs_opponent,1610612757,2025-12-22,2025-26,ok,17,1.095
2026-07-22T20:22:25.108838,1610612758,vs_opponent,1610612765,2025-12-22,2025-26,empty,0,0.675
2026-07-22T20:22:26.503468,1610612765,vs_opponent,1610612758,2025-12-22,2025-26,empty,0,0.689
2026-07-22T20:22:28.125790,1610612759,vs_opponent,1610612760,2025-12-22,2025-26,ok,18,0.903
2026-07-22T20:22:29.635432,1610612760,vs_opponent,1610612759,2025-12-22,2025-26,ok,18,0.794
2026-07-22T20:22:31.222803,1610612762,vs_opponent,1610612763,2025-12-22,2025-26,ok,18,0.858
2026-07-22T20:22:32.842326,1610612763,vs_opponent,1610612762,2025-12-22,2025-26,ok,18,0.903
2026-07-22T20:22:34.427446,1610612766,vs_opponent,1610612764,2025-12-22,2025-26,ok,18,0.869
2026-07-22T20:22:36.116979,1610612764,vs_opponent,1610612766,2025-12-22,2025-26,ok,18,0.973
2026-07-22T20:22:37.547844,1610612738,vs_opponent,1610612754,2025-12-21,2025-26,empty,0,0.718
2026-07-22T20:22:38.977745,1610612754,vs_opponent,1610612738,2025-12-21,2025-26,empty,0,0.726
2026-07-22T20:22:40.617192,1610612739,vs_opponent,1610612766,2025-12-21,2025-26,ok,17,0.919
2026-07-22T20:22:42.275927,1610612766,vs_opponent,1610612739,2025-12-21,2025-26,ok,18,0.935
2026-07-22T20:22:43.741093,1610612740,vs_opponent,1610612742,2025-12-21,2025-26,ok,18,0.747
2026-07-22T20:22:45.317918,1610612742,vs_opponent,1610612740,2025-12-21,2025-26,ok,18,0.856
2026-07-22T20:22:46.738910,1610612743,vs_opponent,1610612762,2025-12-21,2025-26,empty,0,0.714
2026-07-22T20:22:48.141757,1610612762,vs_opponent,1610612743,2025-12-21,2025-26,empty,0,0.696
2026-07-22T20:22:49.840888,1610612744,vs_opponent,1610612753,2025-12-21,2025-26,ok,17,0.969
2026-07-22T20:22:51.351352,1610612753,vs_opponent,1610612744,2025-12-21,2025-26,ok,17,0.798
2026-07-22T20:22:52.905080,1610612757,vs_opponent,1610612765,2025-12-21,2025-26,ok,18,0.837
2026-07-22T20:22:54.805660,1610612765,vs_opponent,1610612757,2025-12-21,2025-26,ok,18,1.156
2026-07-22T20:22:56.364329,1610612760,vs_opponent,1610612763,2025-12-21,2025-26,ok,18,0.806
2026-07-22T20:22:58.021900,1610612763,vs_opponent,1610612760,2025-12-21,2025-26,ok,18,0.944
2026-07-22T20:22:59.483209,1610612737,vs_opponent,1610612741,2025-12-20,2025-26,ok,17,0.746
2026-07-22T20:23:03.854413,1610612741,vs_opponent,1610612737,2025-12-20,2025-26,ok,18,3.652
2026-07-22T20:23:07.292086,1610612750,vs_opponent,1610612749,2025-12-20,2025-26,empty,0,2.732
2026-07-22T20:23:08.663637,1610612749,vs_opponent,1610612750,2025-12-20,2025-26,empty,0,0.668
2026-07-22T20:23:10.414518,1610612751,vs_opponent,1610612761,2025-12-20,2025-26,ok,17,1.036
2026-07-22T20:23:12.051522,1610612761,vs_opponent,1610612751,2025-12-20,2025-26,ok,17,0.923
2026-07-22T20:23:14.407585,1610612752,vs_opponent,1610612748,2025-12-20,2025-26,ok,17,1.643
2026-07-22T20:23:21.570005,1610612748,vs_opponent,1610612752,2025-12-20,2025-26,ok,17,6.447
2026-07-22T20:23:23.350194,1610612758,vs_opponent,1610612745,2025-12-20,2025-26,ok,18,1.057
2026-07-22T20:23:24.991019,1610612745,vs_opponent,1610612758,2025-12-20,2025-26,ok,17,0.922
2026-07-22T20:23:28.123252,1610612764,vs_opponent,1610612759,2025-12-20,2025-26,ok,18,2.411
2026-07-22T20:23:29.685632,1610612759,vs_opponent,1610612764,2025-12-20,2025-26,ok,18,0.841
2026-07-22T20:23:31.044431,1610612740,vs_opponent,1610612754,2025-12-19,2025-26,empty,0,0.652
2026-07-22T20:23:32.549024,1610612754,vs_opponent,1610612740,2025-12-19,2025-26,empty,0,0.8
2026-07-22T20:23:34.136176,1610612743,vs_opponent,1610612745,2025-12-19,2025-26,ok,17,0.868
2026-07-22T20:23:35.689331,1610612745,vs_opponent,1610612743,2025-12-19,2025-26,ok,18,0.838
2026-07-22T20:23:37.305074,1610612744,vs_opponent,1610612756,2025-12-19,2025-26,ok,20,0.897
2026-07-22T20:23:39.090354,1610612756,vs_opponent,1610612744,2025-12-19,2025-26,ok,18,1.067
2026-07-22T20:23:40.784120,1610612746,vs_opponent,1610612747,2025-12-19,2025-26,ok,17,0.977
2026-07-22T20:23:42.466916,1610612747,vs_opponent,1610612746,2025-12-19,2025-26,ok,17,0.966
2026-07-22T20:23:43.980761,1610612755,vs_opponent,1610612742,2025-12-19,2025-26,empty,0,0.806
2026-07-22T20:23:45.518155,1610612742,vs_opponent,1610612755,2025-12-19,2025-26,empty,0,0.83
2026-07-22T20:23:47.177655,1610612758,vs_opponent,1610612757,2025-12-19,2025-26,ok,18,0.939
2026-07-22T20:23:48.746976,1610612757,vs_opponent,1610612758,2025-12-19,2025-26,ok,18,0.855
2026-07-22T20:23:50.227076,1610612761,vs_opponent,1610612738,2025-12-19,2025-26,ok,17,0.76
2026-07-22T20:23:51.883972,1610612738,vs_opponent,1610612761,2025-12-19,2025-26,ok,17,0.94
2026-07-22T20:23:53.298945,1610612762,vs_opponent,1610612753,2025-12-19,2025-26,empty,0,0.709
2026-07-22T20:23:54.937195,1610612753,vs_opponent,1610612762,2025-12-19,2025-26,empty,0,0.931
2026-07-22T20:23:56.288834,1610612763,vs_opponent,1610612764,2025-12-19,2025-26,empty,0,0.641
2026-07-22T20:23:57.749639,1610612764,vs_opponent,1610612763,2025-12-19,2025-26,empty,0,0.755
2026-07-22T20:23:59.065471,1610612765,vs_opponent,1610612766,2025-12-19,2025-26,empty,0,0.608
2026-07-22T20:24:00.395340,1610612766,vs_opponent,1610612765,2025-12-19,2025-26,empty,0,0.623
2026-07-22T20:24:01.922744,1610612737,vs_opponent,1610612759,2025-12-18,2025-26,ok,17,0.812
2026-07-22T20:24:03.611865,1610612759,vs_opponent,1610612737,2025-12-18,2025-26,ok,18,0.975
2026-07-22T20:24:05.009182,1610612738,vs_opponent,1610612748,2025-12-18,2025-26,empty,0,0.693
2026-07-22T20:24:06.524445,1610612748,vs_opponent,1610612738,2025-12-18,2025-26,empty,0,0.807
2026-07-22T20:24:09.498822,1610612739,vs_opponent,1610612741,2025-12-18,2025-26,ok,17,2.256
2026-07-22T20:24:11.204039,1610612741,vs_opponent,1610612739,2025-12-18,2025-26,ok,18,0.987
2026-07-22T20:24:12.980892,1610612750,vs_opponent,1610612760,2025-12-18,2025-26,ok,17,1.055
2026-07-22T20:24:14.519835,1610612760,vs_opponent,1610612750,2025-12-18,2025-26,ok,18,0.823
2026-07-22T20:24:15.930570,1610612752,vs_opponent,1610612755,2025-12-18,2025-26,empty,0,0.701
2026-07-22T20:24:17.281785,1610612755,vs_opponent,1610612752,2025-12-18,2025-26,empty,0,0.643
2026-07-22T20:24:18.711669,1610612740,vs_opponent,1610612745,2025-12-17,2025-26,empty,0,0.721
2026-07-22T20:24:20.231772,1610612745,vs_opponent,1610612740,2025-12-17,2025-26,empty,0,0.815
2026-07-22T20:24:21.782591,1610612742,vs_opponent,1610612765,2025-12-17,2025-26,ok,18,0.832
2026-07-22T20:24:23.458279,1610612765,vs_opponent,1610612742,2025-12-17,2025-26,ok,17,0.956
2026-07-22T20:24:24.906432,1610612743,vs_opponent,1610612753,2025-12-17,2025-26,empty,0,0.743
2026-07-22T20:24:26.317675,1610612753,vs_opponent,1610612743,2025-12-17,2025-26,empty,0,0.705
2026-07-22T20:24:27.879036,1610612749,vs_opponent,1610612761,2025-12-17,2025-26,ok,18,0.846
2026-07-22T20:24:29.572294,1610612761,vs_opponent,1610612749,2025-12-17,2025-26,ok,17,0.974
2026-07-22T20:24:30.978781,1610612751,vs_opponent,1610612748,2025-12-17,2025-26,empty,0,0.697
2026-07-22T20:24:32.419662,1610612748,vs_opponent,1610612751,2025-12-17,2025-26,empty,0,0.735
2026-07-22T20:24:33.882422,1610612754,vs_opponent,1610612752,2025-12-17,2025-26,empty,0,0.755
2026-07-22T20:24:35.284059,1610612752,vs_opponent,1610612754,2025-12-17,2025-26,empty,0,0.696
2026-07-22T20:24:36.755184,1610612756,vs_opponent,1610612744,2025-12-17,2025-26,ok,17,0.749
2026-07-22T20:24:38.275088,1610612744,vs_opponent,1610612756,2025-12-17,2025-26,ok,17,0.803
2026-07-22T20:24:39.693205,1610612757,vs_opponent,1610612758,2025-12-17,2025-26,empty,0,0.711
2026-07-22T20:24:41.065950,1610612758,vs_opponent,1610612757,2025-12-17,2025-26,empty,0,0.67
2026-07-22T20:24:42.450116,1610612759,vs_opponent,1610612764,2025-12-17,2025-26,empty,0,0.675
2026-07-22T20:24:44.046315,1610612764,vs_opponent,1610612759,2025-12-17,2025-26,empty,0,0.891
2026-07-22T20:24:45.544529,1610612760,vs_opponent,1610612746,2025-12-17,2025-26,ok,18,0.775
2026-07-22T20:24:47.077937,1610612746,vs_opponent,1610612760,2025-12-17,2025-26,ok,17,0.813
2026-07-22T20:24:49.540097,1610612762,vs_opponent,1610612747,2025-12-17,2025-26,ok,18,1.738
2026-07-22T20:24:51.074731,1610612747,vs_opponent,1610612762,2025-12-17,2025-26,ok,17,0.82
2026-07-22T20:24:52.709032,1610612766,vs_opponent,1610612737,2025-12-17,2025-26,ok,18,0.916
2026-07-22T20:24:54.245817,1610612737,vs_opponent,1610612766,2025-12-17,2025-26,ok,17,0.823
2026-07-22T20:24:55.752405,1610612741,vs_opponent,1610612739,2025-12-16,2025-26,ok,18,0.784
2026-07-22T20:24:57.319706,1610612739,vs_opponent,1610612741,2025-12-16,2025-26,ok,17,0.855
2026-07-22T20:24:58.771103,1610612750,vs_opponent,1610612763,2025-12-16,2025-26,empty,0,0.742
2026-07-22T20:25:00.155534,1610612763,vs_opponent,1610612750,2025-12-16,2025-26,empty,0,0.677
2026-07-22T20:25:01.623559,1610612738,vs_opponent,1610612765,2025-12-14,2025-26,ok,17,0.748
2026-07-22T20:25:03.158604,1610612765,vs_opponent,1610612738,2025-12-14,2025-26,ok,19,0.819
2026-07-22T20:25:04.796771,1610612743,vs_opponent,1610612745,2025-12-14,2025-26,ok,17,0.916
2026-07-22T20:25:06.280070,1610612745,vs_opponent,1610612743,2025-12-14,2025-26,ok,17,0.767
2026-07-22T20:25:07.769500,1610612746,vs_opponent,1610612763,2025-12-14,2025-26,ok,18,0.76
2026-07-22T20:25:09.199391,1610612763,vs_opponent,1610612746,2025-12-14,2025-26,ok,19,0.701
2026-07-22T20:25:10.678328,1610612748,vs_opponent,1610612761,2025-12-14,2025-26,empty,0,0.761
2026-07-22T20:25:12.076974,1610612761,vs_opponent,1610612748,2025-12-14,2025-26,empty,0,0.676
2026-07-22T20:25:13.511709,1610612762,vs_opponent,1610612742,2025-12-14,2025-26,empty,0,0.727
2026-07-22T20:25:14.918250,1610612742,vs_opponent,1610612762,2025-12-14,2025-26,empty,0,0.674
2026-07-22T20:25:16.648352,1610612737,vs_opponent,1610612755,2025-12-13,2025-26,ok,17,0.893
2026-07-22T20:25:18.228758,1610612755,vs_opponent,1610612737,2025-12-13,2025-26,ok,17,0.842
2026-07-22T20:25:19.832918,1610612739,vs_opponent,1610612766,2025-12-13,2025-26,empty,0,0.875
2026-07-22T20:25:21.178399,1610612766,vs_opponent,1610612739,2025-12-13,2025-26,empty,0,0.62
2026-07-22T20:25:22.709290,1610612741,vs_opponent,1610612740,2025-12-13,2025-26,ok,18,0.797
2026-07-22T20:25:24.367993,1610612740,vs_opponent,1610612741,2025-12-13,2025-26,ok,18,0.912
2026-07-22T20:25:25.921845,1610612750,vs_opponent,1610612758,2025-12-13,2025-26,ok,17,0.774
2026-07-22T20:25:27.568585,1610612758,vs_opponent,1610612750,2025-12-13,2025-26,ok,18,0.921
2026-07-22T20:25:29.299379,1610612751,vs_opponent,1610612749,2025-12-13,2025-26,ok,17,0.943
2026-07-22T20:25:31.210320,1610612749,vs_opponent,1610612751,2025-12-13,2025-26,ok,18,1.02
2026-07-22T20:25:32.722616,1610612754,vs_opponent,1610612764,2025-12-13,2025-26,ok,19,0.707
2026-07-22T20:25:34.318695,1610612764,vs_opponent,1610612754,2025-12-13,2025-26,ok,18,0.855
2026-07-22T20:25:38.485948,1610612756,vs_opponent,1610612747,2025-12-13,2025-26,ok,17,3.45
2026-07-22T20:25:40.428538,1610612747,vs_opponent,1610612756,2025-12-13,2025-26,ok,17,1.23
2026-07-22T20:25:41.989134,1610612757,vs_opponent,1610612744,2025-12-13,2025-26,ok,18,0.838
2026-07-22T20:25:43.506237,1610612744,vs_opponent,1610612757,2025-12-13,2025-26,ok,17,0.802
2026-07-22T20:25:45.419468,1610612742,vs_opponent,1610612751,2025-12-11,2025-26,empty,0,1.209
2026-07-22T20:25:46.854372,1610612751,vs_opponent,1610612742,2025-12-11,2025-26,empty,0,0.729
2026-07-22T20:25:48.204264,1610612744,vs_opponent,1610612750,2025-12-11,2025-26,empty,0,0.641
2026-07-22T20:25:49.834876,1610612750,vs_opponent,1610612744,2025-12-11,2025-26,empty,0,0.925
2026-07-22T20:25:51.541015,1610612755,vs_opponent,1610612754,2025-12-11,2025-26,empty,0,0.988
2026-07-22T20:25:53.002345,1610612754,vs_opponent,1610612755,2025-12-11,2025-26,empty,0,0.753
2026-07-22T20:25:54.397480,1610612763,vs_opponent,1610612762,2025-12-11,2025-26,empty,0,0.684
2026-07-22T20:25:55.742423,1610612762,vs_opponent,1610612763,2025-12-11,2025-26,empty,0,0.638
2026-07-22T20:25:57.274709,1610612764,vs_opponent,1610612739,2025-12-11,2025-26,ok,18,0.814
2026-07-22T20:25:58.864757,1610612739,vs_opponent,1610612764,2025-12-11,2025-26,ok,17,0.875
2026-07-22T20:26:00.377930,1610612765,vs_opponent,1610612737,2025-12-11,2025-26,ok,18,0.796
2026-07-22T20:26:01.930589,1610612737,vs_opponent,1610612765,2025-12-11,2025-26,ok,17,0.841
2026-07-22T20:26:03.774840,1610612766,vs_opponent,1610612741,2025-12-11,2025-26,ok,18,1.117
2026-07-22T20:26:05.304114,1610612741,vs_opponent,1610612766,2025-12-11,2025-26,ok,18,0.813
2026-07-22T20:26:06.846948,1610612740,vs_opponent,1610612757,2025-12-10,2025-26,ok,18,0.824
2026-07-22T20:26:08.436623,1610612757,vs_opponent,1610612740,2025-12-10,2025-26,ok,18,0.851
2026-07-22T20:26:09.795205,1610612745,vs_opponent,1610612746,2025-12-10,2025-26,empty,0,0.651
2026-07-22T20:26:11.334647,1610612746,vs_opponent,1610612745,2025-12-10,2025-26,empty,0,0.833
2026-07-22T20:26:12.801916,1610612749,vs_opponent,1610612738,2025-12-10,2025-26,empty,0,0.76
2026-07-22T20:26:14.200039,1610612738,vs_opponent,1610612749,2025-12-10,2025-26,empty,0,0.695
2026-07-22T20:26:15.661327,1610612758,vs_opponent,1610612743,2025-12-10,2025-26,ok,19,0.725
2026-07-22T20:26:17.116524,1610612743,vs_opponent,1610612758,2025-12-10,2025-26,ok,17,0.735
2026-07-22T20:26:18.763788,1610612747,vs_opponent,1610612759,2025-12-09,2025-26,ok,17,0.924
2026-07-22T20:26:20.258398,1610612759,vs_opponent,1610612747,2025-12-09,2025-26,ok,18,0.764
2026-07-22T20:26:21.806877,1610612760,vs_opponent,1610612756,2025-12-09,2025-26,ok,18,0.824
2026-07-22T20:26:23.279488,1610612756,vs_opponent,1610612760,2025-12-09,2025-26,ok,17,0.755
2026-07-22T20:26:24.940623,1610612753,vs_opponent,1610612748,2025-12-08,2025-26,ok,17,0.92
2026-07-22T20:26:26.414815,1610612748,vs_opponent,1610612753,2025-12-08,2025-26,ok,17,0.758
2026-07-22T20:26:27.919557,1610612761,vs_opponent,1610612752,2025-12-08,2025-26,ok,17,0.79
2026-07-22T20:26:29.593458,1610612752,vs_opponent,1610612761,2025-12-08,2025-26,ok,17,0.9
2026-07-22T20:26:31.105086,1610612740,vs_opponent,1610612759,2025-12-07,2025-26,ok,18,0.788
2026-07-22T20:26:32.703168,1610612759,vs_opponent,1610612740,2025-12-07,2025-26,ok,18,0.882
2026-07-22T20:26:34.381003,1610612750,vs_opponent,1610612756,2025-12-07,2025-26,ok,17,0.837
2026-07-22T20:26:35.976545,1610612756,vs_opponent,1610612750,2025-12-07,2025-26,ok,17,0.835
2026-07-22T20:26:37.341269,1610612754,vs_opponent,1610612758,2025-12-07,2025-26,empty,0,0.653
2026-07-22T20:26:38.701533,1610612758,vs_opponent,1610612754,2025-12-07,2025-26,empty,0,0.65
2026-07-22T20:26:40.490738,1610612741,vs_opponent,1610612744,2025-12-06,2025-26,empty,0,1.081
2026-07-22T20:26:41.895078,1610612744,vs_opponent,1610612741,2025-12-06,2025-26,empty,0,0.69
2026-07-22T20:26:43.441781,1610612752,vs_opponent,1610612753,2025-12-06,2025-26,ok,17,0.806
2026-07-22T20:26:45.087469,1610612753,vs_opponent,1610612752,2025-12-06,2025-26,ok,17,0.922
2026-07-22T20:26:46.546177,1610612755,vs_opponent,1610612747,2025-12-06,2025-26,empty,0,0.723
2026-07-22T20:26:48.203782,1610612747,vs_opponent,1610612755,2025-12-06,2025-26,empty,0,0.944
2026-07-22T20:26:49.728595,1610612761,vs_opponent,1610612738,2025-12-06,2025-26,empty,0,0.816
2026-07-22T20:26:51.105964,1610612738,vs_opponent,1610612761,2025-12-06,2025-26,empty,0,0.666
2026-07-22T20:26:53.025805,1610612762,vs_opponent,1610612760,2025-12-06,2025-26,ok,18,1.205
2026-07-22T20:26:54.555730,1610612760,vs_opponent,1610612762,2025-12-06,2025-26,ok,18,0.817
2026-07-22T20:26:56.051864,1610612763,vs_opponent,1610612757,2025-12-06,2025-26,empty,0,0.787
2026-07-22T20:26:57.688406,1610612757,vs_opponent,1610612763,2025-12-06,2025-26,empty,0,0.93
2026-07-22T20:26:59.143585,1610612766,vs_opponent,1610612743,2025-12-06,2025-26,empty,0,0.747
2026-07-22T20:27:00.553686,1610612743,vs_opponent,1610612766,2025-12-06,2025-26,empty,0,0.704
2026-07-22T20:27:02.089841,1610612739,vs_opponent,1610612744,2025-12-05,2025-26,empty,0,0.827
2026-07-22T20:27:03.447156,1610612744,vs_opponent,1610612739,2025-12-05,2025-26,empty,0,0.651
2026-07-22T20:27:06.478164,1610612742,vs_opponent,1610612745,2025-12-05,2025-26,ok,18,1.032
2026-07-22T20:27:08.202721,1610612745,vs_opponent,1610612742,2025-12-05,2025-26,ok,17,0.807
2026-07-22T20:27:09.746400,1610612748,vs_opponent,1610612758,2025-12-05,2025-26,empty,0,0.786
2026-07-22T20:27:11.304920,1610612758,vs_opponent,1610612748,2025-12-05,2025-26,empty,0,0.839
2026-07-22T20:27:12.720871,1610612750,vs_opponent,1610612746,2025-12-05,2025-26,empty,0,0.708
2026-07-22T20:27:14.161318,1610612746,vs_opponent,1610612750,2025-12-05,2025-26,empty,0,0.734
2026-07-22T20:27:15.610263,1610612751,vs_opponent,1610612740,2025-12-05,2025-26,empty,0,0.736
2026-07-22T20:27:16.994162,1610612740,vs_opponent,1610612751,2025-12-05,2025-26,empty,0,0.674
2026-07-22T20:27:18.555876,1610612764,vs_opponent,1610612737,2025-12-05,2025-26,ok,18,0.809
2026-07-22T20:27:20.169112,1610612737,vs_opponent,1610612764,2025-12-05,2025-26,ok,17,0.882
2026-07-22T20:27:21.878779,1610612765,vs_opponent,1610612749,2025-12-05,2025-26,ok,18,0.988
2026-07-22T20:27:23.480141,1610612749,vs_opponent,1610612765,2025-12-05,2025-26,ok,18,0.868
2026-07-22T20:27:24.922738,1610612737,vs_opponent,1610612743,2025-12-04,2025-26,empty,0,0.733
2026-07-22T20:27:26.324165,1610612743,vs_opponent,1610612737,2025-12-04,2025-26,empty,0,0.695
2026-07-22T20:27:27.793278,1610612738,vs_opponent,1610612747,2025-12-04,2025-26,empty,0,0.759
2026-07-22T20:27:29.223502,1610612747,vs_opponent,1610612738,2025-12-04,2025-26,empty,0,0.721
2026-07-22T20:27:30.758591,1610612739,vs_opponent,1610612759,2025-12-04,2025-26,empty,0,0.826
2026-07-22T20:27:32.114126,1610612759,vs_opponent,1610612739,2025-12-04,2025-26,empty,0,0.648
2026-07-22T20:27:33.726779,1610612741,vs_opponent,1610612754,2025-12-04,2025-26,ok,18,0.882
2026-07-22T20:27:35.315932,1610612754,vs_opponent,1610612741,2025-12-04,2025-26,ok,19,0.858
2026-07-22T20:27:36.942238,1610612745,vs_opponent,1610612756,2025-12-04,2025-26,ok,17,0.875
2026-07-22T20:27:38.713456,1610612756,vs_opponent,1610612745,2025-12-04,2025-26,ok,17,0.882
2026-07-22T20:27:40.286129,1610612749,vs_opponent,1610612755,2025-12-04,2025-26,ok,18,0.796
2026-07-22T20:27:41.974282,1610612755,vs_opponent,1610612749,2025-12-04,2025-26,ok,17,0.936
2026-07-22T20:27:43.441180,1610612752,vs_opponent,1610612762,2025-12-04,2025-26,empty,0,0.757
2026-07-22T20:27:45.035285,1610612762,vs_opponent,1610612752,2025-12-04,2025-26,empty,0,0.882
2026-07-22T20:27:46.697041,1610612753,vs_opponent,1610612748,2025-12-04,2025-26,ok,17,0.922
2026-07-22T20:27:48.252640,1610612748,vs_opponent,1610612753,2025-12-04,2025-26,ok,17,0.774
2026-07-22T20:27:49.965929,1610612760,vs_opponent,1610612742,2025-12-04,2025-26,ok,18,0.964
2026-07-22T20:27:51.674232,1610612742,vs_opponent,1610612760,2025-12-04,2025-26,ok,18,0.97
2026-07-22T20:27:53.258393,1610612761,vs_opponent,1610612766,2025-12-04,2025-26,ok,17,0.865
2026-07-22T20:27:55.267495,1610612766,vs_opponent,1610612761,2025-12-04,2025-26,ok,18,1.247
2026-07-22T20:27:56.910312,1610612763,vs_opponent,1610612746,2025-12-04,2025-26,ok,19,0.902
2026-07-22T20:27:58.657778,1610612746,vs_opponent,1610612763,2025-12-04,2025-26,ok,17,1.008
2026-07-22T20:28:00.148974,1610612765,vs_opponent,1610612757,2025-12-04,2025-26,empty,0,0.777
2026-07-22T20:28:01.523778,1610612757,vs_opponent,1610612765,2025-12-04,2025-26,empty,0,0.667
2026-07-22T20:28:03.164587,1610612740,vs_opponent,1610612750,2025-12-03,2025-26,ok,18,0.897
2026-07-22T20:28:04.886669,1610612750,vs_opponent,1610612740,2025-12-03,2025-26,ok,17,0.998
2026-07-22T20:28:06.210689,1610612751,vs_opponent,1610612762,2025-12-03,2025-26,empty,0,0.615
2026-07-22T20:28:07.683555,1610612762,vs_opponent,1610612751,2025-12-03,2025-26,empty,0,0.757
2026-07-22T20:28:09.057094,1610612755,vs_opponent,1610612744,2025-12-03,2025-26,empty,0,0.665
2026-07-22T20:28:10.548802,1610612744,vs_opponent,1610612755,2025-12-03,2025-26,empty,0,0.777
2026-07-22T20:28:12.070623,1610612761,vs_opponent,1610612747,2025-12-03,2025-26,empty,0,0.699
2026-07-22T20:28:13.495376,1610612747,vs_opponent,1610612761,2025-12-03,2025-26,empty,0,0.696
2026-07-22T20:28:14.925889,1610612764,vs_opponent,1610612738,2025-12-03,2025-26,ok,18,0.699
2026-07-22T20:28:16.511261,1610612738,vs_opponent,1610612764,2025-12-03,2025-26,ok,17,0.86
2026-07-22T20:28:18.089863,1610612737,vs_opponent,1610612746,2025-12-02,2025-26,ok,17,0.852
2026-07-22T20:28:19.562776,1610612746,vs_opponent,1610612737,2025-12-02,2025-26,ok,17,0.753
2026-07-22T20:28:20.971779,1610612739,vs_opponent,1610612757,2025-12-02,2025-26,empty,0,0.705
2026-07-22T20:28:22.513492,1610612757,vs_opponent,1610612739,2025-12-02,2025-26,empty,0,0.748
2026-07-22T20:28:24.040899,1610612741,vs_opponent,1610612751,2025-12-02,2025-26,empty,0,0.661
2026-07-22T20:28:25.542315,1610612751,vs_opponent,1610612741,2025-12-02,2025-26,empty,0,0.791
2026-07-22T20:28:26.973294,1610612745,vs_opponent,1610612758,2025-12-02,2025-26,empty,0,0.721
2026-07-22T20:28:28.514343,1610612758,vs_opponent,1610612745,2025-12-02,2025-26,empty,0,0.838
2026-07-22T20:28:30.069073,1610612749,vs_opponent,1610612765,2025-12-02,2025-26,ok,18,0.812
2026-07-22T20:28:31.594141,1610612765,vs_opponent,1610612749,2025-12-02,2025-26,ok,18,0.73
2026-07-22T20:28:33.195723,1610612752,vs_opponent,1610612766,2025-12-02,2025-26,ok,17,0.859
2026-07-22T20:28:34.946477,1610612766,vs_opponent,1610612752,2025-12-02,2025-26,ok,18,0.928
2026-07-22T20:28:36.396023,1610612753,vs_opponent,1610612759,2025-12-02,2025-26,empty,0,0.704
2026-07-22T20:28:37.933213,1610612759,vs_opponent,1610612753,2025-12-02,2025-26,empty,0,0.762
2026-07-22T20:28:39.914990,1610612754,vs_opponent,1610612743,2025-12-02,2025-26,ok,20,1.092
2026-07-22T20:28:41.552481,1610612743,vs_opponent,1610612754,2025-12-02,2025-26,ok,17,0.908
2026-07-22T20:28:43.093280,1610612742,vs_opponent,1610612748,2025-12-02,2025-26,ok,18,0.801
2026-07-22T20:28:44.831029,1610612748,vs_opponent,1610612742,2025-12-02,2025-26,ok,17,0.993
2026-07-22T20:28:46.474669,1610612738,vs_opponent,1610612752,2025-12-01,2025-26,ok,17,0.911
2026-07-22T20:28:48.250473,1610612752,vs_opponent,1610612738,2025-12-01,2025-26,ok,17,0.896
2026-07-22T20:28:49.557994,1610612740,vs_opponent,1610612750,2025-12-01,2025-26,empty,0,0.595
2026-07-22T20:28:51.116822,1610612750,vs_opponent,1610612740,2025-12-01,2025-26,empty,0,0.854
2026-07-22T20:28:52.718084,1610612744,vs_opponent,1610612760,2025-12-01,2025-26,ok,17,0.859
2026-07-22T20:28:54.448318,1610612760,vs_opponent,1610612744,2025-12-01,2025-26,ok,18,1.007
2026-07-22T20:28:56.082786,1610612755,vs_opponent,1610612764,2025-12-01,2025-26,ok,17,0.869
2026-07-22T20:28:57.629961,1610612764,vs_opponent,1610612755,2025-12-01,2025-26,ok,18,0.821
2026-07-22T20:28:59.284974,1610612759,vs_opponent,1610612763,2025-12-01,2025-26,ok,18,0.928
2026-07-22T20:29:00.955134,1610612763,vs_opponent,1610612759,2025-12-01,2025-26,ok,18,0.953
2026-07-22T20:29:02.575426,1610612761,vs_opponent,1610612757,2025-12-01,2025-26,empty,0,0.916
2026-07-22T20:29:03.986196,1610612757,vs_opponent,1610612761,2025-12-01,2025-26,empty,0,0.707
2026-07-22T20:29:05.479145,1610612743,vs_opponent,1610612742,2025-11-30,2025-26,empty,0,0.787
2026-07-22T20:29:06.912250,1610612742,vs_opponent,1610612743,2025-11-30,2025-26,empty,0,0.727
2026-07-22T20:29:08.463658,1610612747,vs_opponent,1610612756,2025-11-30,2025-26,empty,0,0.723
2026-07-22T20:29:09.805060,1610612756,vs_opponent,1610612747,2025-11-30,2025-26,empty,0,0.613
2026-07-22T20:29:11.278914,1610612748,vs_opponent,1610612746,2025-11-30,2025-26,ok,17,0.75
2026-07-22T20:29:12.788732,1610612746,vs_opponent,1610612748,2025-11-30,2025-26,ok,17,0.772
2026-07-22T20:29:14.399785,1610612751,vs_opponent,1610612766,2025-11-30,2025-26,ok,17,0.857
2026-07-22T20:29:15.942080,1610612766,vs_opponent,1610612751,2025-11-30,2025-26,ok,18,0.823
2026-07-22T20:29:17.562290,1610612753,vs_opponent,1610612741,2025-11-30,2025-26,ok,17,0.848
2026-07-22T20:29:19.018994,1610612741,vs_opponent,1610612753,2025-11-30,2025-26,ok,18,0.721
2026-07-22T20:29:20.471973,1610612754,vs_opponent,1610612739,2025-11-30,2025-26,ok,19,0.724
2026-07-22T20:29:22.579852,1610612739,vs_opponent,1610612754,2025-11-30,2025-26,ok,17,0.797
2026-07-22T20:29:24.454010,1610612762,vs_opponent,1610612745,2025-11-30,2025-26,ok,18,1.137
2026-07-22T20:29:25.968116,1610612745,vs_opponent,1610612762,2025-11-30,2025-26,ok,17,0.776
2026-07-22T20:29:27.427335,1610612764,vs_opponent,1610612749,2025-11-30,2025-26,ok,18,0.742
2026-07-22T20:29:28.948503,1610612749,vs_opponent,1610612764,2025-11-30,2025-26,ok,18,0.804
2026-07-22T20:29:30.445783,1610612765,vs_opponent,1610612737,2025-11-30,2025-26,ok,18,0.764
2026-07-22T20:29:32.544081,1610612737,vs_opponent,1610612765,2025-11-30,2025-26,ok,17,1.37
2026-07-22T20:29:34.072253,1610612739,vs_opponent,1610612738,2025-11-29,2025-26,ok,16,0.804
2026-07-22T20:29:35.512637,1610612738,vs_opponent,1610612739,2025-11-29,2025-26,ok,17,0.729
2026-07-22T20:29:37.078156,1610612747,vs_opponent,1610612740,2025-11-29,2025-26,ok,17,0.783
2026-07-22T20:29:38.979232,1610612740,vs_opponent,1610612747,2025-11-29,2025-26,ok,18,1.173
2026-07-22T20:29:40.486576,1610612750,vs_opponent,1610612759,2025-11-29,2025-26,empty,0,0.799
2026-07-22T20:29:41.898458,1610612759,vs_opponent,1610612750,2025-11-29,2025-26,empty,0,0.703
2026-07-22T20:29:43.238157,1610612752,vs_opponent,1610612761,2025-11-29,2025-26,empty,0,0.634
2026-07-22T20:29:44.710610,1610612761,vs_opponent,1610612752,2025-11-29,2025-26,empty,0,0.76
2026-07-22T20:29:46.210257,1610612755,vs_opponent,1610612737,2025-11-29,2025-26,empty,0,0.791
2026-07-22T20:29:47.651885,1610612737,vs_opponent,1610612755,2025-11-29,2025-26,empty,0,0.732
2026-07-22T20:29:49.187986,1610612757,vs_opponent,1610612760,2025-11-29,2025-26,ok,18,0.725
2026-07-22T20:29:50.750933,1610612760,vs_opponent,1610612757,2025-11-29,2025-26,ok,18,0.843
2026-07-22T20:29:52.266054,1610612758,vs_opponent,1610612763,2025-11-29,2025-26,ok,18,0.784
2026-07-22T20:29:54.143853,1610612763,vs_opponent,1610612758,2025-11-29,2025-26,ok,18,1.158
2026-07-22T20:29:55.548918,1610612762,vs_opponent,1610612745,2025-11-29,2025-26,empty,0,0.695
2026-07-22T20:29:56.884281,1610612745,vs_opponent,1610612762,2025-11-29,2025-26,empty,0,0.628
2026-07-22T20:29:58.427767,1610612744,vs_opponent,1610612740,2025-11-28,2025-26,ok,17,0.822
2026-07-22T20:29:59.997371,1610612740,vs_opponent,1610612744,2025-11-28,2025-26,ok,18,0.843
2026-07-22T20:30:01.563358,1610612746,vs_opponent,1610612742,2025-11-28,2025-26,ok,17,0.817
2026-07-22T20:30:03.389855,1610612742,vs_opponent,1610612746,2025-11-28,2025-26,ok,18,0.974
2026-07-22T20:30:04.876063,1610612748,vs_opponent,1610612765,2025-11-28,2025-26,empty,0,0.778
2026-07-22T20:30:06.395570,1610612765,vs_opponent,1610612748,2025-11-28,2025-26,empty,0,0.774
2026-07-22T20:30:07.977499,1610612749,vs_opponent,1610612751,2025-11-28,2025-26,empty,0,0.873
2026-07-22T20:30:09.341053,1610612751,vs_opponent,1610612749,2025-11-28,2025-26,empty,0,0.653
2026-07-22T20:30:10.926130,1610612750,vs_opponent,1610612738,2025-11-28,2025-26,empty,0,0.878
2026-07-22T20:30:12.376708,1610612738,vs_opponent,1610612750,2025-11-28,2025-26,empty,0,0.667
2026-07-22T20:30:13.819072,1610612754,vs_opponent,1610612741,2025-11-28,2025-26,empty,0,0.734
2026-07-22T20:30:15.314666,1610612741,vs_opponent,1610612754,2025-11-28,2025-26,empty,0,0.781
2026-07-22T20:30:17.055114,1610612756,vs_opponent,1610612743,2025-11-28,2025-26,ok,17,1.011
2026-07-22T20:30:18.563636,1610612743,vs_opponent,1610612756,2025-11-28,2025-26,ok,17,0.79
2026-07-22T20:30:20.007907,1610612766,vs_opponent,1610612761,2025-11-28,2025-26,ok,18,0.728
2026-07-22T20:30:21.566631,1610612761,vs_opponent,1610612766,2025-11-28,2025-26,ok,17,0.82
2026-07-22T20:30:23.084145,1610612737,vs_opponent,1610612739,2025-11-27,2025-26,ok,17,0.798
2026-07-22T20:30:24.742113,1610612739,vs_opponent,1610612737,2025-11-27,2025-26,ok,17,0.94
2026-07-22T20:30:26.227202,1610612743,vs_opponent,1610612759,2025-11-27,2025-26,empty,0,0.777
2026-07-22T20:30:27.882241,1610612759,vs_opponent,1610612743,2025-11-27,2025-26,empty,0,0.947
2026-07-22T20:30:29.402754,1610612746,vs_opponent,1610612763,2025-11-27,2025-26,empty,0,0.813
2026-07-22T20:30:31.256422,1610612763,vs_opponent,1610612746,2025-11-27,2025-26,empty,0,1.146
2026-07-22T20:30:32.857128,1610612747,vs_opponent,1610612742,2025-11-27,2025-26,empty,0,0.838
2026-07-22T20:30:34.403994,1610612742,vs_opponent,1610612747,2025-11-27,2025-26,empty,0,0.839
2026-07-22T20:30:36.021821,1610612751,vs_opponent,1610612755,2025-11-27,2025-26,ok,17,0.895
2026-07-22T20:30:37.767624,1610612755,vs_opponent,1610612751,2025-11-27,2025-26,ok,17,1.029
2026-07-22T20:30:39.332510,1610612752,vs_opponent,1610612749,2025-11-27,2025-26,ok,17,0.843
2026-07-22T20:30:41.007143,1610612749,vs_opponent,1610612752,2025-11-27,2025-26,ok,18,0.951
2026-07-22T20:30:42.493701,1610612754,vs_opponent,1610612764,2025-11-27,2025-26,empty,0,0.779
2026-07-22T20:30:44.000481,1610612764,vs_opponent,1610612754,2025-11-27,2025-26,empty,0,0.801
2026-07-22T20:30:45.562757,1610612760,vs_opponent,1610612756,2025-11-27,2025-26,empty,0,0.854
2026-07-22T20:30:47.108305,1610612756,vs_opponent,1610612760,2025-11-27,2025-26,empty,0,0.831
2026-07-22T20:30:48.741983,1610612762,vs_opponent,1610612758,2025-11-27,2025-26,ok,18,0.915
2026-07-22T20:30:50.475217,1610612758,vs_opponent,1610612762,2025-11-27,2025-26,ok,18,1.009
2026-07-22T20:30:52.106949,1610612765,vs_opponent,1610612753,2025-11-27,2025-26,ok,17,0.917
2026-07-22T20:30:53.550142,1610612753,vs_opponent,1610612765,2025-11-27,2025-26,ok,17,0.723
2026-07-22T20:30:54.877681,1610612766,vs_opponent,1610612741,2025-11-27,2025-26,empty,0,0.62
2026-07-22T20:30:56.498362,1610612741,vs_opponent,1610612766,2025-11-27,2025-26,empty,0,0.865
2026-07-22T20:30:57.995994,1610612738,vs_opponent,1610612765,2025-11-25,2025-26,ok,17,0.779
2026-07-22T20:30:59.631807,1610612765,vs_opponent,1610612738,2025-11-25,2025-26,ok,17,0.878
2026-07-22T20:31:01.416380,1610612740,vs_opponent,1610612763,2025-11-25,2025-26,ok,18,1.062
2026-07-22T20:31:03.044836,1610612763,vs_opponent,1610612740,2025-11-25,2025-26,ok,18,0.752
2026-07-22T20:31:04.452250,1610612744,vs_opponent,1610612745,2025-11-25,2025-26,empty,0,0.7
2026-07-22T20:31:05.901988,1610612745,vs_opponent,1610612744,2025-11-25,2025-26,empty,0,0.745
2026-07-22T20:31:07.843399,1610612748,vs_opponent,1610612749,2025-11-25,2025-26,empty,0,1.234
2026-07-22T20:31:09.504255,1610612749,vs_opponent,1610612748,2025-11-25,2025-26,empty,0,0.755
2026-07-22T20:31:10.941910,1610612757,vs_opponent,1610612759,2025-11-25,2025-26,empty,0,0.697
2026-07-22T20:31:12.555082,1610612759,vs_opponent,1610612757,2025-11-25,2025-26,empty,0,0.837
2026-07-22T20:31:14.107995,1610612758,vs_opponent,1610612756,2025-11-25,2025-26,ok,18,0.836
2026-07-22T20:31:15.655607,1610612756,vs_opponent,1610612758,2025-11-25,2025-26,ok,17,0.836
2026-07-22T20:31:17.245801,1610612760,vs_opponent,1610612750,2025-11-25,2025-26,empty,0,0.882
2026-07-22T20:31:18.700056,1610612750,vs_opponent,1610612760,2025-11-25,2025-26,empty,0,0.749
2026-07-22T20:31:20.688896,1610612761,vs_opponent,1610612754,2025-11-25,2025-26,ok,17,1.224
2026-07-22T20:31:22.202066,1610612754,vs_opponent,1610612761,2025-11-25,2025-26,ok,19,0.795
2026-07-22T20:31:23.628179,1610612766,vs_opponent,1610612752,2025-11-25,2025-26,empty,0,0.717
2026-07-22T20:31:25.152128,1610612752,vs_opponent,1610612766,2025-11-25,2025-26,empty,0,0.818
2026-07-22T20:31:26.586168,1610612747,vs_opponent,1610612746,2025-11-24,2025-26,empty,0,0.727
2026-07-22T20:31:28.017546,1610612746,vs_opponent,1610612747,2025-11-24,2025-26,empty,0,0.724
2026-07-22T20:31:29.678242,1610612755,vs_opponent,1610612753,2025-11-24,2025-26,ok,17,0.945
2026-07-22T20:31:31.410950,1610612753,vs_opponent,1610612755,2025-11-24,2025-26,ok,17,1.013
2026-07-22T20:31:32.764099,1610612764,vs_opponent,1610612737,2025-11-24,2025-26,empty,0,0.648
2026-07-22T20:31:34.265283,1610612737,vs_opponent,1610612764,2025-11-24,2025-26,empty,0,0.79
2026-07-22T20:31:35.857154,1610612740,vs_opponent,1610612741,2025-11-23,2025-26,empty,0,0.883
2026-07-22T20:31:39.299447,1610612741,vs_opponent,1610612740,2025-11-23,2025-26,empty,0,2.734
2026-07-22T20:31:40.688197,1610612744,vs_opponent,1610612762,2025-11-23,2025-26,empty,0,0.677
2026-07-22T20:31:42.149597,1610612762,vs_opponent,1610612744,2025-11-23,2025-26,empty,0,0.757
2026-07-22T20:31:43.506717,1610612748,vs_opponent,1610612742,2025-11-23,2025-26,empty,0,0.65
2026-07-22T20:31:45.007700,1610612742,vs_opponent,1610612748,2025-11-23,2025-26,empty,0,0.798
2026-07-22T20:31:46.552814,1610612749,vs_opponent,1610612757,2025-11-23,2025-26,empty,0,0.839
2026-07-22T20:31:47.966746,1610612757,vs_opponent,1610612749,2025-11-23,2025-26,empty,0,0.706
2026-07-22T20:31:49.544406,1610612751,vs_opponent,1610612752,2025-11-23,2025-26,ok,17,0.859
2026-07-22T20:31:51.076673,1610612752,vs_opponent,1610612751,2025-11-23,2025-26,ok,17,0.819
2026-07-22T20:31:52.782438,1610612754,vs_opponent,1610612765,2025-11-23,2025-26,ok,19,0.992
2026-07-22T20:31:54.771920,1610612765,vs_opponent,1610612754,2025-11-23,2025-26,ok,18,1.274
2026-07-22T20:31:56.299412,1610612756,vs_opponent,1610612745,2025-11-23,2025-26,empty,0,0.82
2026-07-22T20:31:57.815651,1610612745,vs_opponent,1610612756,2025-11-23,2025-26,empty,0,0.811
2026-07-22T20:31:59.641928,1610612758,vs_opponent,1610612750,2025-11-23,2025-26,ok,18,1.105
2026-07-22T20:32:01.121379,1610612750,vs_opponent,1610612758,2025-11-23,2025-26,ok,17,0.759
2026-07-22T20:32:02.767682,1610612761,vs_opponent,1610612739,2025-11-23,2025-26,ok,17,0.927
2026-07-22T20:32:04.492703,1610612739,vs_opponent,1610612761,2025-11-23,2025-26,ok,17,1.007
2026-07-22T20:32:05.880597,1610612763,vs_opponent,1610612743,2025-11-23,2025-26,empty,0,0.68
2026-07-22T20:32:07.259778,1610612743,vs_opponent,1610612763,2025-11-23,2025-26,empty,0,0.674
2026-07-22T20:32:08.748478,1610612737,vs_opponent,1610612766,2025-11-22,2025-26,empty,0,0.785
2026-07-22T20:32:10.420117,1610612766,vs_opponent,1610612737,2025-11-22,2025-26,empty,0,0.961
2026-07-22T20:32:12.274661,1610612738,vs_opponent,1610612753,2025-11-22,2025-26,ok,17,1.135
2026-07-22T20:32:13.747983,1610612753,vs_opponent,1610612738,2025-11-22,2025-26,ok,17,0.765
2026-07-22T20:32:15.222228,1610612739,vs_opponent,1610612746,2025-11-22,2025-26,empty,0,0.77
2026-07-22T20:32:19.213966,1610612746,vs_opponent,1610612739,2025-11-22,2025-26,empty,0,3.285
2026-07-22T20:32:20.750258,1610612755,vs_opponent,1610612748,2025-11-22,2025-26,empty,0,0.821
2026-07-22T20:32:22.189925,1610612748,vs_opponent,1610612755,2025-11-22,2025-26,empty,0,0.737
2026-07-22T20:32:23.704842,1610612756,vs_opponent,1610612759,2025-11-22,2025-26,ok,17,0.795
2026-07-22T20:32:25.445575,1610612759,vs_opponent,1610612756,2025-11-22,2025-26,ok,18,0.932
2026-07-22T20:32:26.924932,1610612760,vs_opponent,1610612757,2025-11-22,2025-26,ok,18,0.76
2026-07-22T20:32:30.154932,1610612757,vs_opponent,1610612760,2025-11-22,2025-26,ok,18,1.936
2026-07-22T20:32:32.622997,1610612761,vs_opponent,1610612751,2025-11-22,2025-26,ok,17,1.169
2026-07-22T20:32:34.489755,1610612751,vs_opponent,1610612761,2025-11-22,2025-26,ok,17,0.896
2026-07-22T20:32:36.343474,1610612762,vs_opponent,1610612747,2025-11-22,2025-26,ok,18,1.132
2026-07-22T20:32:38.561599,1610612747,vs_opponent,1610612762,2025-11-22,2025-26,ok,17,0.986
2026-07-22T20:32:40.176159,1610612740,vs_opponent,1610612737,2025-11-21,2025-26,empty,0,0.859
2026-07-22T20:32:43.375197,1610612737,vs_opponent,1610612740,2025-11-21,2025-26,empty,0,2.124
2026-07-22T20:32:44.872032,1610612741,vs_opponent,1610612764,2025-11-21,2025-26,empty,0,0.669
2026-07-22T20:32:46.382982,1610612764,vs_opponent,1610612741,2025-11-21,2025-26,empty,0,0.793
2026-07-22T20:32:48.921487,1610612742,vs_opponent,1610612763,2025-11-21,2025-26,ok,18,0.715
2026-07-22T20:32:50.454503,1610612763,vs_opponent,1610612742,2025-11-21,2025-26,ok,18,0.783
2026-07-22T20:32:52.053883,1610612743,vs_opponent,1610612758,2025-11-21,2025-26,ok,17,0.833
2026-07-22T20:32:54.428749,1610612758,vs_opponent,1610612743,2025-11-21,2025-26,ok,19,0.972
2026-07-22T20:32:55.984309,1610612749,vs_opponent,1610612765,2025-11-21,2025-26,empty,0,0.73
2026-07-22T20:32:57.497114,1610612765,vs_opponent,1610612749,2025-11-21,2025-26,empty,0,0.709
2026-07-22T20:32:59.027731,1610612753,vs_opponent,1610612752,2025-11-21,2025-26,ok,17,0.809
2026-07-22T20:33:00.538595,1610612752,vs_opponent,1610612753,2025-11-21,2025-26,ok,17,0.773
2026-07-22T20:33:01.942601,1610612766,vs_opponent,1610612746,2025-11-21,2025-26,empty,0,0.696
2026-07-22T20:33:03.376021,1610612746,vs_opponent,1610612766,2025-11-21,2025-26,empty,0,0.729
2026-07-22T20:33:04.966468,1610612738,vs_opponent,1610612751,2025-11-20,2025-26,ok,17,0.864
2026-07-22T20:33:06.440873,1610612751,vs_opponent,1610612738,2025-11-20,2025-26,ok,17,0.749
2026-07-22T20:33:07.973170,1610612739,vs_opponent,1610612754,2025-11-20,2025-26,empty,0,0.823
2026-07-22T20:33:09.432425,1610612754,vs_opponent,1610612739,2025-11-20,2025-26,empty,0,0.75
2026-07-22T20:33:10.885006,1610612741,vs_opponent,1610612748,2025-11-20,2025-26,empty,0,0.73
2026-07-22T20:33:12.451249,1610612748,vs_opponent,1610612741,2025-11-20,2025-26,empty,0,0.853
2026-07-22T20:33:14.139116,1610612742,vs_opponent,1610612740,2025-11-20,2025-26,ok,18,0.96
2026-07-22T20:33:15.705674,1610612740,vs_opponent,1610612742,2025-11-20,2025-26,ok,18,0.844
2026-07-22T20:33:17.401066,1610612744,vs_opponent,1610612757,2025-11-20,2025-26,ok,17,0.975
2026-07-22T20:33:18.925253,1610612757,vs_opponent,1610612744,2025-11-20,2025-26,ok,18,0.789
2026-07-22T20:33:20.399906,1610612745,vs_opponent,1610612743,2025-11-20,2025-26,empty,0,0.764
2026-07-22T20:33:21.784444,1610612743,vs_opponent,1610612745,2025-11-20,2025-26,empty,0,0.678
2026-07-22T20:33:23.410411,1610612756,vs_opponent,1610612750,2025-11-20,2025-26,empty,0,0.918
2026-07-22T20:33:24.801691,1610612750,vs_opponent,1610612756,2025-11-20,2025-26,empty,0,0.685
2026-07-22T20:33:26.280583,1610612761,vs_opponent,1610612764,2025-11-20,2025-26,empty,0,0.77
2026-07-22T20:33:27.653485,1610612764,vs_opponent,1610612761,2025-11-20,2025-26,empty,0,0.666
2026-07-22T20:33:29.040902,1610612762,vs_opponent,1610612760,2025-11-20,2025-26,empty,0,0.68
2026-07-22T20:33:30.520625,1610612760,vs_opponent,1610612762,2025-11-20,2025-26,empty,0,0.774
2026-07-22T20:33:32.023554,1610612749,vs_opponent,1610612755,2025-11-19,2025-26,empty,0,0.789
2026-07-22T20:33:33.899137,1610612755,vs_opponent,1610612749,2025-11-19,2025-26,empty,0,1.168
2026-07-22T20:33:35.341048,1610612753,vs_opponent,1610612746,2025-11-19,2025-26,empty,0,0.722
2026-07-22T20:33:36.840249,1610612746,vs_opponent,1610612753,2025-11-19,2025-26,empty,0,0.784
2026-07-22T20:33:38.416121,1610612759,vs_opponent,1610612737,2025-11-19,2025-26,empty,0,0.869
2026-07-22T20:33:40.192950,1610612737,vs_opponent,1610612759,2025-11-19,2025-26,empty,0,0.956
2026-07-22T20:33:41.578255,1610612763,vs_opponent,1610612758,2025-11-19,2025-26,empty,0,0.679
2026-07-22T20:33:43.082911,1610612758,vs_opponent,1610612763,2025-11-19,2025-26,empty,0,0.797
2026-07-22T20:33:44.441573,1610612739,vs_opponent,1610612745,2025-11-18,2025-26,empty,0,0.65
2026-07-22T20:33:45.918018,1610612745,vs_opponent,1610612739,2025-11-18,2025-26,empty,0,0.768
2026-07-22T20:33:49.233030,1610612740,vs_opponent,1610612743,2025-11-18,2025-26,ok,18,2.457
2026-07-22T20:33:50.920888,1610612743,vs_opponent,1610612740,2025-11-18,2025-26,ok,17,0.922
2026-07-22T20:33:52.303916,1610612742,vs_opponent,1610612752,2025-11-18,2025-26,empty,0,0.677
2026-07-22T20:33:53.712894,1610612752,vs_opponent,1610612742,2025-11-18,2025-26,empty,0,0.704
2026-07-22T20:33:55.096630,1610612748,vs_opponent,1610612744,2025-11-18,2025-26,empty,0,0.677
2026-07-22T20:33:56.575361,1610612744,vs_opponent,1610612748,2025-11-18,2025-26,empty,0,0.776
2026-07-22T20:33:58.032975,1610612750,vs_opponent,1610612764,2025-11-18,2025-26,empty,0,0.753
2026-07-22T20:33:59.420021,1610612764,vs_opponent,1610612750,2025-11-18,2025-26,empty,0,0.683
2026-07-22T20:34:00.797435,1610612754,vs_opponent,1610612766,2025-11-18,2025-26,empty,0,0.668
2026-07-22T20:34:02.231403,1610612766,vs_opponent,1610612754,2025-11-18,2025-26,empty,0,0.725
2026-07-22T20:34:04.311245,1610612755,vs_opponent,1610612761,2025-11-18,2025-26,ok,17,1.344
2026-07-22T20:34:05.930632,1610612761,vs_opponent,1610612755,2025-11-18,2025-26,ok,17,0.898
2026-07-22T20:34:07.745923,1610612757,vs_opponent,1610612741,2025-11-18,2025-26,empty,0,0.87
2026-07-22T20:34:09.422255,1610612741,vs_opponent,1610612757,2025-11-18,2025-26,empty,0,0.957
2026-07-22T20:34:11.760462,1610612760,vs_opponent,1610612758,2025-11-18,2025-26,ok,18,1.026
2026-07-22T20:34:13.965942,1610612758,vs_opponent,1610612760,2025-11-18,2025-26,ok,19,0.893
2026-07-22T20:34:15.398130,1610612737,vs_opponent,1610612765,2025-11-17,2025-26,empty,0,0.723
2026-07-22T20:34:16.981183,1610612765,vs_opponent,1610612737,2025-11-17,2025-26,empty,0,0.868
2026-07-22T20:34:18.432738,1610612747,vs_opponent,1610612762,2025-11-17,2025-26,empty,0,0.741
2026-07-22T20:34:19.916701,1610612762,vs_opponent,1610612747,2025-11-17,2025-26,empty,0,0.749
2026-07-22T20:34:21.395176,1610612751,vs_opponent,1610612738,2025-11-17,2025-26,empty,0,0.77
2026-07-22T20:34:22.717894,1610612738,vs_opponent,1610612751,2025-11-17,2025-26,empty,0,0.614
2026-07-22T20:34:24.202130,1610612753,vs_opponent,1610612744,2025-11-17,2025-26,empty,0,0.775
2026-07-22T20:34:25.568368,1610612744,vs_opponent,1610612753,2025-11-17,2025-26,empty,0,0.653
2026-07-22T20:34:27.037134,1610612757,vs_opponent,1610612756,2025-11-17,2025-26,empty,0,0.728
2026-07-22T20:34:28.437747,1610612756,vs_opponent,1610612757,2025-11-17,2025-26,empty,0,0.692
2026-07-22T20:34:33.073750,1610612759,vs_opponent,1610612763,2025-11-17,2025-26,empty,0,3.924
2026-07-22T20:34:34.563158,1610612763,vs_opponent,1610612759,2025-11-17,2025-26,empty,0,0.771
2026-07-22T20:34:36.164968,1610612739,vs_opponent,1610612749,2025-11-16,2025-26,ok,16,0.87
2026-07-22T20:34:37.755263,1610612749,vs_opponent,1610612739,2025-11-16,2025-26,ok,18,0.828
2026-07-22T20:34:39.880329,1610612740,vs_opponent,1610612760,2025-11-16,2025-26,ok,18,1.27
2026-07-22T20:34:41.649351,1610612760,vs_opponent,1610612740,2025-11-16,2025-26,ok,18,0.965
2026-07-22T20:34:46.671580,1610612743,vs_opponent,1610612741,2025-11-16,2025-26,empty,0,4.312
2026-07-22T20:34:48.295150,1610612741,vs_opponent,1610612743,2025-11-16,2025-26,empty,0,0.917
2026-07-22T20:34:49.873792,1610612748,vs_opponent,1610612752,2025-11-16,2025-26,ok,17,0.835
2026-07-22T20:34:51.744109,1610612752,vs_opponent,1610612748,2025-11-16,2025-26,ok,17,1.017
2026-07-22T20:34:53.240841,1610612750,vs_opponent,1610612742,2025-11-16,2025-26,empty,0,0.782
2026-07-22T20:34:54.818550,1610612742,vs_opponent,1610612750,2025-11-16,2025-26,empty,0,0.868
2026-07-22T20:34:56.338323,1610612755,vs_opponent,1610612746,2025-11-16,2025-26,empty,0,0.812
2026-07-22T20:34:57.729790,1610612746,vs_opponent,1610612755,2025-11-16,2025-26,empty,0,0.687
2026-07-22T20:34:59.311096,1610612761,vs_opponent,1610612766,2025-11-16,2025-26,empty,0,0.845
2026-07-22T20:35:00.665241,1610612766,vs_opponent,1610612761,2025-11-16,2025-26,empty,0,0.646
2026-07-22T20:35:02.098225,1610612765,vs_opponent,1610612754,2025-11-16,2025-26,empty,0,0.708
2026-07-22T20:35:03.448028,1610612754,vs_opponent,1610612765,2025-11-16,2025-26,empty,0,0.642
2026-07-22T20:35:04.777617,1610612738,vs_opponent,1610612746,2025-11-15,2025-26,empty,0,0.619
2026-07-22T20:35:06.116494,1610612746,vs_opponent,1610612738,2025-11-15,2025-26,empty,0,0.635
2026-07-22T20:35:07.704542,1610612740,vs_opponent,1610612744,2025-11-15,2025-26,empty,0,0.841
2026-07-22T20:35:09.061095,1610612744,vs_opponent,1610612740,2025-11-15,2025-26,empty,0,0.647
2026-07-22T20:35:10.452839,1610612742,vs_opponent,1610612757,2025-11-15,2025-26,empty,0,0.68
2026-07-22T20:35:11.867193,1610612757,vs_opponent,1610612742,2025-11-15,2025-26,empty,0,0.708
2026-07-22T20:35:13.346970,1610612745,vs_opponent,1610612753,2025-11-15,2025-26,empty,0,0.665
2026-07-22T20:35:14.724474,1610612753,vs_opponent,1610612745,2025-11-15,2025-26,empty,0,0.667
2026-07-22T20:35:16.066856,1610612756,vs_opponent,1610612737,2025-11-15,2025-26,empty,0,0.628
2026-07-22T20:35:17.446191,1610612737,vs_opponent,1610612756,2025-11-15,2025-26,empty,0,0.674
2026-07-22T20:35:18.933341,1610612759,vs_opponent,1610612758,2025-11-15,2025-26,empty,0,0.776
2026-07-22T20:35:20.428422,1610612758,vs_opponent,1610612759,2025-11-15,2025-26,empty,0,0.787
2026-07-22T20:35:22.122431,1610612762,vs_opponent,1610612741,2025-11-15,2025-26,empty,0,0.74
2026-07-22T20:35:23.485026,1610612741,vs_opponent,1610612762,2025-11-15,2025-26,empty,0,0.652
2026-07-22T20:35:24.947181,1610612764,vs_opponent,1610612751,2025-11-15,2025-26,empty,0,0.708
2026-07-22T20:35:26.376553,1610612751,vs_opponent,1610612764,2025-11-15,2025-26,empty,0,0.723
2026-07-22T20:35:27.938953,1610612739,vs_opponent,1610612763,2025-11-14,2025-26,empty,0,0.855
2026-07-22T20:35:29.265940,1610612763,vs_opponent,1610612739,2025-11-14,2025-26,empty,0,0.622
2026-07-22T20:35:30.704390,1610612749,vs_opponent,1610612747,2025-11-14,2025-26,empty,0,0.732
2026-07-22T20:35:38.477112,1610612747,vs_opponent,1610612749,2025-11-14,2025-26,empty,0,7.065
2026-07-22T20:35:45.431062,1610612750,vs_opponent,1610612743,2025-11-14,2025-26,ok,17,6.217
2026-07-22T20:35:47.013191,1610612743,vs_opponent,1610612750,2025-11-14,2025-26,ok,17,0.85
2026-07-22T20:35:48.481373,1610612754,vs_opponent,1610612761,2025-11-14,2025-26,empty,0,0.759
2026-07-22T20:35:50.083848,1610612761,vs_opponent,1610612754,2025-11-14,2025-26,empty,0,0.893
2026-07-22T20:35:51.432189,1610612766,vs_opponent,1610612760,2025-11-14,2025-26,empty,0,0.64
2026-07-22T20:35:53.183076,1610612760,vs_opponent,1610612766,2025-11-14,2025-26,empty,0,1.042
2026-07-22T20:35:54.845434,1610612740,vs_opponent,1610612747,2025-11-13,2025-26,empty,0,0.954
2026-07-22T20:35:58.103270,1610612747,vs_opponent,1610612740,2025-11-13,2025-26,empty,0,2.551
2026-07-22T20:35:59.466619,1610612742,vs_opponent,1610612746,2025-11-13,2025-26,empty,0,0.657
2026-07-22T20:36:00.878017,1610612746,vs_opponent,1610612742,2025-11-13,2025-26,empty,0,0.699
2026-07-22T20:36:02.517224,1610612745,vs_opponent,1610612757,2025-11-13,2025-26,empty,0,0.931
2026-07-22T20:36:03.995660,1610612757,vs_opponent,1610612745,2025-11-13,2025-26,empty,0,0.769
2026-07-22T20:36:05.597963,1610612749,vs_opponent,1610612766,2025-11-13,2025-26,ok,18,0.858
2026-07-22T20:36:07.287551,1610612766,vs_opponent,1610612749,2025-11-13,2025-26,ok,18,0.73
2026-07-22T20:36:08.768660,1610612750,vs_opponent,1610612758,2025-11-13,2025-26,ok,17,0.748
2026-07-22T20:36:10.731912,1610612758,vs_opponent,1610612750,2025-11-13,2025-26,ok,18,0.888
2026-07-22T20:36:12.422698,1610612752,vs_opponent,1610612748,2025-11-13,2025-26,ok,17,0.912
2026-07-22T20:36:14.022883,1610612748,vs_opponent,1610612752,2025-11-13,2025-26,ok,17,0.868
2026-07-22T20:36:15.439026,1610612753,vs_opponent,1610612751,2025-11-13,2025-26,empty,0,0.707
2026-07-22T20:36:16.778487,1610612751,vs_opponent,1610612753,2025-11-13,2025-26,empty,0,0.629
2026-07-22T20:36:18.365688,1610612759,vs_opponent,1610612744,2025-11-13,2025-26,ok,18,0.854
2026-07-22T20:36:19.993941,1610612744,vs_opponent,1610612759,2025-11-13,2025-26,ok,17,0.831
2026-07-22T20:36:21.863809,1610612765,vs_opponent,1610612755,2025-11-13,2025-26,ok,18,1.144
2026-07-22T20:36:23.371417,1610612755,vs_opponent,1610612765,2025-11-13,2025-26,ok,17,0.776
2026-07-22T20:36:24.944228,1610612739,vs_opponent,1610612761,2025-11-12,2025-26,ok,16,0.841
2026-07-22T20:36:26.612314,1610612761,vs_opponent,1610612739,2025-11-12,2025-26,ok,17,0.939
2026-07-22T20:36:28.206717,1610612756,vs_opponent,1610612754,2025-11-12,2025-26,empty,0,0.887
2026-07-22T20:36:29.727876,1610612754,vs_opponent,1610612756,2025-11-12,2025-26,empty,0,0.816
2026-07-22T20:36:31.095302,1610612762,vs_opponent,1610612737,2025-11-12,2025-26,empty,0,0.66
2026-07-22T20:36:32.468362,1610612737,vs_opponent,1610612762,2025-11-12,2025-26,empty,0,0.667
2026-07-22T20:36:33.879553,1610612738,vs_opponent,1610612763,2025-11-11,2025-26,empty,0,0.703
2026-07-22T20:36:35.322788,1610612763,vs_opponent,1610612738,2025-11-11,2025-26,empty,0,0.741
2026-07-22T20:36:36.642384,1610612740,vs_opponent,1610612757,2025-11-11,2025-26,empty,0,0.614
2026-07-22T20:36:38.310701,1610612757,vs_opponent,1610612740,2025-11-11,2025-26,empty,0,0.963
2026-07-22T20:36:39.706778,1610612742,vs_opponent,1610612756,2025-11-11,2025-26,empty,0,0.688
2026-07-22T20:36:41.084179,1610612756,vs_opponent,1610612742,2025-11-11,2025-26,empty,0,0.669
2026-07-22T20:36:42.484027,1610612745,vs_opponent,1610612764,2025-11-11,2025-26,empty,0,0.69
2026-07-22T20:36:43.883533,1610612764,vs_opponent,1610612745,2025-11-11,2025-26,empty,0,0.641
2026-07-22T20:36:45.360156,1610612746,vs_opponent,1610612743,2025-11-11,2025-26,empty,0,0.757
2026-07-22T20:36:46.721777,1610612743,vs_opponent,1610612746,2025-11-11,2025-26,empty,0,0.654
2026-07-22T20:36:48.451302,1610612748,vs_opponent,1610612739,2025-11-11,2025-26,ok,17,1.004
2026-07-22T20:36:50.902378,1610612739,vs_opponent,1610612748,2025-11-11,2025-26,ok,17,1.732
2026-07-22T20:36:52.259466,1610612752,vs_opponent,1610612753,2025-11-11,2025-26,empty,0,0.645
2026-07-22T20:36:56.002890,1610612753,vs_opponent,1610612752,2025-11-11,2025-26,empty,0,3.033
2026-07-22T20:36:57.584640,1610612758,vs_opponent,1610612737,2025-11-11,2025-26,empty,0,0.84
2026-07-22T20:36:58.944618,1610612737,vs_opponent,1610612758,2025-11-11,2025-26,empty,0,0.656
2026-07-22T20:37:00.328679,1610612759,vs_opponent,1610612744,2025-11-11,2025-26,empty,0,0.675
2026-07-22T20:37:01.725838,1610612744,vs_opponent,1610612759,2025-11-11,2025-26,empty,0,0.692
2026-07-22T20:37:03.108819,1610612760,vs_opponent,1610612747,2025-11-11,2025-26,empty,0,0.673
2026-07-22T20:37:04.581801,1610612747,vs_opponent,1610612760,2025-11-11,2025-26,empty,0,0.77
2026-07-22T20:37:09.542069,1610612765,vs_opponent,1610612741,2025-11-11,2025-26,ok,17,4.218
2026-07-22T20:37:14.128868,1610612741,vs_opponent,1610612765,2025-11-11,2025-26,ok,18,3.844
2026-07-22T20:37:15.552317,1610612766,vs_opponent,1610612749,2025-11-11,2025-26,empty,0,0.713
2026-07-22T20:37:17.201034,1610612749,vs_opponent,1610612766,2025-11-11,2025-26,empty,0,0.94
2026-07-22T20:37:18.601954,1610612751,vs_opponent,1610612761,2025-11-10,2025-26,empty,0,0.686
2026-07-22T20:37:20.105054,1610612761,vs_opponent,1610612751,2025-11-10,2025-26,empty,0,0.722
2026-07-22T20:37:21.465971,1610612752,vs_opponent,1610612763,2025-11-10,2025-26,empty,0,0.652
2026-07-22T20:37:22.827295,1610612763,vs_opponent,1610612752,2025-11-10,2025-26,empty,0,0.657
2026-07-22T20:37:24.619515,1610612755,vs_opponent,1610612738,2025-11-10,2025-26,ok,17,1.046
2026-07-22T20:37:26.514395,1610612738,vs_opponent,1610612755,2025-11-10,2025-26,ok,17,1.064
2026-07-22T20:37:28.051520,1610612758,vs_opponent,1610612743,2025-11-10,2025-26,ok,18,0.816
2026-07-22T20:37:29.628038,1610612743,vs_opponent,1610612758,2025-11-10,2025-26,ok,17,0.845
2026-07-22T20:37:31.022179,1610612760,vs_opponent,1610612744,2025-11-10,2025-26,empty,0,0.688
2026-07-22T20:37:32.609248,1610612744,vs_opponent,1610612760,2025-11-10,2025-26,empty,0,0.877
2026-07-22T20:37:33.992091,1610612762,vs_opponent,1610612754,2025-11-10,2025-26,empty,0,0.674
2026-07-22T20:37:37.007833,1610612754,vs_opponent,1610612762,2025-11-10,2025-26,empty,0,2.308
2026-07-22T20:37:38.487447,1610612741,vs_opponent,1610612759,2025-11-09,2025-26,empty,0,0.77
2026-07-22T20:37:40.853999,1610612759,vs_opponent,1610612741,2025-11-09,2025-26,empty,0,1.658
2026-07-22T20:37:42.288584,1610612742,vs_opponent,1610612749,2025-11-09,2025-26,empty,0,0.715
2026-07-22T20:37:43.859935,1610612749,vs_opponent,1610612742,2025-11-09,2025-26,empty,0,0.867
2026-07-22T20:37:45.256373,1610612746,vs_opponent,1610612737,2025-11-09,2025-26,empty,0,0.69
2026-07-22T20:37:46.727831,1610612737,vs_opponent,1610612746,2025-11-09,2025-26,empty,0,0.762
2026-07-22T20:37:48.162709,1610612748,vs_opponent,1610612739,2025-11-09,2025-26,empty,0,0.72
2026-07-22T20:37:49.610888,1610612739,vs_opponent,1610612748,2025-11-09,2025-26,empty,0,0.742
2026-07-22T20:37:50.986528,1610612753,vs_opponent,1610612757,2025-11-09,2025-26,empty,0,0.67
2026-07-22T20:37:52.492996,1610612757,vs_opponent,1610612753,2025-11-09,2025-26,empty,0,0.798
2026-07-22T20:37:53.952774,1610612756,vs_opponent,1610612740,2025-11-09,2025-26,empty,0,0.747
2026-07-22T20:37:55.440793,1610612740,vs_opponent,1610612756,2025-11-09,2025-26,empty,0,0.785
2026-07-22T20:37:57.059544,1610612762,vs_opponent,1610612750,2025-11-09,2025-26,ok,18,0.834
2026-07-22T20:37:58.539209,1610612750,vs_opponent,1610612762,2025-11-09,2025-26,ok,17,0.751
2026-07-22T20:37:59.976362,1610612765,vs_opponent,1610612764,2025-11-09,2025-26,empty,0,0.728
2026-07-22T20:38:01.501131,1610612764,vs_opponent,1610612765,2025-11-09,2025-26,empty,0,0.817
2026-07-22T20:38:02.881761,1610612766,vs_opponent,1610612747,2025-11-09,2025-26,empty,0,0.673
2026-07-22T20:38:04.304270,1610612747,vs_opponent,1610612766,2025-11-09,2025-26,empty,0,0.716
2026-07-22T20:38:05.810948,1610612744,vs_opponent,1610612754,2025-11-08,2025-26,ok,17,0.775
2026-07-22T20:38:07.332523,1610612754,vs_opponent,1610612744,2025-11-08,2025-26,ok,19,0.795
2026-07-22T20:38:08.973625,1610612749,vs_opponent,1610612745,2025-11-08,2025-26,empty,0,0.932
2026-07-22T20:38:10.318725,1610612745,vs_opponent,1610612749,2025-11-08,2025-26,empty,0,0.637
2026-07-22T20:38:11.980281,1610612752,vs_opponent,1610612751,2025-11-08,2025-26,empty,0,0.952
2026-07-22T20:38:13.432205,1610612751,vs_opponent,1610612752,2025-11-08,2025-26,empty,0,0.748
2026-07-22T20:38:14.961137,1610612753,vs_opponent,1610612738,2025-11-08,2025-26,ok,17,0.792
2026-07-22T20:38:16.467945,1610612738,vs_opponent,1610612753,2025-11-08,2025-26,ok,17,0.772
2026-07-22T20:38:17.878474,1610612755,vs_opponent,1610612765,2025-11-08,2025-26,empty,0,0.703
2026-07-22T20:38:19.456675,1610612765,vs_opponent,1610612755,2025-11-08,2025-26,empty,0,0.866
2026-07-22T20:38:21.009927,1610612758,vs_opponent,1610612750,2025-11-08,2025-26,empty,0,0.679
2026-07-22T20:38:22.393592,1610612750,vs_opponent,1610612758,2025-11-08,2025-26,empty,0,0.671
2026-07-22T20:38:23.961616,1610612763,vs_opponent,1610612760,2025-11-08,2025-26,empty,0,0.862
2026-07-22T20:38:27.116042,1610612760,vs_opponent,1610612763,2025-11-08,2025-26,empty,0,2.444
2026-07-22T20:38:28.502346,1610612737,vs_opponent,1610612747,2025-11-07,2025-26,empty,0,0.675
2026-07-22T20:38:29.996558,1610612747,vs_opponent,1610612737,2025-11-07,2025-26,empty,0,0.782
2026-07-22T20:38:31.357675,1610612739,vs_opponent,1610612741,2025-11-07,2025-26,empty,0,0.653
2026-07-22T20:38:32.770710,1610612741,vs_opponent,1610612739,2025-11-07,2025-26,empty,0,0.701
2026-07-22T20:38:34.202004,1610612743,vs_opponent,1610612754,2025-11-07,2025-26,empty,0,0.722
2026-07-22T20:38:35.637068,1610612754,vs_opponent,1610612743,2025-11-07,2025-26,empty,0,0.728
2026-07-22T20:38:37.760242,1610612746,vs_opponent,1610612756,2025-11-07,2025-26,ok,17,0.92
2026-07-22T20:38:39.430867,1610612756,vs_opponent,1610612746,2025-11-07,2025-26,ok,17,0.935
2026-07-22T20:38:40.766924,1610612748,vs_opponent,1610612757,2025-11-07,2025-26,empty,0,0.624
2026-07-22T20:38:42.215271,1610612757,vs_opponent,1610612748,2025-11-07,2025-26,empty,0,0.738
2026-07-22T20:38:43.650388,1610612755,vs_opponent,1610612761,2025-11-07,2025-26,empty,0,0.727
2026-07-22T20:38:45.017853,1610612761,vs_opponent,1610612755,2025-11-07,2025-26,empty,0,0.659
2026-07-22T20:38:46.514636,1610612759,vs_opponent,1610612740,2025-11-07,2025-26,ok,18,0.758
2026-07-22T20:38:48.060354,1610612740,vs_opponent,1610612759,2025-11-07,2025-26,ok,18,0.816
2026-07-22T20:38:49.555639,1610612764,vs_opponent,1610612742,2025-11-07,2025-26,ok,18,0.776
2026-07-22T20:38:51.126019,1610612742,vs_opponent,1610612764,2025-11-07,2025-26,ok,18,0.847
2026-07-22T20:38:52.621341,1610612737,vs_opponent,1610612761,2025-11-06,2025-26,ok,17,0.758
2026-07-22T20:38:54.137686,1610612761,vs_opponent,1610612737,2025-11-06,2025-26,ok,17,0.778
2026-07-22T20:38:55.694995,1610612743,vs_opponent,1610612744,2025-11-06,2025-26,ok,17,0.826
2026-07-22T20:38:57.469595,1610612744,vs_opponent,1610612743,2025-11-06,2025-26,ok,17,1.045
2026-07-22T20:38:58.950537,1610612748,vs_opponent,1610612766,2025-11-06,2025-26,ok,17,0.749
2026-07-22T20:39:00.609387,1610612766,vs_opponent,1610612748,2025-11-06,2025-26,ok,18,0.908
2026-07-22T20:39:01.946852,1610612749,vs_opponent,1610612741,2025-11-06,2025-26,empty,0,0.627
2026-07-22T20:39:03.423587,1610612741,vs_opponent,1610612749,2025-11-06,2025-26,empty,0,0.77
2026-07-22T20:39:04.821722,1610612750,vs_opponent,1610612762,2025-11-06,2025-26,empty,0,0.69
2026-07-22T20:39:06.254148,1610612762,vs_opponent,1610612750,2025-11-06,2025-26,empty,0,0.725
2026-07-22T20:39:07.696106,1610612751,vs_opponent,1610612765,2025-11-06,2025-26,empty,0,0.733
2026-07-22T20:39:09.019765,1610612765,vs_opponent,1610612751,2025-11-06,2025-26,empty,0,0.593
2026-07-22T20:39:10.510803,1610612753,vs_opponent,1610612738,2025-11-06,2025-26,empty,0,0.785
2026-07-22T20:39:11.850712,1610612738,vs_opponent,1610612753,2025-11-06,2025-26,empty,0,0.63
2026-07-22T20:39:13.563736,1610612758,vs_opponent,1610612760,2025-11-06,2025-26,ok,18,0.876
2026-07-22T20:39:15.229785,1610612760,vs_opponent,1610612758,2025-11-06,2025-26,ok,18,0.929
2026-07-22T20:39:16.621573,1610612759,vs_opponent,1610612745,2025-11-06,2025-26,empty,0,0.685
2026-07-22T20:39:17.985299,1610612745,vs_opponent,1610612759,2025-11-06,2025-26,empty,0,0.616
2026-07-22T20:39:19.387058,1610612763,vs_opponent,1610612742,2025-11-06,2025-26,empty,0,0.684
2026-07-22T20:39:20.728698,1610612742,vs_opponent,1610612763,2025-11-06,2025-26,empty,0,0.636
2026-07-22T20:39:22.141603,1610612764,vs_opponent,1610612739,2025-11-06,2025-26,empty,0,0.644
2026-07-22T20:39:24.359614,1610612739,vs_opponent,1610612764,2025-11-06,2025-26,empty,0,1.51
2026-07-22T20:39:25.946845,1610612756,vs_opponent,1610612746,2025-11-05,2025-26,ok,17,0.868
2026-07-22T20:39:27.571797,1610612746,vs_opponent,1610612756,2025-11-05,2025-26,ok,17,0.904
2026-07-22T20:39:28.944025,1610612738,vs_opponent,1610612764,2025-11-04,2025-26,empty,0,0.667
2026-07-22T20:39:30.409969,1610612764,vs_opponent,1610612738,2025-11-04,2025-26,empty,0,0.754
2026-07-22T20:39:32.039864,1610612739,vs_opponent,1610612755,2025-11-04,2025-26,empty,0,0.92
2026-07-22T20:39:33.523849,1610612755,vs_opponent,1610612739,2025-11-04,2025-26,empty,0,0.746
2026-07-22T20:39:35.013136,1610612742,vs_opponent,1610612740,2025-11-04,2025-26,empty,0,0.779
2026-07-22T20:39:36.356043,1610612740,vs_opponent,1610612742,2025-11-04,2025-26,empty,0,0.631
2026-07-22T20:39:37.709778,1610612743,vs_opponent,1610612748,2025-11-04,2025-26,empty,0,0.646
2026-07-22T20:39:39.223491,1610612748,vs_opponent,1610612743,2025-11-04,2025-26,empty,0,0.806
2026-07-22T20:39:40.581633,1610612747,vs_opponent,1610612759,2025-11-04,2025-26,empty,0,0.648
2026-07-22T20:39:42.089543,1610612759,vs_opponent,1610612747,2025-11-04,2025-26,empty,0,0.799
2026-07-22T20:39:43.505968,1610612752,vs_opponent,1610612750,2025-11-04,2025-26,empty,0,0.708
2026-07-22T20:39:44.858552,1610612750,vs_opponent,1610612752,2025-11-04,2025-26,empty,0,0.646
2026-07-22T20:39:46.287457,1610612754,vs_opponent,1610612751,2025-11-04,2025-26,empty,0,0.72
2026-07-22T20:39:47.721135,1610612751,vs_opponent,1610612754,2025-11-04,2025-26,empty,0,0.726
2026-07-22T20:39:49.288354,1610612757,vs_opponent,1610612760,2025-11-04,2025-26,empty,0,0.86
2026-07-22T20:39:50.693895,1610612760,vs_opponent,1610612757,2025-11-04,2025-26,empty,0,0.698
2026-07-22T20:39:52.072991,1610612758,vs_opponent,1610612744,2025-11-04,2025-26,empty,0,0.671
2026-07-22T20:39:53.447830,1610612744,vs_opponent,1610612758,2025-11-04,2025-26,empty,0,0.664
2026-07-22T20:39:54.993636,1610612763,vs_opponent,1610612745,2025-11-04,2025-26,empty,0,0.837
2026-07-22T20:39:56.340311,1610612745,vs_opponent,1610612763,2025-11-04,2025-26,empty,0,0.644
2026-07-22T20:39:57.871192,1610612765,vs_opponent,1610612762,2025-11-04,2025-26,empty,0,0.691
2026-07-22T20:39:59.294749,1610612762,vs_opponent,1610612765,2025-11-04,2025-26,empty,0,0.716
2026-07-22T20:40:00.891631,1610612737,vs_opponent,1610612753,2025-11-03,2025-26,ok,17,0.838
2026-07-22T20:40:02.815234,1610612753,vs_opponent,1610612737,2025-11-03,2025-26,ok,17,0.879
2026-07-22T20:40:04.478662,1610612740,vs_opponent,1610612766,2025-11-03,2025-26,empty,0,0.853
2026-07-22T20:40:05.962936,1610612766,vs_opponent,1610612740,2025-11-03,2025-26,empty,0,0.776
2026-07-22T20:40:07.381222,1610612741,vs_opponent,1610612755,2025-11-03,2025-26,empty,0,0.709
2026-07-22T20:40:08.922118,1610612755,vs_opponent,1610612741,2025-11-03,2025-26,empty,0,0.832
2026-07-22T20:40:10.355514,1610612744,vs_opponent,1610612756,2025-11-03,2025-26,empty,0,0.724
2026-07-22T20:40:11.995602,1610612756,vs_opponent,1610612744,2025-11-03,2025-26,empty,0,0.929
2026-07-22T20:40:13.751259,1610612746,vs_opponent,1610612760,2025-11-03,2025-26,empty,0,1.047
2026-07-22T20:40:15.164973,1610612760,vs_opponent,1610612746,2025-11-03,2025-26,empty,0,0.707
2026-07-22T20:40:16.763603,1610612761,vs_opponent,1610612749,2025-11-03,2025-26,ok,17,0.846
2026-07-22T20:40:18.622660,1610612749,vs_opponent,1610612761,2025-11-03,2025-26,ok,18,0.918
2026-07-22T20:40:20.036643,1610612738,vs_opponent,1610612762,2025-11-02,2025-26,empty,0,0.707
2026-07-22T20:40:21.525966,1610612762,vs_opponent,1610612738,2025-11-02,2025-26,empty,0,0.784
2026-07-22T20:40:22.947856,1610612743,vs_opponent,1610612758,2025-11-02,2025-26,empty,0,0.713
2026-07-22T20:40:24.412383,1610612758,vs_opponent,1610612743,2025-11-02,2025-26,empty,0,0.758
2026-07-22T20:40:25.921968,1610612745,vs_opponent,1610612742,2025-11-02,2025-26,empty,0,0.8
2026-07-22T20:40:27.251598,1610612742,vs_opponent,1610612745,2025-11-02,2025-26,empty,0,0.623
2026-07-22T20:40:28.803024,1610612746,vs_opponent,1610612748,2025-11-02,2025-26,empty,0,0.845
2026-07-22T20:40:30.220715,1610612748,vs_opponent,1610612746,2025-11-02,2025-26,empty,0,0.709
2026-07-22T20:40:31.579344,1610612751,vs_opponent,1610612750,2025-11-02,2025-26,empty,0,0.649
2026-07-22T20:40:33.082426,1610612750,vs_opponent,1610612751,2025-11-02,2025-26,empty,0,0.796
2026-07-22T20:40:34.511626,1610612752,vs_opponent,1610612764,2025-11-02,2025-26,empty,0,0.719
2026-07-22T20:40:35.954073,1610612764,vs_opponent,1610612752,2025-11-02,2025-26,empty,0,0.736
2026-07-22T20:40:37.657033,1610612754,vs_opponent,1610612749,2025-11-02,2025-26,empty,0,0.993
2026-07-22T20:40:39.028468,1610612749,vs_opponent,1610612754,2025-11-02,2025-26,empty,0,0.663
2026-07-22T20:40:40.558460,1610612757,vs_opponent,1610612747,2025-11-02,2025-26,ok,18,0.722
2026-07-22T20:40:42.138202,1610612747,vs_opponent,1610612757,2025-11-02,2025-26,ok,17,0.847
2026-07-22T20:40:43.453110,1610612763,vs_opponent,1610612765,2025-11-02,2025-26,empty,0,0.607
2026-07-22T20:40:44.864268,1610612765,vs_opponent,1610612763,2025-11-02,2025-26,empty,0,0.705
2026-07-22T20:40:46.297021,1610612739,vs_opponent,1610612737,2025-11-01,2025-26,empty,0,0.727
2026-07-22T20:40:47.696501,1610612737,vs_opponent,1610612739,2025-11-01,2025-26,empty,0,0.691
2026-07-22T20:40:49.092588,1610612747,vs_opponent,1610612748,2025-11-01,2025-26,empty,0,0.687
2026-07-22T20:40:50.576489,1610612748,vs_opponent,1610612747,2025-11-01,2025-26,empty,0,0.769
2026-07-22T20:40:52.133163,1610612751,vs_opponent,1610612755,2025-11-01,2025-26,empty,0,0.848
2026-07-22T20:40:53.669620,1610612755,vs_opponent,1610612751,2025-11-01,2025-26,empty,0,0.831
2026-07-22T20:40:55.215163,1610612752,vs_opponent,1610612741,2025-11-01,2025-26,ok,17,0.811
2026-07-22T20:40:57.183386,1610612741,vs_opponent,1610612752,2025-11-01,2025-26,ok,18,1.242
2026-07-22T20:40:58.996073,1610612756,vs_opponent,1610612759,2025-11-01,2025-26,empty,0,1.103
2026-07-22T20:41:00.531548,1610612759,vs_opponent,1610612756,2025-11-01,2025-26,empty,0,0.83
2026-07-22T20:41:02.005460,1610612760,vs_opponent,1610612740,2025-11-01,2025-26,empty,0,0.721
2026-07-22T20:41:03.423449,1610612740,vs_opponent,1610612760,2025-11-01,2025-26,empty,0,0.712
2026-07-22T20:41:04.856195,1610612761,vs_opponent,1610612763,2025-11-01,2025-26,empty,0,0.725
2026-07-22T20:41:06.312377,1610612763,vs_opponent,1610612761,2025-11-01,2025-26,empty,0,0.585
2026-07-22T20:41:07.741624,1610612766,vs_opponent,1610612762,2025-11-01,2025-26,empty,0,0.719
2026-07-22T20:41:09.147424,1610612762,vs_opponent,1610612766,2025-11-01,2025-26,empty,0,0.695
2026-07-22T20:41:10.680961,1610612738,vs_opponent,1610612745,2025-10-31,2025-26,empty,0,0.828
2026-07-22T20:41:12.064758,1610612745,vs_opponent,1610612738,2025-10-31,2025-26,empty,0,0.681
2026-07-22T20:41:13.653167,1610612749,vs_opponent,1610612758,2025-10-31,2025-26,empty,0,0.871
2026-07-22T20:41:15.073302,1610612758,vs_opponent,1610612749,2025-10-31,2025-26,empty,0,0.712
2026-07-22T20:41:16.435008,1610612754,vs_opponent,1610612744,2025-10-31,2025-26,empty,0,0.649
2026-07-22T20:41:17.770428,1610612744,vs_opponent,1610612754,2025-10-31,2025-26,empty,0,0.627
2026-07-22T20:41:19.117621,1610612764,vs_opponent,1610612753,2025-10-31,2025-26,empty,0,0.627
2026-07-22T20:41:20.634974,1610612753,vs_opponent,1610612764,2025-10-31,2025-26,empty,0,0.81
2026-07-22T20:41:22.283982,1610612766,vs_opponent,1610612750,2025-10-31,2025-26,empty,0,0.91
2026-07-22T20:41:23.699990,1610612750,vs_opponent,1610612766,2025-10-31,2025-26,empty,0,0.709
2026-07-22T20:41:25.075776,1610612739,vs_opponent,1610612761,2025-10-30,2025-26,empty,0,0.666
2026-07-22T20:41:26.458707,1610612761,vs_opponent,1610612739,2025-10-30,2025-26,empty,0,0.676
2026-07-22T20:41:27.875213,1610612741,vs_opponent,1610612752,2025-10-30,2025-26,empty,0,0.699
2026-07-22T20:41:30.678639,1610612752,vs_opponent,1610612741,2025-10-30,2025-26,empty,0,2.097
2026-07-22T20:41:32.196709,1610612746,vs_opponent,1610612740,2025-10-30,2025-26,empty,0,0.813
2026-07-22T20:41:34.981283,1610612740,vs_opponent,1610612746,2025-10-30,2025-26,empty,0,2.078
2026-07-22T20:41:36.469908,1610612754,vs_opponent,1610612737,2025-10-30,2025-26,empty,0,0.785
2026-07-22T20:41:37.947687,1610612737,vs_opponent,1610612754,2025-10-30,2025-26,empty,0,0.773
2026-07-22T20:41:39.647002,1610612755,vs_opponent,1610612738,2025-10-30,2025-26,ok,17,0.904
2026-07-22T20:41:41.353484,1610612738,vs_opponent,1610612755,2025-10-30,2025-26,ok,17,0.982
2026-07-22T20:41:42.896683,1610612756,vs_opponent,1610612762,2025-10-30,2025-26,ok,17,0.819
2026-07-22T20:41:44.414109,1610612762,vs_opponent,1610612756,2025-10-30,2025-26,ok,18,0.784
2026-07-22T20:41:45.845773,1610612757,vs_opponent,1610612743,2025-10-30,2025-26,empty,0,0.728
2026-07-22T20:41:47.189916,1610612743,vs_opponent,1610612757,2025-10-30,2025-26,empty,0,0.64
2026-07-22T20:41:48.554320,1610612763,vs_opponent,1610612747,2025-10-30,2025-26,empty,0,0.656
2026-07-22T20:41:50.032300,1610612747,vs_opponent,1610612763,2025-10-30,2025-26,empty,0,0.771
2026-07-22T20:41:51.402145,1610612749,vs_opponent,1610612744,2025-10-29,2025-26,empty,0,0.661
2026-07-22T20:41:52.896604,1610612744,vs_opponent,1610612749,2025-10-29,2025-26,empty,0,0.785
2026-07-22T20:41:54.394728,1610612759,vs_opponent,1610612748,2025-10-29,2025-26,empty,0,0.79
2026-07-22T20:41:55.772920,1610612748,vs_opponent,1610612759,2025-10-29,2025-26,empty,0,0.67
2026-07-22T20:41:57.303824,1610612760,vs_opponent,1610612764,2025-10-29,2025-26,empty,0,0.764
2026-07-22T20:41:58.734561,1610612764,vs_opponent,1610612760,2025-10-29,2025-26,empty,0,0.726
2026-07-22T20:42:00.118829,1610612766,vs_opponent,1610612753,2025-10-29,2025-26,empty,0,0.676
2026-07-22T20:42:01.466303,1610612753,vs_opponent,1610612766,2025-10-29,2025-26,empty,0,0.638
2026-07-22T20:42:02.932497,1610612738,vs_opponent,1610612739,2025-10-28,2025-26,empty,0,0.762
2026-07-22T20:42:04.366654,1610612739,vs_opponent,1610612738,2025-10-28,2025-26,empty,0,0.726
2026-07-22T20:42:05.799033,1610612741,vs_opponent,1610612758,2025-10-28,2025-26,empty,0,0.725
2026-07-22T20:42:07.260247,1610612758,vs_opponent,1610612741,2025-10-28,2025-26,empty,0,0.731
2026-07-22T20:42:08.771159,1610612742,vs_opponent,1610612754,2025-10-28,2025-26,empty,0,0.8
2026-07-22T20:42:10.207454,1610612754,vs_opponent,1610612742,2025-10-28,2025-26,empty,0,0.729
2026-07-22T20:42:11.548562,1610612743,vs_opponent,1610612740,2025-10-28,2025-26,empty,0,0.633
2026-07-22T20:42:12.966265,1610612740,vs_opponent,1610612743,2025-10-28,2025-26,empty,0,0.711
2026-07-22T20:42:14.563625,1610612750,vs_opponent,1610612747,2025-10-28,2025-26,ok,17,0.862
2026-07-22T20:42:16.294358,1610612747,vs_opponent,1610612750,2025-10-28,2025-26,ok,17,1.005
2026-07-22T20:42:17.824136,1610612751,vs_opponent,1610612737,2025-10-28,2025-26,empty,0,0.822
2026-07-22T20:42:19.356848,1610612737,vs_opponent,1610612751,2025-10-28,2025-26,empty,0,0.676
2026-07-22T20:42:20.736745,1610612756,vs_opponent,1610612763,2025-10-28,2025-26,empty,0,0.648
2026-07-22T20:42:22.267839,1610612763,vs_opponent,1610612756,2025-10-28,2025-26,empty,0,0.76
2026-07-22T20:42:23.721279,1610612761,vs_opponent,1610612745,2025-10-28,2025-26,empty,0,0.746
2026-07-22T20:42:25.278400,1610612745,vs_opponent,1610612761,2025-10-28,2025-26,empty,0,0.849
2026-07-22T20:42:26.690161,1610612762,vs_opponent,1610612757,2025-10-28,2025-26,empty,0,0.707
2026-07-22T20:42:28.225759,1610612757,vs_opponent,1610612762,2025-10-28,2025-26,empty,0,0.829
2026-07-22T20:42:29.761227,1610612765,vs_opponent,1610612753,2025-10-28,2025-26,empty,0,0.826
2026-07-22T20:42:31.172247,1610612753,vs_opponent,1610612765,2025-10-28,2025-26,empty,0,0.662
2026-07-22T20:42:32.612924,1610612744,vs_opponent,1610612746,2025-10-27,2025-26,empty,0,0.731
2026-07-22T20:42:34.096574,1610612746,vs_opponent,1610612744,2025-10-27,2025-26,empty,0,0.777
2026-07-22T20:42:35.483783,1610612748,vs_opponent,1610612766,2025-10-27,2025-26,empty,0,0.678
2026-07-22T20:42:36.861816,1610612766,vs_opponent,1610612748,2025-10-27,2025-26,empty,0,0.668
2026-07-22T20:42:38.233575,1610612749,vs_opponent,1610612752,2025-10-27,2025-26,empty,0,0.668
2026-07-22T20:42:39.660982,1610612752,vs_opponent,1610612749,2025-10-27,2025-26,empty,0,0.718
2026-07-22T20:42:41.033567,1610612760,vs_opponent,1610612758,2025-10-27,2025-26,empty,0,0.663
2026-07-22T20:42:42.620785,1610612758,vs_opponent,1610612760,2025-10-27,2025-26,empty,0,0.881
2026-07-22T20:42:44.095665,1610612764,vs_opponent,1610612755,2025-10-27,2025-26,empty,0,0.768
2026-07-22T20:42:45.398383,1610612755,vs_opponent,1610612764,2025-10-27,2025-26,empty,0,0.598
2026-07-22T20:42:46.963576,1610612740,vs_opponent,1610612738,2025-10-26,2025-26,empty,0,0.856
2026-07-22T20:42:48.790188,1610612738,vs_opponent,1610612740,2025-10-26,2025-26,empty,0,1.121
2026-07-22T20:42:50.240884,1610612741,vs_opponent,1610612737,2025-10-26,2025-26,empty,0,0.742
2026-07-22T20:42:51.583016,1610612737,vs_opponent,1610612741,2025-10-26,2025-26,empty,0,0.636
2026-07-22T20:42:52.930938,1610612742,vs_opponent,1610612760,2025-10-26,2025-26,empty,0,0.637
2026-07-22T20:42:54.415404,1610612760,vs_opponent,1610612742,2025-10-26,2025-26,empty,0,0.78
2026-07-22T20:42:55.856984,1610612744,vs_opponent,1610612763,2025-10-26,2025-26,empty,0,0.722
2026-07-22T20:42:57.367139,1610612763,vs_opponent,1610612744,2025-10-26,2025-26,empty,0,0.799
2026-07-22T20:42:58.736270,1610612745,vs_opponent,1610612751,2025-10-26,2025-26,empty,0,0.659
2026-07-22T20:43:00.115966,1610612751,vs_opponent,1610612745,2025-10-26,2025-26,empty,0,0.673
2026-07-22T20:43:01.504411,1610612747,vs_opponent,1610612757,2025-10-26,2025-26,empty,0,0.682
2026-07-22T20:43:02.935355,1610612757,vs_opponent,1610612747,2025-10-26,2025-26,empty,0,0.724
2026-07-22T20:43:04.419284,1610612750,vs_opponent,1610612743,2025-10-26,2025-26,empty,0,0.776
2026-07-22T20:43:05.825420,1610612743,vs_opponent,1610612750,2025-10-26,2025-26,empty,0,0.698
2026-07-22T20:43:07.296549,1610612755,vs_opponent,1610612753,2025-10-26,2025-26,empty,0,0.762
2026-07-22T20:43:08.875216,1610612753,vs_opponent,1610612755,2025-10-26,2025-26,empty,0,0.875
2026-07-22T20:43:10.474470,1610612759,vs_opponent,1610612761,2025-10-26,2025-26,empty,0,0.892
2026-07-22T20:43:11.970071,1610612761,vs_opponent,1610612759,2025-10-26,2025-26,empty,0,0.786
2026-07-22T20:43:13.634478,1610612762,vs_opponent,1610612756,2025-10-26,2025-26,empty,0,0.957
2026-07-22T20:43:15.038270,1610612756,vs_opponent,1610612762,2025-10-26,2025-26,empty,0,0.697
2026-07-22T20:43:16.454218,1610612765,vs_opponent,1610612739,2025-10-26,2025-26,empty,0,0.71
2026-07-22T20:43:17.989080,1610612739,vs_opponent,1610612765,2025-10-26,2025-26,empty,0,0.829
2026-07-22T20:43:19.447215,1610612739,vs_opponent,1610612749,2025-10-25,2025-26,empty,0,0.752
2026-07-22T20:43:20.901985,1610612749,vs_opponent,1610612739,2025-10-25,2025-26,empty,0,0.751
2026-07-22T20:43:22.336123,1610612742,vs_opponent,1610612761,2025-10-25,2025-26,empty,0,0.727
2026-07-22T20:43:23.721749,1610612761,vs_opponent,1610612742,2025-10-25,2025-26,empty,0,0.68
2026-07-22T20:43:25.177985,1610612746,vs_opponent,1610612757,2025-10-25,2025-26,empty,0,0.749
2026-07-22T20:43:26.702241,1610612757,vs_opponent,1610612746,2025-10-25,2025-26,empty,0,0.77
2026-07-22T20:43:28.228193,1610612748,vs_opponent,1610612752,2025-10-25,2025-26,empty,0,0.819
2026-07-22T20:43:29.712907,1610612752,vs_opponent,1610612748,2025-10-25,2025-26,empty,0,0.779
2026-07-22T20:43:31.160455,1610612750,vs_opponent,1610612754,2025-10-25,2025-26,empty,0,0.733
2026-07-22T20:43:32.481131,1610612754,vs_opponent,1610612750,2025-10-25,2025-26,empty,0,0.617
2026-07-22T20:43:34.240403,1610612758,vs_opponent,1610612747,2025-10-25,2025-26,empty,0,0.925
2026-07-22T20:43:35.759709,1610612747,vs_opponent,1610612758,2025-10-25,2025-26,empty,0,0.812
2026-07-22T20:43:37.119191,1610612759,vs_opponent,1610612751,2025-10-25,2025-26,empty,0,0.653
2026-07-22T20:43:38.570666,1610612751,vs_opponent,1610612759,2025-10-25,2025-26,empty,0,0.746
2026-07-22T20:43:40.085322,1610612764,vs_opponent,1610612766,2025-10-25,2025-26,empty,0,0.802
2026-07-22T20:43:41.579186,1610612766,vs_opponent,1610612764,2025-10-25,2025-26,empty,0,0.705
2026-07-22T20:43:43.092043,1610612765,vs_opponent,1610612738,2025-10-25,2025-26,empty,0,0.806
2026-07-22T20:43:44.451565,1610612738,vs_opponent,1610612765,2025-10-25,2025-26,empty,0,0.652
2026-07-22T20:43:46.045101,1610612737,vs_opponent,1610612760,2025-10-24,2025-26,empty,0,0.879
2026-07-22T20:43:47.543657,1610612760,vs_opponent,1610612737,2025-10-24,2025-26,empty,0,0.791
2026-07-22T20:43:49.012721,1610612743,vs_opponent,1610612756,2025-10-24,2025-26,empty,0,0.759
2026-07-22T20:43:50.448111,1610612756,vs_opponent,1610612743,2025-10-24,2025-26,empty,0,0.731
2026-07-22T20:43:51.897443,1610612753,vs_opponent,1610612741,2025-10-24,2025-26,empty,0,0.739
2026-07-22T20:43:53.505614,1610612741,vs_opponent,1610612753,2025-10-24,2025-26,empty,0,0.857
2026-07-22T20:43:55.128068,1610612763,vs_opponent,1610612754,2025-10-24,2025-26,empty,0,0.913
2026-07-22T20:43:56.647752,1610612754,vs_opponent,1610612763,2025-10-24,2025-26,empty,0,0.81
2026-07-22T20:43:58.022316,1610612755,vs_opponent,1610612766,2025-10-24,2025-26,empty,0,0.665
2026-07-22T20:43:59.491170,1610612766,vs_opponent,1610612755,2025-10-24,2025-26,empty,0,0.763
2026-07-22T20:44:01.038925,1610612740,vs_opponent,1610612759,2025-10-23,2025-26,empty,0,0.839
2026-07-22T20:44:02.652296,1610612759,vs_opponent,1610612740,2025-10-23,2025-26,empty,0,0.894
2026-07-22T20:44:04.079362,1610612742,vs_opponent,1610612764,2025-10-23,2025-26,empty,0,0.723
2026-07-22T20:44:05.705102,1610612764,vs_opponent,1610612742,2025-10-23,2025-26,empty,0,0.919
2026-07-22T20:44:07.137219,1610612745,vs_opponent,1610612765,2025-10-23,2025-26,empty,0,0.7
2026-07-22T20:44:08.532700,1610612765,vs_opponent,1610612745,2025-10-23,2025-26,empty,0,0.685
2026-07-22T20:44:09.965359,1610612746,vs_opponent,1610612756,2025-10-23,2025-26,empty,0,0.682
2026-07-22T20:44:11.475814,1610612756,vs_opponent,1610612746,2025-10-23,2025-26,empty,0,0.804
2026-07-22T20:44:12.872748,1610612747,vs_opponent,1610612750,2025-10-23,2025-26,empty,0,0.688
2026-07-22T20:44:14.310887,1610612750,vs_opponent,1610612747,2025-10-23,2025-26,empty,0,0.733
2026-07-22T20:44:15.812694,1610612751,vs_opponent,1610612739,2025-10-23,2025-26,empty,0,0.796
2026-07-22T20:44:17.175309,1610612739,vs_opponent,1610612751,2025-10-23,2025-26,empty,0,0.655
2026-07-22T20:44:18.607043,1610612752,vs_opponent,1610612738,2025-10-23,2025-26,empty,0,0.723
2026-07-22T20:44:20.030048,1610612738,vs_opponent,1610612752,2025-10-23,2025-26,empty,0,0.716
2026-07-22T20:44:21.486166,1610612753,vs_opponent,1610612737,2025-10-23,2025-26,empty,0,0.741
2026-07-22T20:44:22.915176,1610612737,vs_opponent,1610612753,2025-10-23,2025-26,empty,0,0.723
2026-07-22T20:44:24.340231,1610612757,vs_opponent,1610612744,2025-10-23,2025-26,empty,0,0.715
2026-07-22T20:44:25.755942,1610612744,vs_opponent,1610612757,2025-10-23,2025-26,empty,0,0.707
2026-07-22T20:44:27.090262,1610612758,vs_opponent,1610612762,2025-10-23,2025-26,empty,0,0.625
2026-07-22T20:44:28.388347,1610612762,vs_opponent,1610612758,2025-10-23,2025-26,empty,0,0.592
2026-07-22T20:44:29.787725,1610612761,vs_opponent,1610612749,2025-10-23,2025-26,empty,0,0.691
2026-07-22T20:44:31.405733,1610612749,vs_opponent,1610612761,2025-10-23,2025-26,empty,0,0.821
2026-07-22T20:44:33.042838,1610612763,vs_opponent,1610612748,2025-10-23,2025-26,empty,0,0.932
2026-07-22T20:44:34.682912,1610612748,vs_opponent,1610612763,2025-10-23,2025-26,empty,0,0.91
2026-07-22T20:44:36.094277,1610612744,vs_opponent,1610612743,2025-10-22,2025-26,empty,0,0.702
2026-07-22T20:44:37.474779,1610612743,vs_opponent,1610612744,2025-10-22,2025-26,empty,0,0.668
2026-07-22T20:44:39.084172,1610612754,vs_opponent,1610612760,2025-10-22,2025-26,empty,0,0.903
2026-07-22T20:44:40.573707,1610612760,vs_opponent,1610612754,2025-10-22,2025-26,empty,0,0.781
2026-07-22T20:44:41.916049,1610612737,vs_opponent,1610612761,2025-10-21,2025-26,empty,0,0.633
2026-07-22T20:44:43.304439,1610612761,vs_opponent,1610612737,2025-10-21,2025-26,empty,0,0.68
2026-07-22T20:44:44.727144,1610612738,vs_opponent,1610612755,2025-10-21,2025-26,empty,0,0.642
2026-07-22T20:44:46.146951,1610612755,vs_opponent,1610612738,2025-10-21,2025-26,empty,0,0.715
2026-07-22T20:44:47.503138,1610612741,vs_opponent,1610612765,2025-10-21,2025-26,empty,0,0.651
2026-07-22T20:44:48.939722,1610612765,vs_opponent,1610612741,2025-10-21,2025-26,empty,0,0.729
2026-07-22T20:44:50.346364,1610612742,vs_opponent,1610612759,2025-10-21,2025-26,empty,0,0.698
2026-07-22T20:44:51.783540,1610612759,vs_opponent,1610612742,2025-10-21,2025-26,empty,0,0.732
2026-07-22T20:44:53.137961,1610612749,vs_opponent,1610612764,2025-10-21,2025-26,empty,0,0.647
2026-07-22T20:44:54.543816,1610612764,vs_opponent,1610612749,2025-10-21,2025-26,empty,0,0.701
2026-07-22T20:44:55.979767,1610612752,vs_opponent,1610612739,2025-10-21,2025-26,empty,0,0.697
2026-07-22T20:44:57.362872,1610612739,vs_opponent,1610612752,2025-10-21,2025-26,empty,0,0.675
2026-07-22T20:44:58.715723,1610612753,vs_opponent,1610612748,2025-10-21,2025-26,empty,0,0.644
2026-07-22T20:45:00.177240,1610612748,vs_opponent,1610612753,2025-10-21,2025-26,empty,0,0.756
2026-07-22T20:45:01.812434,1610612756,vs_opponent,1610612758,2025-10-21,2025-26,empty,0,0.927
2026-07-22T20:45:03.234666,1610612758,vs_opponent,1610612756,2025-10-21,2025-26,empty,0,0.716
2026-07-22T20:45:04.580273,1610612757,vs_opponent,1610612750,2025-10-21,2025-26,empty,0,0.636
2026-07-22T20:45:06.043380,1610612750,vs_opponent,1610612757,2025-10-21,2025-26,empty,0,0.759
2026-07-22T20:45:07.477344,1610612762,vs_opponent,1610612746,2025-10-21,2025-26,empty,0,0.726
2026-07-22T20:45:08.989895,1610612746,vs_opponent,1610612762,2025-10-21,2025-26,empty,0,0.807
2026-07-22T20:45:10.574433,1610612763,vs_opponent,1610612740,2025-10-21,2025-26,empty,0,0.808
2026-07-22T20:45:11.948040,1610612740,vs_opponent,1610612763,2025-10-21,2025-26,empty,0,0.666
2026-07-22T20:45:13.386912,1610612766,vs_opponent,1610612751,2025-10-21,2025-26,empty,0,0.731
2026-07-22T20:45:15.022840,1610612751,vs_opponent,1610612766,2025-10-21,2025-26,empty,0,0.928
2026-07-22T20:45:16.667205,1610612747,vs_opponent,1610612744,2025-10-20,2025-26,empty,0,0.935
2026-07-22T20:45:18.404775,1610612744,vs_opponent,1610612747,2025-10-20,2025-26,empty,0,1.032
2026-07-22T20:45:19.929630,1610612760,vs_opponent,1610612745,2025-10-20,2025-26,empty,0,0.82
2026-07-22T20:45:21.389850,1610612745,vs_opponent,1610612760,2025-10-20,2025-26,empty,0,0.753
2026-07-22T20:45:24.145361,1610612737,vs_opponent,1610612753,2025-04-12,2024-25,ok,18,2.021
2026-07-22T20:45:27.617317,1610612753,vs_opponent,1610612737,2025-04-12,2024-25,ok,18,2.557
2026-07-22T20:45:30.012591,1610612739,vs_opponent,1610612754,2025-04-12,2024-25,ok,21,1.655
2026-07-22T20:45:32.665343,1610612754,vs_opponent,1610612739,2025-04-12,2024-25,ok,19,1.928
2026-07-22T20:45:35.900894,1610612744,vs_opponent,1610612746,2025-04-12,2024-25,ok,18,2.5
2026-07-22T20:45:38.694651,1610612746,vs_opponent,1610612744,2025-04-12,2024-25,ok,18,2.048
2026-07-22T20:45:42.732795,1610612745,vs_opponent,1610612743,2025-04-12,2024-25,ok,18,3.308
2026-07-22T20:45:45.555284,1610612743,vs_opponent,1610612745,2025-04-12,2024-25,ok,18,1.987
2026-07-22T20:45:48.649322,1610612748,vs_opponent,1610612764,2025-04-12,2024-25,ok,21,2.365
2026-07-22T20:45:51.964366,1610612764,vs_opponent,1610612748,2025-04-12,2024-25,ok,24,2.589
2026-07-22T20:45:54.478105,1610612749,vs_opponent,1610612765,2025-04-12,2024-25,ok,23,1.786
2026-07-22T20:45:56.988076,1610612765,vs_opponent,1610612749,2025-04-12,2024-25,ok,21,1.771
2026-07-22T20:45:59.801944,1610612750,vs_opponent,1610612762,2025-04-12,2024-25,ok,18,2.083
2026-07-22T20:46:02.664916,1610612762,vs_opponent,1610612750,2025-04-12,2024-25,ok,20,2.063
2026-07-22T20:46:05.897658,1610612751,vs_opponent,1610612752,2025-04-12,2024-25,ok,23,2.497
2026-07-22T20:46:08.749076,1610612752,vs_opponent,1610612751,2025-04-12,2024-25,ok,18,2.126
2026-07-22T20:46:11.696214,1610612755,vs_opponent,1610612741,2025-04-12,2024-25,ok,22,1.947
2026-07-22T20:46:14.764338,1610612741,vs_opponent,1610612755,2025-04-12,2024-25,ok,23,2.31
2026-07-22T20:46:17.885605,1610612757,vs_opponent,1610612747,2025-04-12,2024-25,ok,19,2.322
2026-07-22T20:46:22.945791,1610612747,vs_opponent,1610612757,2025-04-12,2024-25,ok,26,4.326
2026-07-22T20:46:25.729697,1610612758,vs_opponent,1610612756,2025-04-12,2024-25,ok,22,2.052
2026-07-22T20:46:29.202197,1610612756,vs_opponent,1610612758,2025-04-12,2024-25,ok,20,2.736
2026-07-22T20:46:31.653612,1610612740,vs_opponent,1610612760,2025-04-12,2024-25,ok,21,1.725
2026-07-22T20:46:34.208624,1610612760,vs_opponent,1610612740,2025-04-12,2024-25,ok,19,1.748
2026-07-22T20:46:37.045171,1610612759,vs_opponent,1610612761,2025-04-12,2024-25,ok,18,2.114
2026-07-22T20:46:40.378922,1610612761,vs_opponent,1610612759,2025-04-12,2024-25,ok,18,2.209
2026-07-22T20:46:43.112951,1610612763,vs_opponent,1610612742,2025-04-12,2024-25,ok,21,1.996
2026-07-22T20:46:45.977306,1610612742,vs_opponent,1610612763,2025-04-12,2024-25,ok,22,2.038
2026-07-22T20:46:48.743309,1610612738,vs_opponent,1610612766,2025-04-12,2024-25,ok,19,2.039
2026-07-22T20:46:51.422438,1610612766,vs_opponent,1610612738,2025-04-12,2024-25,ok,23,1.938
2026-07-22T20:46:53.744467,1610612740,vs_opponent,1610612748,2025-04-10,2024-25,ok,17,1.596
2026-07-22T20:46:56.208403,1610612748,vs_opponent,1610612740,2025-04-10,2024-25,ok,17,1.686
2026-07-22T20:46:58.656540,1610612741,vs_opponent,1610612764,2025-04-10,2024-25,ok,19,1.701
2026-07-22T20:47:01.156623,1610612764,vs_opponent,1610612741,2025-04-10,2024-25,ok,18,1.784
2026-07-22T20:47:03.542091,1610612742,vs_opponent,1610612761,2025-04-10,2024-25,ok,18,1.664
2026-07-22T20:47:06.091132,1610612761,vs_opponent,1610612742,2025-04-10,2024-25,ok,18,1.794
2026-07-22T20:47:08.537509,1610612743,vs_opponent,1610612763,2025-04-10,2024-25,ok,18,1.708
2026-07-22T20:47:10.748800,1610612763,vs_opponent,1610612743,2025-04-10,2024-25,ok,18,1.494
2026-07-22T20:47:13.310798,1610612754,vs_opponent,1610612753,2025-04-10,2024-25,ok,17,1.843
2026-07-22T20:47:16.485093,1610612753,vs_opponent,1610612754,2025-04-10,2024-25,ok,17,2.458
2026-07-22T20:47:19.354341,1610612757,vs_opponent,1610612744,2025-04-10,2024-25,ok,19,2.15
2026-07-22T20:47:21.704213,1610612744,vs_opponent,1610612757,2025-04-10,2024-25,ok,22,1.628
2026-07-22T20:47:23.822485,1610612758,vs_opponent,1610612746,2025-04-10,2024-25,ok,23,1.404
2026-07-22T20:47:26.190334,1610612746,vs_opponent,1610612758,2025-04-10,2024-25,ok,24,1.504
2026-07-22T20:47:28.328174,1610612738,vs_opponent,1610612766,2025-04-10,2024-25,ok,17,1.411
2026-07-22T20:47:30.528143,1610612766,vs_opponent,1610612738,2025-04-10,2024-25,ok,18,1.481
2026-07-22T20:47:33.072511,1610612747,vs_opponent,1610612745,2025-04-10,2024-25,ok,24,1.828
2026-07-22T20:47:35.411489,1610612745,vs_opponent,1610612747,2025-04-10,2024-25,ok,18,1.622
2026-07-22T20:47:37.793462,1610612752,vs_opponent,1610612739,2025-04-10,2024-25,ok,21,1.651
2026-07-22T20:47:40.108520,1610612739,vs_opponent,1610612752,2025-04-10,2024-25,ok,20,1.599
2026-07-22T20:47:42.476565,1610612755,vs_opponent,1610612737,2025-04-10,2024-25,ok,20,1.644
2026-07-22T20:47:44.968525,1610612737,vs_opponent,1610612755,2025-04-10,2024-25,ok,18,1.761
2026-07-22T20:47:47.991401,1610612756,vs_opponent,1610612759,2025-04-10,2024-25,ok,20,2.304
2026-07-22T20:47:50.122082,1610612759,vs_opponent,1610612756,2025-04-10,2024-25,ok,21,1.412
2026-07-22T20:47:52.768318,1610612765,vs_opponent,1610612749,2025-04-10,2024-25,ok,17,1.925
2026-07-22T20:48:02.264843,1610612749,vs_opponent,1610612765,2025-04-10,2024-25,ok,18,8.777
2026-07-22T20:48:04.818468,1610612750,vs_opponent,1610612751,2025-04-10,2024-25,ok,18,1.832
2026-07-22T20:48:08.068541,1610612751,vs_opponent,1610612750,2025-04-10,2024-25,ok,18,2.534
2026-07-22T20:48:10.587840,1610612762,vs_opponent,1610612760,2025-04-10,2024-25,ok,21,1.787
2026-07-22T20:48:13.013368,1610612760,vs_opponent,1610612762,2025-04-10,2024-25,ok,18,1.705
2026-07-22T20:48:15.193684,1610612749,vs_opponent,1610612740,2025-04-09,2024-25,ok,18,1.451
2026-07-22T20:48:17.321667,1610612740,vs_opponent,1610612749,2025-04-09,2024-25,ok,19,1.413
2026-07-22T20:48:20.172514,1610612751,vs_opponent,1610612737,2025-04-09,2024-25,ok,24,2.132
2026-07-22T20:48:22.316237,1610612737,vs_opponent,1610612751,2025-04-09,2024-25,ok,23,1.427
2026-07-22T20:48:24.700937,1610612754,vs_opponent,1610612739,2025-04-09,2024-25,ok,18,1.668
2026-07-22T20:48:27.162497,1610612739,vs_opponent,1610612754,2025-04-09,2024-25,ok,17,1.746
2026-07-22T20:48:29.492739,1610612763,vs_opponent,1610612750,2025-04-09,2024-25,ok,18,1.61
2026-07-22T20:48:31.643180,1610612750,vs_opponent,1610612763,2025-04-09,2024-25,ok,17,1.435
2026-07-22T20:48:34.716399,1610612765,vs_opponent,1610612752,2025-04-09,2024-25,ok,19,2.357
2026-07-22T20:48:36.865659,1610612752,vs_opponent,1610612765,2025-04-09,2024-25,ok,18,1.427
2026-07-22T20:48:39.539819,1610612741,vs_opponent,1610612748,2025-04-08,2024-25,ok,19,1.96
2026-07-22T20:48:41.725407,1610612748,vs_opponent,1610612741,2025-04-08,2024-25,ok,20,1.447
2026-07-22T20:48:44.753046,1610612742,vs_opponent,1610612747,2025-04-08,2024-25,ok,23,2.31
2026-07-22T20:48:46.898653,1610612747,vs_opponent,1610612742,2025-04-08,2024-25,ok,24,1.426
2026-07-22T20:48:49.496627,1610612744,vs_opponent,1610612759,2025-04-08,2024-25,ok,22,1.877
2026-07-22T20:48:51.710307,1610612759,vs_opponent,1610612744,2025-04-08,2024-25,ok,21,1.496
2026-07-22T20:48:54.958774,1610612756,vs_opponent,1610612760,2025-04-08,2024-25,ok,18,2.528
2026-07-22T20:48:57.101840,1610612760,vs_opponent,1610612756,2025-04-08,2024-25,ok,19,1.422
2026-07-22T20:48:59.254477,1610612758,vs_opponent,1610612743,2025-04-08,2024-25,ok,23,1.433
2026-07-22T20:49:01.321849,1610612743,vs_opponent,1610612758,2025-04-08,2024-25,ok,18,1.352
2026-07-22T20:49:03.624937,1610612762,vs_opponent,1610612757,2025-04-08,2024-25,ok,21,1.587
2026-07-22T20:49:05.440686,1610612757,vs_opponent,1610612762,2025-04-08,2024-25,ok,19,1.1
2026-07-22T20:49:07.621266,1610612764,vs_opponent,1610612755,2025-04-08,2024-25,ok,24,1.464
2026-07-22T20:49:09.657467,1610612755,vs_opponent,1610612764,2025-04-08,2024-25,ok,23,1.311
2026-07-22T20:49:11.689461,1610612746,vs_opponent,1610612745,2025-04-08,2024-25,ok,18,1.313
2026-07-22T20:49:13.931155,1610612745,vs_opponent,1610612746,2025-04-08,2024-25,ok,17,1.525
2026-07-22T20:49:17.148821,1610612753,vs_opponent,1610612738,2025-04-08,2024-25,ok,17,2.493
2026-07-22T20:49:19.355407,1610612738,vs_opponent,1610612753,2025-04-08,2024-25,ok,17,1.487
2026-07-22T20:49:22.022793,1610612761,vs_opponent,1610612766,2025-04-08,2024-25,ok,23,1.944
2026-07-22T20:49:24.314096,1610612766,vs_opponent,1610612761,2025-04-08,2024-25,ok,22,1.578
2026-07-22T20:49:27.641883,1610612751,vs_opponent,1610612740,2025-04-07,2024-25,ok,18,2.614
2026-07-22T20:49:29.748615,1610612740,vs_opponent,1610612751,2025-04-07,2024-25,ok,18,1.39
2026-07-22T20:49:32.960179,1610612753,vs_opponent,1610612737,2025-04-07,2024-25,ok,18,2.491
2026-07-22T20:49:35.248895,1610612737,vs_opponent,1610612753,2025-04-07,2024-25,ok,17,1.572
2026-07-22T20:49:38.264947,1610612756,vs_opponent,1610612744,2025-04-07,2024-25,ok,18,2.297
2026-07-22T20:49:40.662819,1610612744,vs_opponent,1610612756,2025-04-07,2024-25,ok,19,1.646
2026-07-22T20:49:42.724015,1610612739,vs_opponent,1610612741,2025-04-07,2024-25,ok,20,1.313
2026-07-22T20:49:45.068096,1610612741,vs_opponent,1610612739,2025-04-07,2024-25,ok,23,1.621
2026-07-22T20:49:47.244819,1610612746,vs_opponent,1610612759,2025-04-07,2024-25,ok,18,1.462
2026-07-22T20:49:49.254299,1610612759,vs_opponent,1610612746,2025-04-07,2024-25,ok,18,1.293
2026-07-22T20:49:51.710341,1610612749,vs_opponent,1610612750,2025-04-07,2024-25,ok,17,1.739
2026-07-22T20:49:53.800161,1610612750,vs_opponent,1610612749,2025-04-07,2024-25,ok,17,1.36
2026-07-22T20:49:56.334254,1610612752,vs_opponent,1610612738,2025-04-07,2024-25,ok,18,1.792
2026-07-22T20:49:58.519642,1610612738,vs_opponent,1610612752,2025-04-07,2024-25,ok,18,1.469
2026-07-22T20:50:00.653092,1610612754,vs_opponent,1610612764,2025-04-07,2024-25,ok,22,1.41
2026-07-22T20:50:02.879225,1610612764,vs_opponent,1610612754,2025-04-07,2024-25,ok,25,1.506
2026-07-22T20:50:05.127856,1610612760,vs_opponent,1610612747,2025-04-07,2024-25,ok,18,1.53
2026-07-22T20:50:07.178013,1610612747,vs_opponent,1610612760,2025-04-07,2024-25,ok,26,1.334
2026-07-22T20:50:09.536223,1610612766,vs_opponent,1610612763,2025-04-07,2024-25,ok,18,1.565
2026-07-22T20:50:11.776754,1610612763,vs_opponent,1610612766,2025-04-07,2024-25,ok,18,1.512
2026-07-22T20:50:13.857656,1610612748,vs_opponent,1610612755,2025-04-06,2024-25,ok,21,1.334
2026-07-22T20:50:15.846941,1610612755,vs_opponent,1610612748,2025-04-06,2024-25,ok,25,1.269
2026-07-22T20:50:18.146758,1610612765,vs_opponent,1610612758,2025-04-06,2024-25,ok,17,1.579
2026-07-22T20:50:20.267072,1610612758,vs_opponent,1610612765,2025-04-06,2024-25,ok,18,1.395
2026-07-22T20:50:22.405578,1610612739,vs_opponent,1610612758,2025-04-05,2024-25,ok,17,1.418
2026-07-22T20:50:24.619746,1610612758,vs_opponent,1610612739,2025-04-05,2024-25,ok,17,1.476
2026-07-22T20:50:26.916256,1610612740,vs_opponent,1610612749,2025-04-05,2024-25,empty,0,1.59
2026-07-22T20:50:28.888956,1610612749,vs_opponent,1610612740,2025-04-05,2024-25,empty,0,1.267
2026-07-22T20:50:32.624329,1610612751,vs_opponent,1610612761,2025-04-05,2024-25,ok,22,3.003
2026-07-22T20:50:35.436952,1610612761,vs_opponent,1610612751,2025-04-05,2024-25,ok,22,2.095
2026-07-22T20:50:37.575479,1610612752,vs_opponent,1610612756,2025-04-05,2024-25,ok,17,1.419
2026-07-22T20:50:40.875721,1610612756,vs_opponent,1610612752,2025-04-05,2024-25,ok,17,2.52
2026-07-22T20:50:43.007580,1610612766,vs_opponent,1610612741,2025-04-05,2024-25,ok,19,1.413
2026-07-22T20:50:45.477144,1610612741,vs_opponent,1610612766,2025-04-05,2024-25,ok,19,1.746
2026-07-22T20:50:47.576782,1610612737,vs_opponent,1610612762,2025-04-05,2024-25,ok,18,1.379
2026-07-22T20:50:50.080178,1610612762,vs_opponent,1610612737,2025-04-05,2024-25,ok,18,1.774
2026-07-22T20:50:52.338305,1610612738,vs_opponent,1610612764,2025-04-05,2024-25,ok,17,1.542
2026-07-22T20:50:54.686805,1610612764,vs_opponent,1610612738,2025-04-05,2024-25,ok,18,1.628
2026-07-22T20:50:57.109719,1610612743,vs_opponent,1610612754,2025-04-05,2024-25,ok,18,1.694
2026-07-22T20:50:59.331288,1610612754,vs_opponent,1610612743,2025-04-05,2024-25,ok,17,1.504
2026-07-22T20:51:01.854074,1610612744,vs_opponent,1610612745,2025-04-05,2024-25,ok,19,1.803
2026-07-22T20:51:04.360925,1610612745,vs_opponent,1610612744,2025-04-05,2024-25,ok,18,1.788
2026-07-22T20:51:07.473983,1610612757,vs_opponent,1610612759,2025-04-05,2024-25,ok,18,2.398
2026-07-22T20:51:10.321273,1610612759,vs_opponent,1610612757,2025-04-05,2024-25,ok,18,2.121
2026-07-22T20:51:12.488994,1610612760,vs_opponent,1610612747,2025-04-05,2024-25,ok,18,1.451
2026-07-22T20:51:14.528436,1610612747,vs_opponent,1610612760,2025-04-05,2024-25,ok,18,1.324
2026-07-22T20:51:16.755661,1610612737,vs_opponent,1610612752,2025-04-04,2024-25,ok,22,1.506
2026-07-22T20:51:18.659279,1610612752,vs_opponent,1610612737,2025-04-04,2024-25,ok,19,1.189
2026-07-22T20:51:21.456331,1610612748,vs_opponent,1610612749,2025-04-04,2024-25,ok,21,2.077
2026-07-22T20:51:23.596886,1610612749,vs_opponent,1610612748,2025-04-04,2024-25,ok,21,1.422
2026-07-22T20:51:25.697181,1610612755,vs_opponent,1610612750,2025-04-04,2024-25,ok,18,1.382
2026-07-22T20:51:27.987674,1610612750,vs_opponent,1610612755,2025-04-04,2024-25,ok,18,1.574
2026-07-22T20:51:30.115656,1610612746,vs_opponent,1610612742,2025-04-04,2024-25,ok,24,1.408
2026-07-22T20:51:32.571033,1610612742,vs_opponent,1610612746,2025-04-04,2024-25,ok,22,1.743
2026-07-22T20:51:34.883756,1610612765,vs_opponent,1610612763,2025-04-04,2024-25,ok,17,1.597
2026-07-22T20:51:37.031255,1610612763,vs_opponent,1610612765,2025-04-04,2024-25,ok,18,1.434
2026-07-22T20:51:39.328106,1610612738,vs_opponent,1610612756,2025-04-03,2024-25,ok,17,1.578
2026-07-22T20:51:42.405814,1610612756,vs_opponent,1610612738,2025-04-03,2024-25,ok,18,2.359
2026-07-22T20:51:44.689549,1610612741,vs_opponent,1610612757,2025-04-03,2024-25,ok,18,1.567
2026-07-22T20:51:47.827752,1610612757,vs_opponent,1610612741,2025-04-03,2024-25,ok,18,2.422
2026-07-22T20:51:49.945493,1610612747,vs_opponent,1610612740,2025-04-03,2024-25,ok,26,1.327
2026-07-22T20:51:52.153638,1610612740,vs_opponent,1610612747,2025-04-03,2024-25,ok,22,1.491
2026-07-22T20:51:54.356990,1610612754,vs_opponent,1610612762,2025-04-03,2024-25,ok,18,1.49
2026-07-22T20:51:56.699190,1610612762,vs_opponent,1610612754,2025-04-03,2024-25,ok,17,1.627
2026-07-22T20:52:00.770898,1610612761,vs_opponent,1610612765,2025-04-03,2024-25,ok,20,3.352
2026-07-22T20:52:02.896193,1610612765,vs_opponent,1610612761,2025-04-03,2024-25,ok,19,1.392
2026-07-22T20:52:05.231923,1610612744,vs_opponent,1610612743,2025-04-03,2024-25,ok,21,1.62
2026-07-22T20:52:07.984395,1610612743,vs_opponent,1610612744,2025-04-03,2024-25,ok,18,2.038
2026-07-22T20:52:10.746006,1610612745,vs_opponent,1610612760,2025-04-03,2024-25,ok,17,2.043
2026-07-22T20:52:12.904674,1610612760,vs_opponent,1610612745,2025-04-03,2024-25,ok,19,1.446
2026-07-22T20:52:15.058556,1610612746,vs_opponent,1610612742,2025-04-03,2024-25,ok,18,1.436
2026-07-22T20:52:17.315893,1610612742,vs_opponent,1610612746,2025-04-03,2024-25,ok,18,1.532
2026-07-22T20:52:19.617980,1610612759,vs_opponent,1610612739,2025-04-03,2024-25,ok,18,1.583
2026-07-22T20:52:21.825949,1610612739,vs_opponent,1610612759,2025-04-03,2024-25,ok,17,1.487
2026-07-22T20:52:24.130766,1610612766,vs_opponent,1610612758,2025-04-03,2024-25,ok,19,1.528
2026-07-22T20:52:26.437589,1610612758,vs_opponent,1610612766,2025-04-03,2024-25,ok,16,1.59
2026-07-22T20:52:29.207036,1610612761,vs_opponent,1610612757,2025-04-02,2024-25,ok,18,2.041
2026-07-22T20:52:32.260469,1610612757,vs_opponent,1610612761,2025-04-02,2024-25,ok,18,2.339
2026-07-22T20:52:34.398072,1610612747,vs_opponent,1610612744,2025-04-02,2024-25,ok,24,1.417
2026-07-22T20:52:36.654681,1610612744,vs_opponent,1610612747,2025-04-02,2024-25,ok,17,1.54
2026-07-22T20:52:38.612683,1610612748,vs_opponent,1610612763,2025-04-02,2024-25,ok,18,1.242
2026-07-22T20:52:40.865142,1610612763,vs_opponent,1610612748,2025-04-02,2024-25,ok,18,1.535
2026-07-22T20:52:42.592729,1610612751,vs_opponent,1610612750,2025-04-02,2024-25,empty,0,1.023
2026-07-22T20:52:46.770940,1610612750,vs_opponent,1610612751,2025-04-02,2024-25,empty,0,3.472
2026-07-22T20:52:48.909955,1610612755,vs_opponent,1610612749,2025-04-02,2024-25,ok,21,1.422
2026-07-22T20:52:51.176371,1610612749,vs_opponent,1610612755,2025-04-02,2024-25,ok,21,1.542
2026-07-22T20:52:53.465267,1610612764,vs_opponent,1610612753,2025-04-02,2024-25,ok,25,1.567
2026-07-22T20:52:56.593375,1610612753,vs_opponent,1610612764,2025-04-02,2024-25,ok,18,2.409
2026-07-22T20:52:58.786679,1610612738,vs_opponent,1610612748,2025-04-01,2024-25,ok,19,1.461
2026-07-22T20:53:00.938057,1610612748,vs_opponent,1610612738,2025-04-01,2024-25,ok,21,1.435
2026-07-22T20:53:02.914350,1610612739,vs_opponent,1610612752,2025-04-01,2024-25,ok,19,1.264
2026-07-22T20:53:05.064718,1610612752,vs_opponent,1610612739,2025-04-01,2024-25,ok,18,1.362
2026-07-22T20:53:07.286700,1610612743,vs_opponent,1610612759,2025-04-01,2024-25,ok,18,1.505
2026-07-22T20:53:09.809030,1610612759,vs_opponent,1610612743,2025-04-01,2024-25,ok,18,1.796
2026-07-22T20:53:11.911135,1610612745,vs_opponent,1610612762,2025-04-01,2024-25,ok,19,1.371
2026-07-22T20:53:14.356524,1610612762,vs_opponent,1610612745,2025-04-01,2024-25,ok,18,1.615
2026-07-22T20:53:16.446260,1610612746,vs_opponent,1610612740,2025-04-01,2024-25,ok,24,1.371
2026-07-22T20:53:18.535620,1610612740,vs_opponent,1610612746,2025-04-01,2024-25,ok,22,1.37
2026-07-22T20:53:20.899646,1610612754,vs_opponent,1610612766,2025-04-01,2024-25,ok,18,1.65
2026-07-22T20:53:23.227195,1610612766,vs_opponent,1610612754,2025-04-01,2024-25,ok,19,1.613
2026-07-22T20:53:25.656839,1610612742,vs_opponent,1610612737,2025-04-01,2024-25,ok,18,1.71
2026-07-22T20:53:27.957197,1610612737,vs_opponent,1610612742,2025-04-01,2024-25,ok,18,1.582
2026-07-22T20:53:30.326616,1610612764,vs_opponent,1610612758,2025-04-01,2024-25,ok,18,1.631
2026-07-22T20:53:32.516797,1610612758,vs_opponent,1610612764,2025-04-01,2024-25,ok,17,1.475
2026-07-22T20:53:34.677434,1610612760,vs_opponent,1610612765,2025-04-01,2024-25,ok,18,1.439
2026-07-22T20:53:36.877510,1610612765,vs_opponent,1610612760,2025-04-01,2024-25,ok,18,1.481
2026-07-22T20:53:39.334471,1610612737,vs_opponent,1610612757,2025-03-31,2024-25,ok,18,1.623
2026-07-22T20:53:42.198158,1610612757,vs_opponent,1610612737,2025-03-31,2024-25,ok,18,2.151
2026-07-22T20:53:44.776107,1610612741,vs_opponent,1610612761,2025-03-31,2024-25,ok,23,1.864
2026-07-22T20:53:47.724201,1610612761,vs_opponent,1610612741,2025-03-31,2024-25,ok,21,2.238
2026-07-22T20:53:49.848950,1610612743,vs_opponent,1610612750,2025-03-31,2024-25,ok,18,1.409
2026-07-22T20:53:52.029748,1610612750,vs_opponent,1610612743,2025-03-31,2024-25,ok,20,1.464
2026-07-22T20:53:54.151104,1610612749,vs_opponent,1610612756,2025-03-31,2024-25,ok,18,1.401
2026-07-22T20:53:57.562079,1610612756,vs_opponent,1610612749,2025-03-31,2024-25,ok,18,2.695
2026-07-22T20:53:59.685852,1610612752,vs_opponent,1610612755,2025-03-31,2024-25,ok,19,1.409
2026-07-22T20:54:02.068013,1610612755,vs_opponent,1610612752,2025-03-31,2024-25,ok,23,1.665
2026-07-22T20:54:04.334136,1610612759,vs_opponent,1610612753,2025-03-31,2024-25,ok,17,1.548
2026-07-22T20:54:07.560099,1610612753,vs_opponent,1610612759,2025-03-31,2024-25,ok,18,2.452
2026-07-22T20:54:09.841243,1610612763,vs_opponent,1610612744,2025-03-31,2024-25,ok,18,1.567
2026-07-22T20:54:12.439108,1610612744,vs_opponent,1610612763,2025-03-31,2024-25,ok,18,1.778
2026-07-22T20:54:14.704294,1610612742,vs_opponent,1610612751,2025-03-30,2024-25,ok,17,1.55
2026-07-22T20:54:18.031744,1610612751,vs_opponent,1610612742,2025-03-30,2024-25,ok,17,2.614
2026-07-22T20:54:20.183427,1610612754,vs_opponent,1610612758,2025-03-30,2024-25,ok,18,1.433
2026-07-22T20:54:22.444328,1610612758,vs_opponent,1610612754,2025-03-30,2024-25,ok,18,1.546
2026-07-22T20:54:24.470163,1610612763,vs_opponent,1610612738,2025-03-30,2024-25,ok,18,1.309
2026-07-22T20:54:26.763531,1610612738,vs_opponent,1610612763,2025-03-30,2024-25,ok,17,1.575
2026-07-22T20:54:29.041514,1610612747,vs_opponent,1610612745,2025-03-30,2024-25,ok,18,1.51
2026-07-22T20:54:31.352579,1610612745,vs_opponent,1610612747,2025-03-30,2024-25,ok,17,1.594
2026-07-22T20:54:34.629890,1610612753,vs_opponent,1610612746,2025-03-30,2024-25,ok,17,2.561
2026-07-22T20:54:38.258258,1610612746,vs_opponent,1610612753,2025-03-30,2024-25,ok,18,2.916
2026-07-22T20:54:40.395569,1610612760,vs_opponent,1610612741,2025-03-30,2024-25,ok,18,1.419
2026-07-22T20:54:42.780799,1610612741,vs_opponent,1610612760,2025-03-30,2024-25,ok,18,1.571
2026-07-22T20:54:44.882299,1610612764,vs_opponent,1610612748,2025-03-30,2024-25,ok,24,1.378
2026-07-22T20:54:47.117394,1610612748,vs_opponent,1610612764,2025-03-30,2024-25,ok,21,1.521
2026-07-22T20:54:48.928335,1610612766,vs_opponent,1610612762,2025-03-30,2024-25,ok,18,1.091
2026-07-22T20:54:53.672583,1610612762,vs_opponent,1610612766,2025-03-30,2024-25,ok,18,4.031
2026-07-22T20:54:55.773349,1610612739,vs_opponent,1610612746,2025-03-29,2024-25,ok,17,1.286
2026-07-22T20:54:59.816988,1610612746,vs_opponent,1610612739,2025-03-29,2024-25,ok,18,3.323
2026-07-22T20:55:01.956700,1610612740,vs_opponent,1610612766,2025-03-29,2024-25,ok,17,1.424
2026-07-22T20:55:04.222044,1610612766,vs_opponent,1610612740,2025-03-29,2024-25,ok,18,1.551
2026-07-22T20:55:08.424289,1610612749,vs_opponent,1610612737,2025-03-29,2024-25,ok,22,3.482
2026-07-22T20:55:10.863567,1610612737,vs_opponent,1610612749,2025-03-29,2024-25,ok,23,1.657
2026-07-22T20:55:13.126050,1610612752,vs_opponent,1610612757,2025-03-29,2024-25,ok,18,1.511
2026-07-22T20:55:15.910511,1610612757,vs_opponent,1610612752,2025-03-29,2024-25,ok,18,2.068
2026-07-22T20:55:18.288250,1610612755,vs_opponent,1610612761,2025-03-29,2024-25,ok,24,1.659
2026-07-22T20:55:20.766380,1610612761,vs_opponent,1610612755,2025-03-29,2024-25,ok,24,1.756
2026-07-22T20:55:22.854832,1610612756,vs_opponent,1610612745,2025-03-29,2024-25,ok,18,1.367
2026-07-22T20:55:25.415391,1610612745,vs_opponent,1610612756,2025-03-29,2024-25,ok,19,1.844
2026-07-22T20:55:33.896390,1610612759,vs_opponent,1610612744,2025-03-29,2024-25,empty,0,0.0
2026-07-22T20:55:36.474948,1610612744,vs_opponent,1610612759,2025-03-29,2024-25,ok,17,1.861
2026-07-22T20:55:38.723894,1610612750,vs_opponent,1610612765,2025-03-29,2024-25,ok,17,1.532
2026-07-22T20:55:40.890799,1610612765,vs_opponent,1610612750,2025-03-29,2024-25,ok,17,1.451
2026-07-22T20:55:43.788486,1610612741,vs_opponent,1610612742,2025-03-28,2024-25,ok,18,2.174
2026-07-22T20:55:46.038095,1610612742,vs_opponent,1610612741,2025-03-28,2024-25,ok,18,1.537
2026-07-22T20:55:49.570760,1610612753,vs_opponent,1610612758,2025-03-28,2024-25,ok,17,2.732
2026-07-22T20:55:51.824763,1610612758,vs_opponent,1610612753,2025-03-28,2024-25,ok,16,1.525
2026-07-22T20:55:54.400422,1610612759,vs_opponent,1610612738,2025-03-28,2024-25,ok,18,1.854
2026-07-22T20:55:56.611212,1610612738,vs_opponent,1610612759,2025-03-28,2024-25,ok,17,1.49
2026-07-22T20:55:58.813545,1610612763,vs_opponent,1610612747,2025-03-28,2024-25,ok,18,1.48
2026-07-22T20:56:00.853842,1610612747,vs_opponent,1610612763,2025-03-28,2024-25,ok,18,1.323
2026-07-22T20:56:03.613873,1610612764,vs_opponent,1610612751,2025-03-28,2024-25,ok,24,2.034
2026-07-22T20:56:07.534568,1610612751,vs_opponent,1610612764,2025-03-28,2024-25,ok,19,3.196
2026-07-22T20:56:09.883579,1610612755,vs_opponent,1610612748,2025-03-28,2024-25,ok,19,1.626
2026-07-22T20:56:11.888364,1610612748,vs_opponent,1610612755,2025-03-28,2024-25,ok,18,1.286
2026-07-22T20:56:13.906417,1610612760,vs_opponent,1610612754,2025-03-28,2024-25,ok,18,1.299
2026-07-22T20:56:16.100014,1610612754,vs_opponent,1610612760,2025-03-28,2024-25,ok,18,1.477
2026-07-22T20:56:18.484874,1610612740,vs_opponent,1610612744,2025-03-27,2024-25,ok,18,1.668
2026-07-22T20:56:20.723212,1610612744,vs_opponent,1610612740,2025-03-27,2024-25,ok,17,1.526
2026-07-22T20:56:23.023868,1610612743,vs_opponent,1610612762,2025-03-27,2024-25,ok,18,1.584
2026-07-22T20:56:25.449365,1610612762,vs_opponent,1610612743,2025-03-27,2024-25,ok,19,1.709
2026-07-22T20:56:28.794724,1610612751,vs_opponent,1610612746,2025-03-27,2024-25,ok,18,2.628
2026-07-22T20:56:31.136506,1610612746,vs_opponent,1610612751,2025-03-27,2024-25,ok,18,1.621
2026-07-22T20:56:37.719930,1610612761,vs_opponent,1610612766,2025-03-27,2024-25,ok,18,5.864
2026-07-22T20:56:40.043676,1610612766,vs_opponent,1610612761,2025-03-27,2024-25,ok,18,1.609
2026-07-22T20:56:42.552809,1610612765,vs_opponent,1610612739,2025-03-27,2024-25,ok,19,1.675
2026-07-22T20:56:45.037917,1610612739,vs_opponent,1610612765,2025-03-27,2024-25,ok,17,1.764
2026-07-22T20:56:46.773801,1610612749,vs_opponent,1610612752,2025-03-27,2024-25,ok,18,1.014
2026-07-22T20:56:48.871851,1610612752,vs_opponent,1610612749,2025-03-27,2024-25,ok,18,1.37
2026-07-22T20:56:51.280096,1610612750,vs_opponent,1610612756,2025-03-27,2024-25,ok,20,1.687
2026-07-22T20:56:53.384510,1610612756,vs_opponent,1610612750,2025-03-27,2024-25,ok,20,1.389
2026-07-22T20:56:55.078907,1610612739,vs_opponent,1610612759,2025-03-26,2024-25,empty,0,0.982
2026-07-22T20:56:56.830104,1610612759,vs_opponent,1610612739,2025-03-26,2024-25,empty,0,1.046
2026-07-22T20:56:59.506286,1610612748,vs_opponent,1610612737,2025-03-26,2024-25,ok,20,1.949
2026-07-22T20:57:02.301744,1610612737,vs_opponent,1610612748,2025-03-26,2024-25,ok,21,2.047
2026-07-22T20:57:04.700226,1610612758,vs_opponent,1610612757,2025-03-26,2024-25,ok,20,1.678
2026-07-22T20:57:08.066417,1610612757,vs_opponent,1610612758,2025-03-26,2024-25,ok,18,2.65
2026-07-22T20:57:10.619602,1610612760,vs_opponent,1610612763,2025-03-26,2024-25,ok,18,1.834
2026-07-22T20:57:12.957788,1610612763,vs_opponent,1610612760,2025-03-26,2024-25,ok,22,1.605
2026-07-22T20:57:15.577425,1610612762,vs_opponent,1610612745,2025-03-26,2024-25,ok,18,1.902
2026-07-22T20:57:18.093573,1610612745,vs_opponent,1610612762,2025-03-26,2024-25,ok,18,1.76
2026-07-22T20:57:20.335382,1610612764,vs_opponent,1610612754,2025-03-26,2024-25,ok,24,1.522
2026-07-22T20:57:22.596435,1610612754,vs_opponent,1610612764,2025-03-26,2024-25,ok,21,1.505
2026-07-22T20:57:25.154600,1610612741,vs_opponent,1610612747,2025-03-26,2024-25,ok,18,1.84
2026-07-22T20:57:27.368251,1610612747,vs_opponent,1610612741,2025-03-26,2024-25,ok,18,1.482
2026-07-22T20:57:30.750371,1610612753,vs_opponent,1610612742,2025-03-26,2024-25,ok,17,2.614
2026-07-22T20:57:33.159585,1610612742,vs_opponent,1610612753,2025-03-26,2024-25,ok,18,1.662
2026-07-22T20:57:35.362974,1610612743,vs_opponent,1610612749,2025-03-25,2024-25,ok,18,1.489
2026-07-22T20:57:37.847698,1610612749,vs_opponent,1610612743,2025-03-25,2024-25,ok,16,1.774
2026-07-22T20:57:40.301092,1610612752,vs_opponent,1610612746,2025-03-25,2024-25,ok,17,1.74
2026-07-22T20:57:42.508236,1610612746,vs_opponent,1610612752,2025-03-25,2024-25,ok,18,1.49
2026-07-22T20:57:44.708692,1610612754,vs_opponent,1610612747,2025-03-25,2024-25,ok,17,1.479
2026-07-22T20:57:46.947273,1610612747,vs_opponent,1610612754,2025-03-25,2024-25,ok,17,1.522
2026-07-22T20:57:49.116520,1610612755,vs_opponent,1610612764,2025-03-25,2024-25,ok,16,1.451
2026-07-22T20:57:51.180954,1610612764,vs_opponent,1610612755,2025-03-25,2024-25,ok,18,1.353
2026-07-22T20:57:53.492220,1610612756,vs_opponent,1610612738,2025-03-25,2024-25,empty,0,1.603
2026-07-22T20:57:55.303088,1610612738,vs_opponent,1610612756,2025-03-25,2024-25,empty,0,1.104
2026-07-22T20:57:58.638738,1610612751,vs_opponent,1610612761,2025-03-25,2024-25,ok,21,2.617
2026-07-22T20:58:01.189977,1610612761,vs_opponent,1610612751,2025-03-25,2024-25,ok,18,1.833
2026-07-22T20:58:03.331763,1610612745,vs_opponent,1610612737,2025-03-24,2024-25,ok,17,1.423
2026-07-22T20:58:05.605782,1610612737,vs_opponent,1610612745,2025-03-24,2024-25,ok,18,1.554
2026-07-22T20:58:07.765166,1610612752,vs_opponent,1610612742,2025-03-24,2024-25,ok,17,1.411
2026-07-22T20:58:09.792878,1610612742,vs_opponent,1610612752,2025-03-24,2024-25,ok,18,1.313
2026-07-22T20:58:11.911483,1610612757,vs_opponent,1610612739,2025-03-24,2024-25,ok,18,1.336
2026-07-22T20:58:13.688057,1610612739,vs_opponent,1610612757,2025-03-24,2024-25,ok,17,1.062
2026-07-22T20:58:15.616343,1610612766,vs_opponent,1610612753,2025-03-24,2024-25,ok,23,1.209
2026-07-22T20:58:17.634610,1610612753,vs_opponent,1610612766,2025-03-24,2024-25,ok,18,1.302
2026-07-22T20:58:19.773555,1610612748,vs_opponent,1610612744,2025-03-24,2024-25,ok,17,1.421
2026-07-22T20:58:21.961151,1610612744,vs_opponent,1610612748,2025-03-24,2024-25,ok,16,1.477
2026-07-22T20:58:23.943215,1610612758,vs_opponent,1610612760,2025-03-24,2024-25,ok,18,1.253
2026-07-22T20:58:26.125354,1610612760,vs_opponent,1610612758,2025-03-24,2024-25,ok,18,1.464
2026-07-22T20:58:28.174484,1610612762,vs_opponent,1610612763,2025-03-24,2024-25,ok,21,1.301
2026-07-22T20:58:30.792094,1610612763,vs_opponent,1610612762,2025-03-24,2024-25,ok,20,1.901
2026-07-22T20:58:32.874167,1610612765,vs_opponent,1610612759,2025-03-24,2024-25,ok,18,1.368
2026-07-22T20:58:35.286717,1610612759,vs_opponent,1610612765,2025-03-24,2024-25,ok,18,1.697
2026-07-22T20:58:37.642525,1610612740,vs_opponent,1610612755,2025-03-23,2024-25,ok,17,1.635
2026-07-22T20:58:40.005129,1610612755,vs_opponent,1610612740,2025-03-23,2024-25,ok,16,1.648
2026-07-22T20:58:42.326147,1610612743,vs_opponent,1610612741,2025-03-23,2024-25,ok,18,1.607
2026-07-22T20:58:44.716038,1610612741,vs_opponent,1610612743,2025-03-23,2024-25,ok,18,1.676
2026-07-22T20:58:47.562947,1610612751,vs_opponent,1610612742,2025-03-23,2024-25,empty,0,2.138
2026-07-22T20:58:49.402697,1610612742,vs_opponent,1610612751,2025-03-23,2024-25,empty,0,1.134
2026-07-22T20:58:51.510308,1610612758,vs_opponent,1610612738,2025-03-23,2024-25,ok,17,1.349
2026-07-22T20:58:53.831243,1610612738,vs_opponent,1610612758,2025-03-23,2024-25,ok,17,1.596
2026-07-22T20:58:55.777781,1610612764,vs_opponent,1610612761,2025-03-23,2024-25,ok,24,1.227
2026-07-22T20:58:58.130458,1610612761,vs_opponent,1610612764,2025-03-23,2024-25,ok,21,1.638
2026-07-22T20:59:02.304786,1610612753,vs_opponent,1610612747,2025-03-23,2024-25,ok,17,3.46
2026-07-22T20:59:04.417808,1610612747,vs_opponent,1610612753,2025-03-23,2024-25,ok,18,1.399
2026-07-22T20:59:06.663968,1610612754,vs_opponent,1610612750,2025-03-23,2024-25,ok,18,1.527
2026-07-22T20:59:08.778718,1610612750,vs_opponent,1610612754,2025-03-23,2024-25,ok,18,1.399
2026-07-22T20:59:10.708466,1610612756,vs_opponent,1610612749,2025-03-23,2024-25,empty,0,1.222
2026-07-22T20:59:12.450489,1610612749,vs_opponent,1610612756,2025-03-23,2024-25,empty,0,1.035
2026-07-22T20:59:14.619693,1610612746,vs_opponent,1610612760,2025-03-22,2024-25,ok,18,1.451
2026-07-22T20:59:16.675093,1610612760,vs_opponent,1610612746,2025-03-22,2024-25,ok,19,1.337
2026-07-22T20:59:18.956478,1610612748,vs_opponent,1610612766,2025-03-22,2024-25,ok,21,1.564
2026-07-22T20:59:21.174336,1610612766,vs_opponent,1610612748,2025-03-22,2024-25,ok,23,1.504
2026-07-22T20:59:24.241635,1610612757,vs_opponent,1610612738,2025-03-22,2024-25,ok,18,2.35
2026-07-22T20:59:26.354960,1610612738,vs_opponent,1610612757,2025-03-22,2024-25,ok,17,1.4
2026-07-22T20:59:28.219246,1610612761,vs_opponent,1610612759,2025-03-22,2024-25,empty,0,1.155
2026-07-22T20:59:30.001690,1610612759,vs_opponent,1610612761,2025-03-22,2024-25,empty,0,1.075
2026-07-22T20:59:32.222441,1610612737,vs_opponent,1610612755,2025-03-22,2024-25,ok,18,1.507
2026-07-22T20:59:34.580805,1610612755,vs_opponent,1610612737,2025-03-22,2024-25,ok,18,1.646
2026-07-22T20:59:36.942898,1610612745,vs_opponent,1610612743,2025-03-22,2024-25,ok,17,1.642
2026-07-22T20:59:38.884272,1610612743,vs_opponent,1610612745,2025-03-22,2024-25,ok,18,1.225
2026-07-22T20:59:41.043189,1610612762,vs_opponent,1610612739,2025-03-22,2024-25,ok,18,1.44
2026-07-22T20:59:42.992234,1610612739,vs_opponent,1610612762,2025-03-22,2024-25,ok,17,1.109
2026-07-22T20:59:45.243485,1610612765,vs_opponent,1610612740,2025-03-22,2024-25,ok,18,1.529
2026-07-22T20:59:47.448955,1610612740,vs_opponent,1610612765,2025-03-22,2024-25,ok,18,1.488
2026-07-22T20:59:49.321706,1610612737,vs_opponent,1610612744,2025-03-21,2024-25,ok,18,1.157
2026-07-22T20:59:51.586773,1610612744,vs_opponent,1610612737,2025-03-21,2024-25,ok,17,1.541
2026-07-22T20:59:53.364451,1610612747,vs_opponent,1610612741,2025-03-21,2024-25,empty,0,1.041
2026-07-22T20:59:55.215566,1610612741,vs_opponent,1610612747,2025-03-21,2024-25,empty,0,1.147
2026-07-22T20:59:57.389595,1610612752,vs_opponent,1610612764,2025-03-21,2024-25,ok,18,1.459
2026-07-22T20:59:59.566196,1610612764,vs_opponent,1610612752,2025-03-21,2024-25,ok,18,1.449
2026-07-22T21:00:02.131866,1610612754,vs_opponent,1610612751,2025-03-21,2024-25,ok,21,1.844
2026-07-22T21:00:05.166943,1610612751,vs_opponent,1610612754,2025-03-21,2024-25,ok,24,2.317
2026-07-22T21:00:07.398221,1610612758,vs_opponent,1610612749,2025-03-21,2024-25,ok,17,1.514
2026-07-22T21:00:09.787243,1610612749,vs_opponent,1610612758,2025-03-21,2024-25,ok,18,1.664
2026-07-22T21:00:12.341197,1610612742,vs_opponent,1610612765,2025-03-20,2024-25,ok,18,1.84
2026-07-22T21:00:14.624964,1610612765,vs_opponent,1610612742,2025-03-20,2024-25,ok,17,1.572
2026-07-22T21:00:17.203719,1610612746,vs_opponent,1610612763,2025-03-20,2024-25,ok,23,1.78
2026-07-22T21:00:19.460104,1610612763,vs_opponent,1610612746,2025-03-20,2024-25,ok,21,1.515
2026-07-22T21:00:22.514992,1610612756,vs_opponent,1610612739,2025-03-20,2024-25,ok,17,2.338
2026-07-22T21:00:24.549825,1610612739,vs_opponent,1610612756,2025-03-20,2024-25,ok,17,1.283
2026-07-22T21:00:27.226670,1610612757,vs_opponent,1610612743,2025-03-20,2024-25,ok,19,1.958
2026-07-22T21:00:30.073037,1610612743,vs_opponent,1610612757,2025-03-20,2024-25,ok,18,2.134
2026-07-22T21:00:32.319063,1610612759,vs_opponent,1610612755,2025-03-20,2024-25,ok,18,1.513
2026-07-22T21:00:34.477650,1610612755,vs_opponent,1610612759,2025-03-20,2024-25,ok,17,1.446
2026-07-22T21:00:36.849771,1610612760,vs_opponent,1610612766,2025-03-20,2024-25,ok,18,1.655
2026-07-22T21:00:38.927762,1610612766,vs_opponent,1610612760,2025-03-20,2024-25,ok,18,1.366
2026-07-22T21:00:41.398028,1610612762,vs_opponent,1610612738,2025-03-20,2024-25,ok,18,1.756
2026-07-22T21:00:43.297887,1610612738,vs_opponent,1610612762,2025-03-20,2024-25,ok,17,1.182
2026-07-22T21:00:45.553327,1610612764,vs_opponent,1610612753,2025-03-20,2024-25,ok,24,1.534
2026-07-22T21:00:48.711809,1610612753,vs_opponent,1610612764,2025-03-20,2024-25,ok,18,2.439
2026-07-22T21:00:50.779442,1610612750,vs_opponent,1610612740,2025-03-20,2024-25,ok,18,1.348
2026-07-22T21:00:53.036054,1610612740,vs_opponent,1610612750,2025-03-20,2024-25,ok,22,1.542
2026-07-22T21:00:54.892045,1610612748,vs_opponent,1610612745,2025-03-20,2024-25,ok,17,1.111
2026-07-22T21:00:57.333185,1610612745,vs_opponent,1610612748,2025-03-20,2024-25,ok,17,1.717
2026-07-22T21:00:59.440921,1610612747,vs_opponent,1610612749,2025-03-19,2024-25,ok,18,1.39
2026-07-22T21:01:01.617406,1610612749,vs_opponent,1610612747,2025-03-19,2024-25,ok,18,1.449
2026-07-22T21:01:03.510258,1610612744,vs_opponent,1610612761,2025-03-19,2024-25,ok,16,1.169
2026-07-22T21:01:06.143145,1610612761,vs_opponent,1610612744,2025-03-19,2024-25,ok,18,1.917
2026-07-22T21:01:08.844065,1610612754,vs_opponent,1610612751,2025-03-19,2024-25,ok,20,1.91
2026-07-22T21:01:12.124402,1610612751,vs_opponent,1610612754,2025-03-19,2024-25,ok,23,2.354
2026-07-22T21:01:14.222853,1610612758,vs_opponent,1610612741,2025-03-19,2024-25,ok,17,1.382
2026-07-22T21:01:16.565818,1610612741,vs_opponent,1610612758,2025-03-19,2024-25,ok,18,1.623
2026-07-22T21:01:18.480887,1610612766,vs_opponent,1610612752,2025-03-19,2024-25,ok,19,1.196
2026-07-22T21:01:20.643188,1610612752,vs_opponent,1610612766,2025-03-19,2024-25,ok,17,1.428
2026-07-22T21:01:22.930239,1610612748,vs_opponent,1610612765,2025-03-18,2024-25,ok,17,1.57
2026-07-22T21:01:25.175354,1610612765,vs_opponent,1610612748,2025-03-18,2024-25,ok,17,1.532
2026-07-22T21:01:29.251616,1610612756,vs_opponent,1610612741,2025-03-18,2024-25,ok,18,3.343
2026-07-22T21:01:31.313806,1610612741,vs_opponent,1610612756,2025-03-18,2024-25,ok,18,1.347
2026-07-22T21:01:33.019312,1610612758,vs_opponent,1610612739,2025-03-18,2024-25,empty,0,0.997
2026-07-22T21:01:35.071537,1610612739,vs_opponent,1610612758,2025-03-18,2024-25,empty,0,1.345
2026-07-22T21:01:37.457552,1610612762,vs_opponent,1610612764,2025-03-18,2024-25,ok,18,1.67
2026-07-22T21:01:40.243129,1610612764,vs_opponent,1610612762,2025-03-18,2024-25,ok,18,2.063
2026-07-22T21:01:42.500724,1610612750,vs_opponent,1610612740,2025-03-18,2024-25,ok,17,1.54
2026-07-22T21:01:45.047973,1610612740,vs_opponent,1610612750,2025-03-18,2024-25,ok,17,1.836
2026-07-22T21:01:48.631463,1610612753,vs_opponent,1610612745,2025-03-18,2024-25,ok,18,2.867
2026-07-22T21:01:50.582357,1610612745,vs_opponent,1610612753,2025-03-18,2024-25,ok,18,1.238
2026-07-22T21:01:52.771093,1610612754,vs_opponent,1610612742,2025-03-18,2024-25,ok,17,1.475
2026-07-22T21:01:54.884632,1610612742,vs_opponent,1610612754,2025-03-18,2024-25,ok,18,1.396
2026-07-22T21:01:58.280562,1610612757,vs_opponent,1610612763,2025-03-18,2024-25,ok,18,2.681
2026-07-22T21:02:00.446390,1610612763,vs_opponent,1610612757,2025-03-18,2024-25,ok,18,1.449
2026-07-22T21:02:02.752808,1610612759,vs_opponent,1610612752,2025-03-18,2024-25,ok,18,1.586
2026-07-22T21:02:04.896022,1610612752,vs_opponent,1610612759,2025-03-18,2024-25,ok,17,1.43
2026-07-22T21:02:06.971710,1610612760,vs_opponent,1610612755,2025-03-18,2024-25,ok,18,1.354
2026-07-22T21:02:09.391880,1610612755,vs_opponent,1610612760,2025-03-18,2024-25,ok,17,1.694
2026-07-22T21:02:11.780876,1610612747,vs_opponent,1610612743,2025-03-18,2024-25,ok,26,1.668
2026-07-22T21:02:14.136058,1610612743,vs_opponent,1610612747,2025-03-18,2024-25,ok,18,1.639
2026-07-22T21:02:15.995810,1610612746,vs_opponent,1610612739,2025-03-17,2024-25,empty,0,1.154
2026-07-22T21:02:18.209253,1610612739,vs_opponent,1610612746,2025-03-17,2024-25,empty,0,1.508
2026-07-22T21:02:20.378866,1610612766,vs_opponent,1610612737,2025-03-17,2024-25,ok,23,1.453
2026-07-22T21:02:22.424970,1610612737,vs_opponent,1610612766,2025-03-17,2024-25,ok,23,1.329
2026-07-22T21:02:24.660042,1610612738,vs_opponent,1610612751,2025-03-17,2024-25,ok,19,1.522
2026-07-22T21:02:28.162914,1610612751,vs_opponent,1610612738,2025-03-17,2024-25,ok,24,2.782
2026-07-22T21:02:30.636453,1610612744,vs_opponent,1610612749,2025-03-17,2024-25,ok,14,1.759
2026-07-22T21:02:32.852866,1610612749,vs_opponent,1610612744,2025-03-17,2024-25,ok,17,1.5
2026-07-22T21:02:34.721802,1610612740,vs_opponent,1610612765,2025-03-16,2024-25,empty,0,1.162
2026-07-22T21:02:36.734413,1610612765,vs_opponent,1610612740,2025-03-16,2024-25,empty,0,1.306
2026-07-22T21:02:38.602456,1610612744,vs_opponent,1610612743,2025-03-16,2024-25,ok,17,1.152
2026-07-22T21:02:41.247377,1610612743,vs_opponent,1610612744,2025-03-16,2024-25,ok,18,1.926
2026-07-22T21:02:43.393503,1610612750,vs_opponent,1610612754,2025-03-16,2024-25,empty,0,1.432
2026-07-22T21:02:45.128783,1610612754,vs_opponent,1610612750,2025-03-16,2024-25,empty,0,1.031
2026-07-22T21:02:47.324434,1610612752,vs_opponent,1610612748,2025-03-16,2024-25,ok,18,1.475
2026-07-22T21:02:49.056121,1610612748,vs_opponent,1610612752,2025-03-16,2024-25,ok,21,1.015
2026-07-22T21:02:53.129229,1610612756,vs_opponent,1610612761,2025-03-16,2024-25,ok,18,3.35
2026-07-22T21:02:55.790449,1610612761,vs_opponent,1610612756,2025-03-16,2024-25,ok,18,1.934
2026-07-22T21:02:58.574221,1610612757,vs_opponent,1610612764,2025-03-16,2024-25,ok,18,2.068
2026-07-22T21:03:00.414602,1610612764,vs_opponent,1610612757,2025-03-16,2024-25,ok,18,1.125
2026-07-22T21:03:02.725805,1610612758,vs_opponent,1610612763,2025-03-16,2024-25,ok,18,1.581
2026-07-22T21:03:04.614543,1610612763,vs_opponent,1610612758,2025-03-16,2024-25,ok,18,1.167
2026-07-22T21:03:06.764340,1610612762,vs_opponent,1610612741,2025-03-16,2024-25,ok,18,1.431
2026-07-22T21:03:09.126025,1610612741,vs_opponent,1610612762,2025-03-16,2024-25,ok,18,1.645
2026-07-22T21:03:11.565682,1610612745,vs_opponent,1610612755,2025-03-16,2024-25,ok,17,1.725
2026-07-22T21:03:13.716069,1610612755,vs_opponent,1610612745,2025-03-16,2024-25,ok,17,1.432
2026-07-22T21:03:16.167833,1610612747,vs_opponent,1610612759,2025-03-16,2024-25,ok,20,1.731
2026-07-22T21:03:18.535803,1610612759,vs_opponent,1610612747,2025-03-16,2024-25,ok,18,1.655
2026-07-22T21:03:20.359363,1610612742,vs_opponent,1610612755,2025-03-15,2024-25,ok,17,1.106
2026-07-22T21:03:22.436892,1610612755,vs_opponent,1610612742,2025-03-15,2024-25,ok,17,1.361
2026-07-22T21:03:24.600602,1610612746,vs_opponent,1610612766,2025-03-15,2024-25,ok,18,1.443
2026-07-22T21:03:26.478974,1610612766,vs_opponent,1610612746,2025-03-15,2024-25,ok,18,1.163
2026-07-22T21:03:28.385387,1610612749,vs_opponent,1610612760,2025-03-15,2024-25,ok,18,1.19
2026-07-22T21:03:30.629328,1610612760,vs_opponent,1610612749,2025-03-15,2024-25,ok,17,1.497
2026-07-22T21:03:34.212490,1610612751,vs_opponent,1610612737,2025-03-15,2024-25,ok,18,2.867
2026-07-22T21:03:36.667822,1610612737,vs_opponent,1610612751,2025-03-15,2024-25,ok,18,1.737
2026-07-22T21:03:38.511415,1610612739,vs_opponent,1610612753,2025-03-15,2024-25,ok,20,1.122
2026-07-22T21:03:40.657795,1610612753,vs_opponent,1610612739,2025-03-15,2024-25,ok,18,1.432
2026-07-22T21:03:42.435588,1610612747,vs_opponent,1610612756,2025-03-15,2024-25,ok,18,1.057
2026-07-22T21:03:45.892534,1610612756,vs_opponent,1610612747,2025-03-15,2024-25,ok,17,2.734
2026-07-22T21:03:48.291959,1610612750,vs_opponent,1610612762,2025-03-15,2024-25,ok,17,1.68
2026-07-22T21:03:50.247852,1610612762,vs_opponent,1610612750,2025-03-15,2024-25,ok,20,1.206
2026-07-22T21:03:52.113098,1610612757,vs_opponent,1610612761,2025-03-15,2024-25,empty,0,1.157
2026-07-22T21:03:53.864505,1610612761,vs_opponent,1610612757,2025-03-15,2024-25,empty,0,1.046
2026-07-22T21:03:56.141610,1610612745,vs_opponent,1610612741,2025-03-14,2024-25,ok,17,1.561
2026-07-22T21:03:58.685751,1610612741,vs_opponent,1610612745,2025-03-14,2024-25,ok,18,1.832
2026-07-22T21:04:00.993921,1610612749,vs_opponent,1610612754,2025-03-14,2024-25,ok,23,1.589
2026-07-22T21:04:03.397696,1610612754,vs_opponent,1610612749,2025-03-14,2024-25,ok,21,1.687
2026-07-22T21:04:05.357371,1610612763,vs_opponent,1610612748,2025-03-14,2024-25,empty,0,1.216
2026-07-22T21:04:07.352133,1610612748,vs_opponent,1610612763,2025-03-14,2024-25,empty,0,1.287
2026-07-22T21:04:09.289406,1610612765,vs_opponent,1610612760,2025-03-14,2024-25,empty,0,1.193
2026-07-22T21:04:11.327544,1610612760,vs_opponent,1610612765,2025-03-14,2024-25,empty,0,1.264
2026-07-22T21:04:13.648295,1610612743,vs_opponent,1610612764,2025-03-14,2024-25,ok,18,1.544
2026-07-22T21:04:15.938378,1610612764,vs_opponent,1610612743,2025-03-14,2024-25,ok,18,1.576
2026-07-22T21:04:18.255256,1610612744,vs_opponent,1610612752,2025-03-14,2024-25,ok,16,1.6
2026-07-22T21:04:20.190419,1610612752,vs_opponent,1610612744,2025-03-14,2024-25,ok,17,1.22
2026-07-22T21:04:22.485096,1610612751,vs_opponent,1610612738,2025-03-14,2024-25,ok,18,1.568
2026-07-22T21:04:24.981771,1610612738,vs_opponent,1610612751,2025-03-14,2024-25,ok,17,1.781
2026-07-22T21:04:26.977281,1610612759,vs_opponent,1610612740,2025-03-14,2024-25,ok,21,1.261
2026-07-22T21:04:29.122691,1610612740,vs_opponent,1610612759,2025-03-14,2024-25,ok,20,1.429
2026-07-22T21:04:30.903754,1610612737,vs_opponent,1610612746,2025-03-13,2024-25,ok,18,1.068
2026-07-22T21:04:33.102486,1610612746,vs_opponent,1610612737,2025-03-13,2024-25,ok,18,1.483
2026-07-22T21:04:35.585473,1610612745,vs_opponent,1610612742,2025-03-13,2024-25,ok,18,1.756
2026-07-22T21:04:37.471129,1610612742,vs_opponent,1610612745,2025-03-13,2024-25,ok,22,1.168
2026-07-22T21:04:39.816578,1610612755,vs_opponent,1610612754,2025-03-13,2024-25,ok,18,1.625
2026-07-22T21:04:42.070196,1610612754,vs_opponent,1610612755,2025-03-13,2024-25,ok,19,1.539
2026-07-22T21:04:44.454737,1610612756,vs_opponent,1610612758,2025-03-13,2024-25,ok,17,1.587
2026-07-22T21:04:46.641199,1610612758,vs_opponent,1610612756,2025-03-13,2024-25,ok,17,1.474
2026-07-22T21:04:48.864808,1610612759,vs_opponent,1610612766,2025-03-13,2024-25,ok,17,1.505
2026-07-22T21:04:50.900195,1610612766,vs_opponent,1610612759,2025-03-13,2024-25,ok,19,1.237
2026-07-22T21:04:53.083277,1610612763,vs_opponent,1610612739,2025-03-13,2024-25,ok,18,1.465
2026-07-22T21:04:55.379428,1610612739,vs_opponent,1610612763,2025-03-13,2024-25,ok,18,1.533
2026-07-22T21:04:57.715897,1610612743,vs_opponent,1610612747,2025-03-13,2024-25,ok,18,1.623
2026-07-22T21:05:00.129492,1610612747,vs_opponent,1610612743,2025-03-13,2024-25,ok,26,1.686
2026-07-22T21:05:02.241903,1610612748,vs_opponent,1610612738,2025-03-13,2024-25,ok,21,1.388
2026-07-22T21:05:04.628235,1610612738,vs_opponent,1610612748,2025-03-13,2024-25,ok,18,1.665
2026-07-22T21:05:06.861566,1610612750,vs_opponent,1610612753,2025-03-13,2024-25,ok,17,1.51
2026-07-22T21:05:11.064803,1610612753,vs_opponent,1610612750,2025-03-13,2024-25,ok,17,3.43
2026-07-22T21:05:13.633542,1610612762,vs_opponent,1610612761,2025-03-13,2024-25,ok,18,1.855
2026-07-22T21:05:17.434585,1610612761,vs_opponent,1610612762,2025-03-13,2024-25,ok,18,3.084
2026-07-22T21:05:19.993811,1610612741,vs_opponent,1610612751,2025-03-12,2024-25,ok,18,1.843
2026-07-22T21:05:22.086220,1610612751,vs_opponent,1610612741,2025-03-12,2024-25,ok,18,1.379
2026-07-22T21:05:23.883267,1610612744,vs_opponent,1610612758,2025-03-12,2024-25,ok,20,1.08
2026-07-22T21:05:26.120182,1610612758,vs_opponent,1610612744,2025-03-12,2024-25,ok,22,1.514
2026-07-22T21:05:27.839077,1610612749,vs_opponent,1610612747,2025-03-12,2024-25,empty,0,1.009
2026-07-22T21:05:29.730780,1610612747,vs_opponent,1610612749,2025-03-12,2024-25,empty,0,1.186
2026-07-22T21:05:31.885589,1610612765,vs_opponent,1610612764,2025-03-12,2024-25,ok,21,1.434
2026-07-22T21:05:34.132134,1610612764,vs_opponent,1610612765,2025-03-12,2024-25,ok,24,1.52
2026-07-22T21:05:35.965551,1610612740,vs_opponent,1610612753,2025-03-12,2024-25,ok,18,1.12
2026-07-22T21:05:39.498567,1610612753,vs_opponent,1610612740,2025-03-12,2024-25,ok,17,2.792
2026-07-22T21:05:41.875782,1610612745,vs_opponent,1610612756,2025-03-11,2024-25,ok,18,1.658
2026-07-22T21:05:43.990658,1610612756,vs_opponent,1610612745,2025-03-11,2024-25,ok,18,1.399
2026-07-22T21:05:46.168259,1610612748,vs_opponent,1610612746,2025-03-11,2024-25,ok,17,1.464
2026-07-22T21:05:48.062699,1610612746,vs_opponent,1610612748,2025-03-11,2024-25,ok,18,1.179
2026-07-22T21:05:50.176742,1610612757,vs_opponent,1610612752,2025-03-11,2024-25,empty,0,1.366
2026-07-22T21:05:52.022966,1610612752,vs_opponent,1610612757,2025-03-11,2024-25,empty,0,1.14
2026-07-22T21:05:54.149813,1610612761,vs_opponent,1610612755,2025-03-11,2024-25,ok,22,1.41
2026-07-22T21:05:56.448613,1610612755,vs_opponent,1610612761,2025-03-11,2024-25,ok,21,1.587
2026-07-22T21:05:59.034479,1610612738,vs_opponent,1610612760,2025-03-11,2024-25,ok,17,1.872
2026-07-22T21:06:00.911734,1610612760,vs_opponent,1610612738,2025-03-11,2024-25,ok,18,1.158
2026-07-22T21:06:02.753181,1610612759,vs_opponent,1610612742,2025-03-11,2024-25,ok,21,1.118
2026-07-22T21:06:04.893382,1610612742,vs_opponent,1610612759,2025-03-11,2024-25,ok,22,1.418
2026-07-22T21:06:06.720956,1610612763,vs_opponent,1610612762,2025-03-11,2024-25,ok,18,1.112
2026-07-22T21:06:08.552634,1610612762,vs_opponent,1610612763,2025-03-11,2024-25,ok,19,1.111
2026-07-22T21:06:11.165011,1610612737,vs_opponent,1610612766,2025-03-11,2024-25,ok,18,1.896
2026-07-22T21:06:12.998346,1610612766,vs_opponent,1610612737,2025-03-11,2024-25,ok,18,1.111
2026-07-22T21:06:15.182751,1610612743,vs_opponent,1610612750,2025-03-11,2024-25,ok,18,1.467
2026-07-22T21:06:17.150009,1610612750,vs_opponent,1610612743,2025-03-11,2024-25,ok,19,1.249
2026-07-22T21:06:19.386751,1610612754,vs_opponent,1610612749,2025-03-10,2024-25,ok,19,1.51
2026-07-22T21:06:21.707501,1610612749,vs_opponent,1610612754,2025-03-10,2024-25,ok,18,1.503
2026-07-22T21:06:23.599348,1610612739,vs_opponent,1610612751,2025-03-10,2024-25,ok,19,1.167
2026-07-22T21:06:25.856458,1610612751,vs_opponent,1610612739,2025-03-10,2024-25,ok,24,1.533
2026-07-22T21:06:28.264844,1610612765,vs_opponent,1610612764,2025-03-10,2024-25,ok,17,1.689
2026-07-22T21:06:30.384182,1610612764,vs_opponent,1610612765,2025-03-10,2024-25,ok,18,1.398
2026-07-22T21:06:32.478171,1610612740,vs_opponent,1610612746,2025-03-10,2024-25,ok,17,1.377
2026-07-22T21:06:34.748346,1610612746,vs_opponent,1610612740,2025-03-10,2024-25,ok,18,1.555
2026-07-22T21:06:36.570666,1610612737,vs_opponent,1610612755,2025-03-09,2024-25,empty,0,1.114
2026-07-22T21:06:38.416135,1610612755,vs_opponent,1610612737,2025-03-09,2024-25,empty,0,1.137
2026-07-22T21:06:40.257713,1610612738,vs_opponent,1610612762,2025-03-09,2024-25,empty,0,1.129
2026-07-22T21:06:42.107763,1610612762,vs_opponent,1610612738,2025-03-09,2024-25,empty,0,1.143
2026-07-22T21:06:45.234054,1610612741,vs_opponent,1610612754,2025-03-09,2024-25,ok,23,2.4
2026-07-22T21:06:47.445846,1610612754,vs_opponent,1610612741,2025-03-09,2024-25,ok,21,1.495
2026-07-22T21:06:49.590603,1610612748,vs_opponent,1610612766,2025-03-09,2024-25,ok,17,1.427
2026-07-22T21:06:51.562160,1610612766,vs_opponent,1610612748,2025-03-09,2024-25,ok,18,1.26
2026-07-22T21:06:53.593170,1610612759,vs_opponent,1610612742,2025-03-09,2024-25,ok,18,1.308
2026-07-22T21:06:55.845536,1610612742,vs_opponent,1610612759,2025-03-09,2024-25,ok,18,1.538
2026-07-22T21:06:58.293439,1610612761,vs_opponent,1610612764,2025-03-09,2024-25,ok,21,1.73
2026-07-22T21:07:00.180669,1610612764,vs_opponent,1610612761,2025-03-09,2024-25,ok,24,1.164
2026-07-22T21:07:01.993545,1610612744,vs_opponent,1610612757,2025-03-09,2024-25,ok,17,1.092
2026-07-22T21:07:04.952481,1610612757,vs_opponent,1610612744,2025-03-09,2024-25,ok,18,2.24
2026-07-22T21:07:06.882083,1610612745,vs_opponent,1610612753,2025-03-09,2024-25,empty,0,1.222
2026-07-22T21:07:08.845752,1610612753,vs_opponent,1610612745,2025-03-09,2024-25,empty,0,1.255
2026-07-22T21:07:10.786312,1610612751,vs_opponent,1610612747,2025-03-09,2024-25,ok,18,1.227
2026-07-22T21:07:12.622213,1610612747,vs_opponent,1610612751,2025-03-09,2024-25,ok,18,1.123
2026-07-22T21:07:14.892063,1610612758,vs_opponent,1610612752,2025-03-09,2024-25,ok,17,1.555
2026-07-22T21:07:17.081327,1610612752,vs_opponent,1610612758,2025-03-09,2024-25,ok,17,1.434
2026-07-22T21:07:19.289313,1610612760,vs_opponent,1610612743,2025-03-09,2024-25,ok,20,1.489
2026-07-22T21:07:21.443628,1610612743,vs_opponent,1610612760,2025-03-09,2024-25,ok,18,1.436
2026-07-22T21:07:23.811331,1610612763,vs_opponent,1610612756,2025-03-09,2024-25,ok,22,1.62
2026-07-22T21:07:25.706097,1610612756,vs_opponent,1610612763,2025-03-09,2024-25,ok,20,1.17
2026-07-22T21:07:28.206900,1610612742,vs_opponent,1610612756,2025-03-08,2024-25,ok,18,1.787
2026-07-22T21:07:30.720526,1610612756,vs_opponent,1610612742,2025-03-08,2024-25,ok,17,1.736
2026-07-22T21:07:32.599894,1610612746,vs_opponent,1610612758,2025-03-08,2024-25,ok,18,1.162
2026-07-22T21:07:34.857948,1610612758,vs_opponent,1610612746,2025-03-08,2024-25,ok,17,1.543
2026-07-22T21:07:37.379581,1610612750,vs_opponent,1610612759,2025-03-08,2024-25,ok,18,1.784
2026-07-22T21:07:39.773444,1610612759,vs_opponent,1610612750,2025-03-08,2024-25,ok,18,1.678
2026-07-22T21:07:42.204984,1610612755,vs_opponent,1610612762,2025-03-08,2024-25,ok,17,1.717
2026-07-22T21:07:44.377362,1610612762,vs_opponent,1610612755,2025-03-08,2024-25,ok,18,1.451
2026-07-22T21:07:46.385054,1610612757,vs_opponent,1610612765,2025-03-08,2024-25,ok,18,1.22
2026-07-22T21:07:49.008283,1610612765,vs_opponent,1610612757,2025-03-08,2024-25,ok,19,1.906
2026-07-22T21:07:51.399098,1610612760,vs_opponent,1610612743,2025-03-08,2024-25,ok,19,1.677
2026-07-22T21:07:53.840255,1610612743,vs_opponent,1610612760,2025-03-08,2024-25,ok,18,1.725
2026-07-22T21:07:56.435026,1610612740,vs_opponent,1610612763,2025-03-08,2024-25,ok,19,1.881
2026-07-22T21:07:58.707961,1610612763,vs_opponent,1610612740,2025-03-08,2024-25,ok,19,1.528
2026-07-22T21:08:00.973081,1610612749,vs_opponent,1610612739,2025-03-08,2024-25,ok,18,1.543
2026-07-22T21:08:03.127925,1610612739,vs_opponent,1610612749,2025-03-08,2024-25,ok,17,1.426
2026-07-22T21:08:05.175006,1610612737,vs_opponent,1610612754,2025-03-07,2024-25,ok,22,1.319
2026-07-22T21:08:07.280983,1610612754,vs_opponent,1610612737,2025-03-07,2024-25,ok,19,1.389
2026-07-22T21:08:09.556003,1610612745,vs_opponent,1610612740,2025-03-07,2024-25,ok,18,1.561
2026-07-22T21:08:11.802982,1610612740,vs_opponent,1610612745,2025-03-07,2024-25,ok,21,1.527
2026-07-22T21:08:13.745280,1610612748,vs_opponent,1610612741,2025-03-07,2024-25,ok,17,1.229
2026-07-22T21:08:15.918682,1610612741,vs_opponent,1610612748,2025-03-07,2024-25,ok,18,1.46
2026-07-22T21:08:18.011616,1610612749,vs_opponent,1610612753,2025-03-07,2024-25,ok,18,1.376
2026-07-22T21:08:19.919715,1610612753,vs_opponent,1610612749,2025-03-07,2024-25,ok,17,1.189
2026-07-22T21:08:21.721576,1610612766,vs_opponent,1610612751,2025-03-07,2024-25,ok,22,1.083
2026-07-22T21:08:24.047345,1610612751,vs_opponent,1610612766,2025-03-07,2024-25,ok,23,1.61
2026-07-22T21:08:26.069456,1610612738,vs_opponent,1610612747,2025-03-07,2024-25,ok,17,1.298
2026-07-22T21:08:27.799381,1610612747,vs_opponent,1610612738,2025-03-07,2024-25,ok,18,1.015
2026-07-22T21:08:29.552443,1610612744,vs_opponent,1610612765,2025-03-07,2024-25,ok,16,1.036
2026-07-22T21:08:31.311415,1610612765,vs_opponent,1610612744,2025-03-07,2024-25,ok,17,1.037
2026-07-22T21:08:33.139576,1610612761,vs_opponent,1610612764,2025-03-07,2024-25,ok,18,1.107
2026-07-22T21:08:35.405314,1610612764,vs_opponent,1610612761,2025-03-07,2024-25,ok,18,1.552
2026-07-22T21:08:37.837299,1610612742,vs_opponent,1610612763,2025-03-06,2024-25,ok,18,1.713
2026-07-22T21:08:39.653620,1610612763,vs_opponent,1610612742,2025-03-06,2024-25,ok,18,1.102
2026-07-22T21:08:41.524157,1610612743,vs_opponent,1610612756,2025-03-06,2024-25,ok,18,1.154
2026-07-22T21:08:43.446961,1610612756,vs_opponent,1610612743,2025-03-06,2024-25,ok,20,1.209
2026-07-22T21:08:45.616943,1610612748,vs_opponent,1610612750,2025-03-06,2024-25,ok,17,1.457
2026-07-22T21:08:47.449785,1610612750,vs_opponent,1610612748,2025-03-06,2024-25,ok,18,1.117
2026-07-22T21:08:49.567074,1610612760,vs_opponent,1610612757,2025-03-06,2024-25,ok,19,1.397
2026-07-22T21:08:51.427535,1610612757,vs_opponent,1610612760,2025-03-06,2024-25,ok,18,1.087
2026-07-22T21:08:53.096855,1610612761,vs_opponent,1610612762,2025-03-06,2024-25,empty,0,0.962
2026-07-22T21:08:54.919306,1610612762,vs_opponent,1610612761,2025-03-06,2024-25,empty,0,1.116
2026-07-22T21:08:56.967749,1610612746,vs_opponent,1610612752,2025-03-06,2024-25,empty,0,1.34
2026-07-22T21:08:58.707586,1610612752,vs_opponent,1610612746,2025-03-06,2024-25,empty,0,1.033
2026-07-22T21:09:00.674412,1610612758,vs_opponent,1610612759,2025-03-06,2024-25,ok,18,1.249
2026-07-22T21:09:02.723272,1610612759,vs_opponent,1610612758,2025-03-06,2024-25,ok,18,1.336
2026-07-22T21:09:04.623987,1610612766,vs_opponent,1610612739,2025-03-06,2024-25,ok,19,1.184
2026-07-22T21:09:06.816270,1610612739,vs_opponent,1610612766,2025-03-06,2024-25,ok,17,1.482
2026-07-22T21:09:09.106744,1610612747,vs_opponent,1610612752,2025-03-05,2024-25,ok,18,1.567
2026-07-22T21:09:11.300450,1610612752,vs_opponent,1610612747,2025-03-05,2024-25,ok,17,1.48
2026-07-22T21:09:13.148922,1610612751,vs_opponent,1610612744,2025-03-05,2024-25,ok,18,1.129
2026-07-22T21:09:15.160513,1610612744,vs_opponent,1610612751,2025-03-05,2024-25,ok,17,1.296
2026-07-22T21:09:17.443729,1610612737,vs_opponent,1610612754,2025-03-05,2024-25,ok,18,1.562
2026-07-22T21:09:19.515198,1610612754,vs_opponent,1610612737,2025-03-05,2024-25,ok,18,1.347
2026-07-22T21:09:21.769371,1610612738,vs_opponent,1610612755,2025-03-05,2024-25,ok,18,1.533
2026-07-22T21:09:23.940413,1610612755,vs_opponent,1610612738,2025-03-05,2024-25,ok,20,1.451
2026-07-22T21:09:26.070046,1610612740,vs_opponent,1610612745,2025-03-05,2024-25,ok,17,1.411
2026-07-22T21:09:28.320709,1610612745,vs_opponent,1610612740,2025-03-05,2024-25,ok,17,1.538
2026-07-22T21:09:30.463218,1610612753,vs_opponent,1610612741,2025-03-05,2024-25,ok,17,1.421
2026-07-22T21:09:32.615445,1610612741,vs_opponent,1610612753,2025-03-05,2024-25,ok,18,1.435
2026-07-22T21:09:34.754765,1610612739,vs_opponent,1610612748,2025-03-04,2024-25,ok,17,1.423
2026-07-22T21:09:36.621203,1610612748,vs_opponent,1610612739,2025-03-04,2024-25,ok,18,1.148
2026-07-22T21:09:38.865865,1610612746,vs_opponent,1610612765,2025-03-04,2024-25,ok,18,1.524
2026-07-22T21:09:41.017081,1610612765,vs_opponent,1610612746,2025-03-04,2024-25,ok,18,1.417
2026-07-22T21:09:43.063223,1610612749,vs_opponent,1610612742,2025-03-04,2024-25,ok,17,1.329
2026-07-22T21:09:45.248791,1610612742,vs_opponent,1610612749,2025-03-04,2024-25,ok,18,1.471
2026-07-22T21:09:47.059172,1610612766,vs_opponent,1610612750,2025-03-04,2024-25,ok,18,1.096
2026-07-22T21:09:49.366253,1610612750,vs_opponent,1610612766,2025-03-04,2024-25,ok,18,1.593
2026-07-22T21:09:56.173542,1610612738,vs_opponent,1610612757,2025-03-04,2024-25,empty,0,6.097
2026-07-22T21:10:03.287181,1610612757,vs_opponent,1610612738,2025-03-04,2024-25,empty,0,6.41
2026-07-22T21:10:08.944205,1610612743,vs_opponent,1610612758,2025-03-04,2024-25,ok,18,4.88
2026-07-22T21:10:11.099812,1610612758,vs_opponent,1610612743,2025-03-04,2024-25,ok,18,1.426
2026-07-22T21:10:13.182823,1610612763,vs_opponent,1610612760,2025-03-04,2024-25,ok,21,1.359
2026-07-22T21:10:15.380750,1610612760,vs_opponent,1610612763,2025-03-04,2024-25,ok,18,1.446
2026-07-22T21:10:17.145637,1610612764,vs_opponent,1610612762,2025-03-04,2024-25,empty,0,1.057
2026-07-22T21:10:18.935852,1610612762,vs_opponent,1610612764,2025-03-04,2024-25,empty,0,1.032
2026-07-22T21:10:21.119196,1610612737,vs_opponent,1610612749,2025-03-03,2024-25,ok,23,1.369
2026-07-22T21:10:22.828709,1610612749,vs_opponent,1610612737,2025-03-03,2024-25,ok,21,0.991
2026-07-22T21:10:25.052598,1610612741,vs_opponent,1610612739,2025-03-03,2024-25,ok,18,1.504
2026-07-22T21:10:26.841256,1610612739,vs_opponent,1610612741,2025-03-03,2024-25,ok,17,1.074
2026-07-22T21:10:28.792932,1610612750,vs_opponent,1610612755,2025-03-03,2024-25,empty,0,1.244
2026-07-22T21:10:30.487283,1610612755,vs_opponent,1610612750,2025-03-03,2024-25,empty,0,0.986
2026-07-22T21:10:32.699830,1610612753,vs_opponent,1610612761,2025-03-03,2024-25,ok,18,1.498
2026-07-22T21:10:35.246930,1610612761,vs_opponent,1610612753,2025-03-03,2024-25,ok,20,1.836
2026-07-22T21:10:39.286745,1610612756,vs_opponent,1610612746,2025-03-03,2024-25,ok,18,3.326
2026-07-22T21:10:41.714926,1610612746,vs_opponent,1610612756,2025-03-03,2024-25,ok,18,1.711
2026-07-22T21:10:43.591215,1610612759,vs_opponent,1610612751,2025-03-03,2024-25,ok,18,1.151
2026-07-22T21:10:45.642851,1610612751,vs_opponent,1610612759,2025-03-03,2024-25,ok,18,1.333
2026-07-22T21:10:47.645269,1610612747,vs_opponent,1610612740,2025-03-03,2024-25,ok,18,1.289
2026-07-22T21:10:49.423046,1610612740,vs_opponent,1610612747,2025-03-03,2024-25,ok,18,1.064
2026-07-22T21:10:51.209279,1610612752,vs_opponent,1610612744,2025-03-03,2024-25,empty,0,1.078
2026-07-22T21:10:52.951867,1610612744,vs_opponent,1610612752,2025-03-03,2024-25,empty,0,1.036
2026-07-22T21:10:55.053713,1610612754,vs_opponent,1610612745,2025-03-03,2024-25,ok,18,1.386
2026-07-22T21:10:56.900155,1610612745,vs_opponent,1610612754,2025-03-03,2024-25,ok,17,1.131
2026-07-22T21:11:00.481280,1610612748,vs_opponent,1610612764,2025-03-02,2024-25,ok,17,2.863
2026-07-22T21:11:02.526018,1610612764,vs_opponent,1610612748,2025-03-02,2024-25,ok,18,1.298
2026-07-22T21:11:04.369404,1610612760,vs_opponent,1610612745,2025-03-02,2024-25,ok,19,1.121
2026-07-22T21:11:07.395971,1610612745,vs_opponent,1610612760,2025-03-02,2024-25,ok,17,2.313
2026-07-22T21:11:09.596455,1610612762,vs_opponent,1610612765,2025-03-02,2024-25,ok,18,1.431
2026-07-22T21:11:11.493842,1610612765,vs_opponent,1610612762,2025-03-02,2024-25,ok,17,1.181
2026-07-22T21:11:13.238097,1610612766,vs_opponent,1610612744,2025-03-02,2024-25,ok,19,1.024
2026-07-22T21:11:15.384679,1610612744,vs_opponent,1610612766,2025-03-02,2024-25,ok,17,1.425
2026-07-22T21:11:17.248653,1610612742,vs_opponent,1610612758,2025-03-02,2024-25,ok,22,1.135
2026-07-22T21:11:19.298563,1610612758,vs_opponent,1610612742,2025-03-02,2024-25,ok,22,1.336
2026-07-22T21:11:21.384644,1610612755,vs_opponent,1610612757,2025-03-02,2024-25,ok,17,1.369
2026-07-22T21:11:23.265311,1610612757,vs_opponent,1610612755,2025-03-02,2024-25,ok,18,1.168
2026-07-22T21:11:25.477981,1610612763,vs_opponent,1610612737,2025-03-02,2024-25,ok,18,1.492
2026-07-22T21:11:27.859654,1610612737,vs_opponent,1610612763,2025-03-02,2024-25,ok,17,1.668
2026-07-22T21:11:29.881878,1610612738,vs_opponent,1610612743,2025-03-01,2024-25,ok,17,1.301
2026-07-22T21:11:31.898453,1610612743,vs_opponent,1610612738,2025-03-01,2024-25,ok,18,1.206
2026-07-22T21:11:34.032315,1610612747,vs_opponent,1610612746,2025-03-01,2024-25,ok,23,1.417
2026-07-22T21:11:36.064886,1610612746,vs_opponent,1610612747,2025-03-01,2024-25,ok,23,1.29
2026-07-22T21:11:38.373968,1610612748,vs_opponent,1610612752,2025-03-01,2024-25,ok,17,1.577
2026-07-22T21:11:40.449458,1610612752,vs_opponent,1610612748,2025-03-01,2024-25,ok,15,1.361
2026-07-22T21:11:42.657628,1610612753,vs_opponent,1610612761,2025-03-01,2024-25,ok,17,1.441
2026-07-22T21:11:44.751140,1610612761,vs_opponent,1610612753,2025-03-01,2024-25,ok,19,1.364
2026-07-22T21:11:47.952672,1610612756,vs_opponent,1610612750,2025-03-01,2024-25,ok,18,2.483
2026-07-22T21:11:50.631701,1610612750,vs_opponent,1610612756,2025-03-01,2024-25,ok,19,1.77
2026-07-22T21:11:52.523493,1610612759,vs_opponent,1610612760,2025-03-01,2024-25,ok,18,1.131
2026-07-22T21:11:54.553725,1610612760,vs_opponent,1610612759,2025-03-01,2024-25,ok,19,1.29
2026-07-22T21:11:56.890272,1610612762,vs_opponent,1610612740,2025-03-01,2024-25,ok,18,1.609
2026-07-22T21:11:58.914278,1610612740,vs_opponent,1610612762,2025-03-01,2024-25,ok,17,1.26
2026-07-22T21:12:00.984145,1610612739,vs_opponent,1610612757,2025-03-01,2024-25,empty,0,1.358
2026-07-22T21:12:02.971036,1610612757,vs_opponent,1610612739,2025-03-01,2024-25,empty,0,1.284
2026-07-22T21:12:05.091890,1610612754,vs_opponent,1610612741,2025-03-01,2024-25,ok,20,1.397
2026-07-22T21:12:07.360346,1610612741,vs_opponent,1610612754,2025-03-01,2024-25,ok,19,1.54
2026-07-22T21:12:09.273157,1610612755,vs_opponent,1610612744,2025-02-28,2024-25,ok,17,1.187
2026-07-22T21:12:11.482916,1610612744,vs_opponent,1610612755,2025-02-28,2024-25,ok,16,1.49
2026-07-22T21:12:13.381403,1610612763,vs_opponent,1610612759,2025-02-28,2024-25,ok,18,1.181
2026-07-22T21:12:15.655524,1610612759,vs_opponent,1610612763,2025-02-28,2024-25,ok,20,1.553
2026-07-22T21:12:17.822353,1610612765,vs_opponent,1610612751,2025-02-28,2024-25,ok,19,1.386
2026-07-22T21:12:19.996775,1610612751,vs_opponent,1610612765,2025-02-28,2024-25,ok,23,1.433
2026-07-22T21:12:21.672363,1610612742,vs_opponent,1610612749,2025-02-28,2024-25,empty,0,0.967
2026-07-22T21:12:23.484166,1610612749,vs_opponent,1610612742,2025-02-28,2024-25,empty,0,1.105
2026-07-22T21:12:25.555593,1610612745,vs_opponent,1610612758,2025-02-28,2024-25,ok,17,1.334
2026-07-22T21:12:27.877788,1610612758,vs_opponent,1610612745,2025-02-28,2024-25,ok,18,1.607
2026-07-22T21:12:29.848178,1610612766,vs_opponent,1610612764,2025-02-28,2024-25,ok,19,1.181
2026-07-22T21:12:32.800265,1610612764,vs_opponent,1610612766,2025-02-28,2024-25,ok,18,2.204
2026-07-22T21:12:35.010548,1610612737,vs_opponent,1610612760,2025-02-27,2024-25,ok,18,1.434
2026-07-22T21:12:36.783224,1610612760,vs_opponent,1610612737,2025-02-27,2024-25,ok,18,1.053
2026-07-22T21:12:38.984250,1610612738,vs_opponent,1610612739,2025-02-27,2024-25,ok,17,1.482
2026-07-22T21:12:41.176194,1610612739,vs_opponent,1610612738,2025-02-27,2024-25,ok,17,1.479
2026-07-22T21:12:43.062072,1610612748,vs_opponent,1610612754,2025-02-27,2024-25,ok,18,1.168
2026-07-22T21:12:45.318222,1610612754,vs_opponent,1610612748,2025-02-27,2024-25,ok,18,1.423
2026-07-22T21:12:47.451874,1610612763,vs_opponent,1610612752,2025-02-27,2024-25,ok,18,1.402
2026-07-22T21:12:49.256772,1610612752,vs_opponent,1610612763,2025-02-27,2024-25,ok,17,1.088
2026-07-22T21:12:51.283315,1610612741,vs_opponent,1610612761,2025-02-27,2024-25,ok,19,1.306
2026-07-22T21:12:54.181776,1610612761,vs_opponent,1610612741,2025-02-27,2024-25,ok,19,2.149
2026-07-22T21:12:56.166281,1610612747,vs_opponent,1610612746,2025-02-27,2024-25,ok,21,1.261
2026-07-22T21:12:58.418402,1610612746,vs_opponent,1610612747,2025-02-27,2024-25,ok,20,1.473
2026-07-22T21:13:00.697167,1610612751,vs_opponent,1610612757,2025-02-27,2024-25,ok,18,1.558
2026-07-22T21:13:02.742187,1610612757,vs_opponent,1610612751,2025-02-27,2024-25,ok,18,1.278
2026-07-22T21:13:05.049423,1610612756,vs_opponent,1610612740,2025-02-27,2024-25,ok,20,1.587
2026-07-22T21:13:07.153425,1610612740,vs_opponent,1610612756,2025-02-27,2024-25,ok,21,1.383
2026-07-22T21:13:09.455678,1610612762,vs_opponent,1610612750,2025-02-27,2024-25,ok,18,1.578
2026-07-22T21:13:11.363705,1610612750,vs_opponent,1610612762,2025-02-27,2024-25,ok,17,1.113
2026-07-22T21:13:13.483561,1610612765,vs_opponent,1610612743,2025-02-27,2024-25,ok,17,1.399
2026-07-22T21:13:15.817273,1610612743,vs_opponent,1610612765,2025-02-27,2024-25,ok,18,1.619
2026-07-22T21:13:18.052786,1610612742,vs_opponent,1610612766,2025-02-26,2024-25,ok,18,1.51
2026-07-22T21:13:20.327101,1610612766,vs_opponent,1610612742,2025-02-26,2024-25,ok,18,1.531
2026-07-22T21:13:22.609627,1610612747,vs_opponent,1610612750,2025-02-26,2024-25,ok,18,1.567
2026-07-22T21:13:25.050555,1610612750,vs_opponent,1610612747,2025-02-26,2024-25,ok,18,1.517
2026-07-22T21:13:26.766746,1610612749,vs_opponent,1610612743,2025-02-26,2024-25,empty,0,1.008
2026-07-22T21:13:28.471460,1610612743,vs_opponent,1610612749,2025-02-26,2024-25,empty,0,0.999
2026-07-22T21:13:30.604673,1610612753,vs_opponent,1610612744,2025-02-26,2024-25,ok,17,1.417
2026-07-22T21:13:32.862894,1610612744,vs_opponent,1610612753,2025-02-26,2024-25,ok,17,1.539
2026-07-22T21:13:34.999020,1610612756,vs_opponent,1610612740,2025-02-26,2024-25,ok,17,1.4
2026-07-22T21:13:37.113441,1610612740,vs_opponent,1610612756,2025-02-26,2024-25,ok,17,1.398
2026-07-22T21:13:39.417343,1610612741,vs_opponent,1610612746,2025-02-25,2024-25,ok,18,1.559
2026-07-22T21:13:41.728542,1610612746,vs_opponent,1610612741,2025-02-25,2024-25,ok,18,1.587
2026-07-22T21:13:44.020218,1610612745,vs_opponent,1610612759,2025-02-25,2024-25,ok,17,1.573
2026-07-22T21:13:46.202903,1610612759,vs_opponent,1610612745,2025-02-25,2024-25,ok,18,1.465
2026-07-22T21:13:48.817399,1610612748,vs_opponent,1610612737,2025-02-25,2024-25,ok,20,1.897
2026-07-22T21:13:50.773786,1610612737,vs_opponent,1610612748,2025-02-25,2024-25,ok,21,1.216
2026-07-22T21:13:53.037283,1610612762,vs_opponent,1610612758,2025-02-25,2024-25,ok,19,1.538
2026-07-22T21:13:55.291684,1610612758,vs_opponent,1610612762,2025-02-25,2024-25,ok,18,1.521
2026-07-22T21:13:57.155929,1610612764,vs_opponent,1610612757,2025-02-25,2024-25,empty,0,1.083
2026-07-22T21:13:58.929849,1610612757,vs_opponent,1610612764,2025-02-25,2024-25,empty,0,1.024
2026-07-22T21:14:00.845887,1610612751,vs_opponent,1610612760,2025-02-25,2024-25,ok,18,1.187
2026-07-22T21:14:03.100264,1610612760,vs_opponent,1610612751,2025-02-25,2024-25,ok,18,1.507
2026-07-22T21:14:05.006982,1610612752,vs_opponent,1610612755,2025-02-25,2024-25,ok,18,1.183
2026-07-22T21:14:07.035695,1610612755,vs_opponent,1610612752,2025-02-25,2024-25,ok,18,1.299
2026-07-22T21:14:09.289859,1610612754,vs_opponent,1610612761,2025-02-25,2024-25,ok,18,1.525
2026-07-22T21:14:11.124736,1610612761,vs_opponent,1610612754,2025-02-25,2024-25,ok,18,1.112
2026-07-22T21:14:13.325797,1610612765,vs_opponent,1610612738,2025-02-25,2024-25,ok,17,1.48
2026-07-22T21:14:15.512310,1610612738,vs_opponent,1610612765,2025-02-25,2024-25,ok,17,1.471
2026-07-22T21:14:17.788952,1610612740,vs_opponent,1610612759,2025-02-24,2024-25,ok,20,1.554
2026-07-22T21:14:19.963672,1610612759,vs_opponent,1610612740,2025-02-24,2024-25,ok,21,1.404
2026-07-22T21:14:21.782477,1610612744,vs_opponent,1610612766,2025-02-24,2024-25,empty,0,1.112
2026-07-22T21:14:23.732485,1610612766,vs_opponent,1610612744,2025-02-24,2024-25,empty,0,1.2
2026-07-22T21:14:25.997743,1610612745,vs_opponent,1610612749,2025-02-24,2024-25,ok,17,1.426
2026-07-22T21:14:28.229495,1610612749,vs_opponent,1610612745,2025-02-24,2024-25,ok,18,1.516
2026-07-22T21:14:30.447342,1610612763,vs_opponent,1610612756,2025-02-24,2024-25,ok,21,1.487
2026-07-22T21:14:32.475339,1610612756,vs_opponent,1610612763,2025-02-24,2024-25,ok,20,1.304
2026-07-22T21:14:34.277414,1610612747,vs_opponent,1610612742,2025-02-24,2024-25,ok,18,1.083
2026-07-22T21:14:36.388683,1610612742,vs_opponent,1610612747,2025-02-24,2024-25,ok,18,1.394
2026-07-22T21:14:38.316187,1610612753,vs_opponent,1610612739,2025-02-24,2024-25,ok,17,1.206
2026-07-22T21:14:40.529996,1610612739,vs_opponent,1610612753,2025-02-24,2024-25,ok,17,1.492
2026-07-22T21:14:42.413893,1610612761,vs_opponent,1610612738,2025-02-24,2024-25,ok,20,1.166
2026-07-22T21:14:44.299213,1610612738,vs_opponent,1610612761,2025-02-24,2024-25,ok,17,1.055
2026-07-22T21:14:46.350106,1610612737,vs_opponent,1610612748,2025-02-23,2024-25,ok,18,1.329
2026-07-22T21:14:48.579243,1610612748,vs_opponent,1610612737,2025-02-23,2024-25,ok,17,1.507
2026-07-22T21:14:50.610660,1610612755,vs_opponent,1610612741,2025-02-23,2024-25,ok,17,1.307
2026-07-22T21:14:53.578729,1610612741,vs_opponent,1610612755,2025-02-23,2024-25,ok,19,2.251
2026-07-22T21:14:55.297407,1610612758,vs_opponent,1610612766,2025-02-23,2024-25,empty,0,0.993
2026-07-22T21:14:57.011751,1610612766,vs_opponent,1610612758,2025-02-23,2024-25,empty,0,1.008
2026-07-22T21:14:58.986087,1610612762,vs_opponent,1610612757,2025-02-23,2024-25,ok,18,1.26
2026-07-22T21:15:02.501881,1610612757,vs_opponent,1610612762,2025-02-23,2024-25,ok,18,2.795
2026-07-22T21:15:04.510031,1610612764,vs_opponent,1610612751,2025-02-23,2024-25,ok,18,1.282
2026-07-22T21:15:06.718927,1610612751,vs_opponent,1610612764,2025-02-23,2024-25,ok,18,1.463
2026-07-22T21:15:08.775841,1610612754,vs_opponent,1610612743,2025-02-23,2024-25,empty,0,1.348
2026-07-22T21:15:10.555599,1610612743,vs_opponent,1610612754,2025-02-23,2024-25,empty,0,1.025
2026-07-22T21:15:13.019183,1610612760,vs_opponent,1610612750,2025-02-23,2024-25,ok,18,1.725
2026-07-22T21:15:15.280333,1610612750,vs_opponent,1610612760,2025-02-23,2024-25,ok,18,1.545
2026-07-22T21:15:17.046270,1610612765,vs_opponent,1610612746,2025-02-23,2024-25,empty,0,1.047
2026-07-22T21:15:18.737195,1610612746,vs_opponent,1610612765,2025-02-23,2024-25,empty,0,0.987
2026-07-22T21:15:22.702541,1610612738,vs_opponent,1610612752,2025-02-22,2024-25,ok,18,3.244
2026-07-22T21:15:24.554900,1610612752,vs_opponent,1610612738,2025-02-22,2024-25,ok,18,1.133
2026-07-22T21:15:33.161861,1610612739,vs_opponent,1610612763,2025-02-22,2024-25,empty,0,7.901
2026-07-22T21:15:34.889951,1610612763,vs_opponent,1610612739,2025-02-22,2024-25,empty,0,1.022
2026-07-22T21:15:36.902786,1610612740,vs_opponent,1610612759,2025-02-22,2024-25,ok,17,1.293
2026-07-22T21:15:38.721206,1610612759,vs_opponent,1610612740,2025-02-22,2024-25,ok,18,1.105
2026-07-22T21:15:40.885097,1610612744,vs_opponent,1610612742,2025-02-22,2024-25,ok,20,1.439
2026-07-22T21:15:43.337326,1610612742,vs_opponent,1610612744,2025-02-22,2024-25,ok,22,1.732
2026-07-22T21:15:45.511816,1610612749,vs_opponent,1610612748,2025-02-22,2024-25,ok,18,1.448
2026-07-22T21:15:47.886175,1610612748,vs_opponent,1610612749,2025-02-22,2024-25,ok,18,1.602
2026-07-22T21:15:50.104574,1610612750,vs_opponent,1610612760,2025-02-22,2024-25,ok,18,1.496
2026-07-22T21:15:51.930757,1610612760,vs_opponent,1610612750,2025-02-22,2024-25,ok,18,1.111
2026-07-22T21:15:54.596029,1610612754,vs_opponent,1610612746,2025-02-22,2024-25,ok,18,1.828
2026-07-22T21:15:56.412813,1610612746,vs_opponent,1610612754,2025-02-22,2024-25,ok,18,1.099
2026-07-22T21:15:58.271217,1610612737,vs_opponent,1610612765,2025-02-22,2024-25,ok,19,1.14
2026-07-22T21:16:01.389288,1610612765,vs_opponent,1610612737,2025-02-22,2024-25,ok,19,2.371
2026-07-22T21:16:03.366203,1610612753,vs_opponent,1610612764,2025-02-22,2024-25,ok,17,1.248
2026-07-22T21:16:05.725601,1610612764,vs_opponent,1610612753,2025-02-22,2024-25,ok,18,1.585
2026-07-22T21:16:07.412100,1610612761,vs_opponent,1610612756,2025-02-22,2024-25,empty,0,0.979
2026-07-22T21:16:09.203577,1610612756,vs_opponent,1610612761,2025-02-22,2024-25,empty,0,1.084
2026-07-22T21:16:10.963482,1610612743,vs_opponent,1610612747,2025-02-21,2024-25,ok,18,1.04
2026-07-22T21:16:12.819497,1610612747,vs_opponent,1610612743,2025-02-21,2024-25,ok,18,1.141
2026-07-22T21:16:15.011448,1610612755,vs_opponent,1610612751,2025-02-21,2024-25,ok,22,1.473
2026-07-22T21:16:17.067826,1610612751,vs_opponent,1610612755,2025-02-21,2024-25,ok,23,1.336
2026-07-22T21:16:18.831457,1610612762,vs_opponent,1610612745,2025-02-21,2024-25,empty,0,1.052
2026-07-22T21:16:20.674576,1610612745,vs_opponent,1610612762,2025-02-21,2024-25,empty,0,1.131
2026-07-22T21:16:22.464398,1610612741,vs_opponent,1610612756,2025-02-21,2024-25,empty,0,1.084
2026-07-22T21:16:24.338023,1610612756,vs_opponent,1610612741,2025-02-21,2024-25,empty,0,1.17
2026-07-22T21:16:26.504994,1610612757,vs_opponent,1610612766,2025-02-21,2024-25,ok,18,1.44
2026-07-22T21:16:28.580624,1610612766,vs_opponent,1610612757,2025-02-21,2024-25,ok,18,1.357
2026-07-22T21:16:30.687182,1610612739,vs_opponent,1610612752,2025-02-20,2024-25,ok,17,1.383
2026-07-22T21:16:32.485897,1610612752,vs_opponent,1610612739,2025-02-20,2024-25,ok,15,1.085
2026-07-22T21:16:34.448761,1610612753,vs_opponent,1610612763,2025-02-20,2024-25,ok,17,1.244
2026-07-22T21:16:36.420291,1610612763,vs_opponent,1610612753,2025-02-20,2024-25,ok,17,1.242
2026-07-22T21:16:38.377863,1610612761,vs_opponent,1610612748,2025-02-20,2024-25,ok,19,1.231
2026-07-22T21:16:40.628437,1610612748,vs_opponent,1610612761,2025-02-20,2024-25,ok,17,1.46
2026-07-22T21:16:42.506256,1610612742,vs_opponent,1610612740,2025-02-20,2024-25,ok,19,1.159
2026-07-22T21:16:44.574140,1610612740,vs_opponent,1610612742,2025-02-20,2024-25,ok,19,1.35
2026-07-22T21:16:46.418584,1610612745,vs_opponent,1610612750,2025-02-20,2024-25,ok,18,1.129
2026-07-22T21:16:50.056883,1610612750,vs_opponent,1610612745,2025-02-20,2024-25,ok,19,2.919
2026-07-22T21:16:52.231895,1610612758,vs_opponent,1610612744,2025-02-20,2024-25,ok,18,1.463
2026-07-22T21:16:54.056315,1610612744,vs_opponent,1610612758,2025-02-20,2024-25,ok,16,1.11
2026-07-22T21:16:56.264270,1610612762,vs_opponent,1610612760,2025-02-20,2024-25,ok,19,1.488
2026-07-22T21:16:58.119475,1610612760,vs_opponent,1610612762,2025-02-20,2024-25,ok,18,1.14
2026-07-22T21:17:00.119857,1610612764,vs_opponent,1610612749,2025-02-20,2024-25,ok,18,1.281
2026-07-22T21:17:02.477286,1610612749,vs_opponent,1610612764,2025-02-20,2024-25,ok,18,1.643
2026-07-22T21:17:04.266624,1610612759,vs_opponent,1610612765,2025-02-20,2024-25,empty,0,1.081
2026-07-22T21:17:06.407175,1610612765,vs_opponent,1610612759,2025-02-20,2024-25,empty,0,1.324
2026-07-22T21:17:08.660857,1610612737,vs_opponent,1610612753,2025-02-19,2024-25,ok,17,1.459
2026-07-22T21:17:10.532835,1610612753,vs_opponent,1610612737,2025-02-19,2024-25,ok,18,1.14
2026-07-22T21:17:12.705258,1610612749,vs_opponent,1610612746,2025-02-19,2024-25,ok,18,1.454
2026-07-22T21:17:14.942651,1610612746,vs_opponent,1610612749,2025-02-19,2024-25,ok,18,1.464
2026-07-22T21:17:17.106871,1610612754,vs_opponent,1610612763,2025-02-19,2024-25,ok,18,1.442
2026-07-22T21:17:19.094905,1610612763,vs_opponent,1610612754,2025-02-19,2024-25,ok,18,1.263
2026-07-22T21:17:20.922993,1610612755,vs_opponent,1610612738,2025-02-19,2024-25,ok,17,1.111
2026-07-22T21:17:22.749419,1610612738,vs_opponent,1610612755,2025-02-19,2024-25,ok,17,1.108
2026-07-22T21:17:24.619570,1610612757,vs_opponent,1610612747,2025-02-19,2024-25,ok,18,1.147
2026-07-22T21:17:27.055878,1610612747,vs_opponent,1610612757,2025-02-19,2024-25,ok,20,1.626
2026-07-22T21:17:29.784936,1610612759,vs_opponent,1610612756,2025-02-19,2024-25,ok,18,1.983
2026-07-22T21:17:32.124686,1610612756,vs_opponent,1610612759,2025-02-19,2024-25,ok,17,1.543
2026-07-22T21:17:34.231361,1610612743,vs_opponent,1610612766,2025-02-19,2024-25,ok,18,1.384
2026-07-22T21:17:36.444447,1610612766,vs_opponent,1610612743,2025-02-19,2024-25,ok,18,1.451
2026-07-22T21:17:38.691986,1610612751,vs_opponent,1610612739,2025-02-19,2024-25,ok,20,1.523
2026-07-22T21:17:40.875118,1610612739,vs_opponent,1610612751,2025-02-19,2024-25,ok,17,1.449
2026-07-22T21:17:42.759362,1610612752,vs_opponent,1610612741,2025-02-19,2024-25,ok,18,1.145
2026-07-22T21:17:44.582225,1610612741,vs_opponent,1610612752,2025-02-19,2024-25,ok,19,1.107
2026-07-22T21:17:46.498001,1610612747,vs_opponent,1610612766,2025-02-18,2024-25,ok,18,1.199
2026-07-22T21:17:48.321911,1610612766,vs_opponent,1610612747,2025-02-18,2024-25,ok,18,1.056
2026-07-22T21:17:50.612579,1610612740,vs_opponent,1610612758,2025-02-12,2024-25,ok,20,1.57
2026-07-22T21:17:52.512824,1610612758,vs_opponent,1610612740,2025-02-12,2024-25,ok,22,1.171
2026-07-22T21:17:54.357321,1610612742,vs_opponent,1610612748,2025-02-12,2024-25,ok,18,1.117
2026-07-22T21:17:56.674129,1610612748,vs_opponent,1610612742,2025-02-12,2024-25,ok,17,1.564
2026-07-22T21:17:59.220141,1610612745,vs_opponent,1610612744,2025-02-12,2024-25,ok,17,1.675
2026-07-22T21:18:03.173695,1610612744,vs_opponent,1610612745,2025-02-12,2024-25,ok,17,2.216
2026-07-22T21:18:06.214566,1610612750,vs_opponent,1610612760,2025-02-12,2024-25,ok,17,1.653
2026-07-22T21:18:08.411523,1610612760,vs_opponent,1610612750,2025-02-12,2024-25,ok,18,1.45
2026-07-22T21:18:10.706518,1610612762,vs_opponent,1610612746,2025-02-12,2024-25,ok,22,1.404
2026-07-22T21:18:12.696771,1610612746,vs_opponent,1610612762,2025-02-12,2024-25,ok,22,1.129
2026-07-22T21:18:14.490310,1610612738,vs_opponent,1610612759,2025-02-11,2024-25,empty,0,1.075
2026-07-22T21:18:16.320401,1610612759,vs_opponent,1610612738,2025-02-11,2024-25,empty,0,1.078
2026-07-22T21:18:18.404323,1610612741,vs_opponent,1610612765,2025-02-11,2024-25,ok,22,1.355
2026-07-22T21:18:20.573424,1610612765,vs_opponent,1610612741,2025-02-11,2024-25,ok,21,1.283
2026-07-22T21:18:22.871687,1610612742,vs_opponent,1610612744,2025-02-11,2024-25,ok,18,1.399
2026-07-22T21:18:25.708283,1610612744,vs_opponent,1610612742,2025-02-11,2024-25,ok,18,1.924
2026-07-22T21:18:27.860142,1610612745,vs_opponent,1610612756,2025-02-11,2024-25,empty,0,0.998
2026-07-22T21:18:29.911838,1610612756,vs_opponent,1610612745,2025-02-11,2024-25,empty,0,1.336
2026-07-22T21:18:31.727045,1610612750,vs_opponent,1610612749,2025-02-11,2024-25,empty,0,1.074
2026-07-22T21:18:35.596199,1610612749,vs_opponent,1610612750,2025-02-11,2024-25,empty,0,3.088
2026-07-22T21:18:39.675628,1610612751,vs_opponent,1610612755,2025-02-11,2024-25,ok,23,2.52
2026-07-22T21:18:41.892365,1610612755,vs_opponent,1610612751,2025-02-11,2024-25,ok,18,1.229
2026-07-22T21:18:44.445492,1610612752,vs_opponent,1610612737,2025-02-11,2024-25,ok,18,1.545
2026-07-22T21:18:46.736189,1610612737,vs_opponent,1610612752,2025-02-11,2024-25,ok,19,1.526
2026-07-22T21:18:49.005164,1610612753,vs_opponent,1610612766,2025-02-11,2024-25,ok,17,1.371
2026-07-22T21:18:51.544422,1610612766,vs_opponent,1610612753,2025-02-11,2024-25,ok,18,1.247
2026-07-22T21:18:53.708452,1610612760,vs_opponent,1610612748,2025-02-11,2024-25,ok,18,1.22
2026-07-22T21:18:58.668233,1610612748,vs_opponent,1610612760,2025-02-11,2024-25,ok,16,4.217
2026-07-22T21:19:00.659737,1610612740,vs_opponent,1610612758,2025-02-11,2024-25,ok,20,1.159
2026-07-22T21:19:02.503543,1610612758,vs_opponent,1610612740,2025-02-11,2024-25,ok,22,1.094
2026-07-22T21:19:04.894885,1610612746,vs_opponent,1610612763,2025-02-11,2024-25,ok,18,1.646
2026-07-22T21:19:07.561584,1610612763,vs_opponent,1610612746,2025-02-11,2024-25,ok,18,1.671
2026-07-22T21:19:09.631906,1610612761,vs_opponent,1610612739,2025-02-11,2024-25,ok,20,1.229
2026-07-22T21:19:12.311302,1610612739,vs_opponent,1610612761,2025-02-11,2024-25,ok,17,1.793
2026-07-22T21:19:14.801253,1610612762,vs_opponent,1610612747,2025-02-11,2024-25,ok,21,1.767
2026-07-22T21:19:19.101242,1610612747,vs_opponent,1610612762,2025-02-11,2024-25,ok,25,3.462
2026-07-22T21:19:21.193633,1610612764,vs_opponent,1610612754,2025-02-11,2024-25,ok,18,1.283
2026-07-22T21:19:23.325900,1610612754,vs_opponent,1610612764,2025-02-11,2024-25,ok,18,1.413
2026-07-22T21:19:25.817380,1610612743,vs_opponent,1610612757,2025-02-11,2024-25,ok,18,1.422
2026-07-22T21:19:29.063785,1610612757,vs_opponent,1610612743,2025-02-11,2024-25,ok,19,2.294
2026-07-22T21:19:31.003579,1610612754,vs_opponent,1610612752,2025-02-10,2024-25,ok,17,1.114
2026-07-22T21:19:32.829970,1610612752,vs_opponent,1610612754,2025-02-10,2024-25,ok,17,1.105
2026-07-22T21:19:34.622284,1610612756,vs_opponent,1610612763,2025-02-10,2024-25,ok,17,1.076
2026-07-22T21:19:36.892544,1610612763,vs_opponent,1610612756,2025-02-10,2024-25,ok,18,1.458
2026-07-22T21:19:38.930456,1610612741,vs_opponent,1610612765,2025-02-10,2024-25,ok,19,1.307
2026-07-22T21:19:40.867647,1610612765,vs_opponent,1610612741,2025-02-10,2024-25,ok,19,1.215
2026-07-22T21:19:42.972882,1610612755,vs_opponent,1610612761,2025-02-10,2024-25,ok,17,1.386
2026-07-22T21:19:45.085427,1610612761,vs_opponent,1610612755,2025-02-10,2024-25,ok,18,1.4
2026-07-22T21:19:47.128490,1610612739,vs_opponent,1610612750,2025-02-09,2024-25,ok,17,1.321
2026-07-22T21:19:49.112486,1610612750,vs_opponent,1610612739,2025-02-09,2024-25,ok,17,1.22
2026-07-22T21:19:51.030083,1610612742,vs_opponent,1610612758,2025-02-09,2024-25,ok,18,1.158
2026-07-22T21:19:52.874677,1610612758,vs_opponent,1610612742,2025-02-09,2024-25,ok,18,1.125
2026-07-22T21:19:54.857106,1610612743,vs_opponent,1610612757,2025-02-09,2024-25,ok,18,1.163
2026-07-22T21:19:56.682874,1610612757,vs_opponent,1610612743,2025-02-09,2024-25,ok,18,1.112
2026-07-22T21:19:58.486643,1610612749,vs_opponent,1610612744,2025-02-09,2024-25,empty,0,1.096
2026-07-22T21:20:00.728379,1610612744,vs_opponent,1610612749,2025-02-09,2024-25,empty,0,1.537
2026-07-22T21:20:02.908462,1610612760,vs_opponent,1610612740,2025-02-09,2024-25,ok,19,1.462
2026-07-22T21:20:05.157455,1610612740,vs_opponent,1610612760,2025-02-09,2024-25,ok,18,1.534
2026-07-22T21:20:07.286969,1610612747,vs_opponent,1610612762,2025-02-09,2024-25,ok,18,1.414
2026-07-22T21:20:09.568054,1610612762,vs_opponent,1610612747,2025-02-09,2024-25,ok,19,1.56
2026-07-22T21:20:11.679657,1610612748,vs_opponent,1610612738,2025-02-09,2024-25,ok,17,1.396
2026-07-22T21:20:15.727359,1610612738,vs_opponent,1610612748,2025-02-09,2024-25,ok,17,3.334
2026-07-22T21:20:17.948469,1610612751,vs_opponent,1610612766,2025-02-09,2024-25,ok,23,1.498
2026-07-22T21:20:20.103895,1610612766,vs_opponent,1610612751,2025-02-09,2024-25,ok,20,1.39
2026-07-22T21:20:22.149249,1610612764,vs_opponent,1610612759,2025-02-09,2024-25,ok,18,1.33
2026-07-22T21:20:24.395468,1610612759,vs_opponent,1610612764,2025-02-09,2024-25,ok,18,1.531
2026-07-22T21:20:26.181044,1610612753,vs_opponent,1610612737,2025-02-09,2024-25,empty,0,1.079
2026-07-22T21:20:27.926702,1610612737,vs_opponent,1610612753,2025-02-09,2024-25,empty,0,1.041
2026-07-22T21:20:30.240507,1610612749,vs_opponent,1610612755,2025-02-08,2024-25,ok,18,1.509
2026-07-22T21:20:32.400703,1610612755,vs_opponent,1610612749,2025-02-08,2024-25,ok,18,1.44
2026-07-22T21:20:34.301279,1610612765,vs_opponent,1610612766,2025-02-08,2024-25,ok,17,1.186
2026-07-22T21:20:36.212369,1610612766,vs_opponent,1610612765,2025-02-08,2024-25,ok,19,1.149
2026-07-22T21:20:38.330763,1610612745,vs_opponent,1610612761,2025-02-08,2024-25,ok,17,1.391
2026-07-22T21:20:40.112867,1610612761,vs_opponent,1610612745,2025-02-08,2024-25,ok,18,1.064
2026-07-22T21:20:41.907619,1610612741,vs_opponent,1610612744,2025-02-07,2024-25,ok,18,1.078
2026-07-22T21:20:43.999367,1610612744,vs_opponent,1610612741,2025-02-07,2024-25,ok,16,1.377
2026-07-22T21:20:45.792940,1610612746,vs_opponent,1610612762,2025-02-07,2024-25,ok,18,1.062
2026-07-22T21:20:47.544861,1610612762,vs_opponent,1610612746,2025-02-07,2024-25,ok,19,1.04
2026-07-22T21:20:49.223151,1610612747,vs_opponent,1610612754,2025-02-07,2024-25,empty,0,0.968
2026-07-22T21:20:51.125825,1610612754,vs_opponent,1610612747,2025-02-07,2024-25,empty,0,1.19
2026-07-22T21:20:52.943629,1610612756,vs_opponent,1610612743,2025-02-07,2024-25,ok,17,1.101
2026-07-22T21:20:55.088186,1610612743,vs_opponent,1610612756,2025-02-07,2024-25,ok,18,1.423
2026-07-22T21:20:56.885022,1610612764,vs_opponent,1610612737,2025-02-07,2024-25,ok,18,1.074
2026-07-22T21:20:58.742900,1610612737,vs_opponent,1610612764,2025-02-07,2024-25,ok,18,1.123
2026-07-22T21:21:00.529675,1610612742,vs_opponent,1610612745,2025-02-07,2024-25,ok,18,1.072
2026-07-22T21:21:02.676765,1610612745,vs_opponent,1610612742,2025-02-07,2024-25,ok,17,1.431
2026-07-22T21:21:04.404453,1610612753,vs_opponent,1610612759,2025-02-07,2024-25,empty,0,1.023
2026-07-22T21:21:06.098858,1610612759,vs_opponent,1610612753,2025-02-07,2024-25,empty,0,0.971
2026-07-22T21:21:08.241446,1610612758,vs_opponent,1610612740,2025-02-07,2024-25,ok,18,1.381
2026-07-22T21:21:10.044252,1610612740,vs_opponent,1610612758,2025-02-07,2024-25,ok,17,1.047
2026-07-22T21:21:11.926915,1610612763,vs_opponent,1610612760,2025-02-07,2024-25,ok,18,1.135
2026-07-22T21:21:14.196673,1610612760,vs_opponent,1610612763,2025-02-07,2024-25,ok,18,1.551
2026-07-22T21:21:16.025545,1610612750,vs_opponent,1610612757,2025-02-07,2024-25,ok,18,1.11
2026-07-22T21:21:17.846559,1610612757,vs_opponent,1610612750,2025-02-07,2024-25,ok,18,1.055
2026-07-22T21:21:19.633677,1610612752,vs_opponent,1610612738,2025-02-07,2024-25,ok,15,1.069
2026-07-22T21:21:21.450962,1610612738,vs_opponent,1610612752,2025-02-07,2024-25,ok,17,1.103
2026-07-22T21:21:23.210661,1610612764,vs_opponent,1610612739,2025-02-06,2024-25,ok,18,1.047
2026-07-22T21:21:25.320960,1610612739,vs_opponent,1610612764,2025-02-06,2024-25,ok,17,1.396
2026-07-22T21:21:27.166706,1610612737,vs_opponent,1610612749,2025-02-06,2024-25,ok,18,1.127
2026-07-22T21:21:28.950727,1610612749,vs_opponent,1610612737,2025-02-06,2024-25,ok,18,1.061
2026-07-22T21:21:30.821781,1610612751,vs_opponent,1610612748,2025-02-06,2024-25,ok,21,1.108
2026-07-22T21:21:33.268693,1610612748,vs_opponent,1610612751,2025-02-06,2024-25,ok,17,1.734
2026-07-22T21:21:35.377480,1610612756,vs_opponent,1610612762,2025-02-06,2024-25,ok,17,1.389
2026-07-22T21:21:37.114205,1610612762,vs_opponent,1610612756,2025-02-06,2024-25,ok,20,1.021
2026-07-22T21:21:39.206101,1610612760,vs_opponent,1610612761,2025-02-06,2024-25,ok,18,1.375
2026-07-22T21:21:41.298296,1610612761,vs_opponent,1610612760,2025-02-06,2024-25,ok,18,1.376
2026-07-22T21:21:43.384846,1610612765,vs_opponent,1610612755,2025-02-06,2024-25,ok,17,1.362
2026-07-22T21:21:45.442515,1610612755,vs_opponent,1610612765,2025-02-06,2024-25,ok,17,1.342
2026-07-22T21:21:47.134445,1610612766,vs_opponent,1610612759,2025-02-06,2024-25,empty,0,0.983
2026-07-22T21:21:48.838656,1610612759,vs_opponent,1610612766,2025-02-06,2024-25,empty,0,0.999
2026-07-22T21:21:50.618906,1610612746,vs_opponent,1610612754,2025-02-05,2024-25,empty,0,1.071
2026-07-22T21:21:52.268253,1610612754,vs_opponent,1610612746,2025-02-05,2024-25,empty,0,0.942
2026-07-22T21:21:54.421784,1610612750,vs_opponent,1610612745,2025-02-05,2024-25,ok,18,1.438
2026-07-22T21:21:59.456860,1610612745,vs_opponent,1610612750,2025-02-05,2024-25,ok,17,4.304
2026-07-22T21:22:01.327209,1610612738,vs_opponent,1610612742,2025-02-05,2024-25,ok,17,1.141
2026-07-22T21:22:03.462018,1610612742,vs_opponent,1610612738,2025-02-05,2024-25,ok,18,1.37
2026-07-22T21:22:05.728606,1610612743,vs_opponent,1610612753,2025-02-05,2024-25,ok,18,1.55
2026-07-22T21:22:08.072845,1610612753,vs_opponent,1610612743,2025-02-05,2024-25,ok,17,1.628
2026-07-22T21:22:10.243656,1610612747,vs_opponent,1610612744,2025-02-05,2024-25,ok,21,1.443
2026-07-22T21:22:12.795708,1610612744,vs_opponent,1610612747,2025-02-05,2024-25,ok,16,1.843
2026-07-22T21:22:14.907304,1610612757,vs_opponent,1610612758,2025-02-05,2024-25,ok,18,1.394
2026-07-22T21:22:16.863722,1610612758,vs_opponent,1610612757,2025-02-05,2024-25,ok,18,1.241
2026-07-22T21:22:18.690364,1610612743,vs_opponent,1610612740,2025-02-04,2024-25,ok,18,1.112
2026-07-22T21:22:20.745775,1610612740,vs_opponent,1610612743,2025-02-04,2024-25,ok,19,1.307
2026-07-22T21:22:22.455817,1610612751,vs_opponent,1610612764,2025-02-04,2024-25,empty,0,1.002
2026-07-22T21:22:24.192247,1610612764,vs_opponent,1610612751,2025-02-04,2024-25,empty,0,1.028
2026-07-22T21:22:26.337628,1610612755,vs_opponent,1610612748,2025-02-04,2024-25,ok,17,1.312
2026-07-22T21:22:28.261861,1610612748,vs_opponent,1610612755,2025-02-04,2024-25,ok,17,1.209
2026-07-22T21:22:30.076504,1610612758,vs_opponent,1610612753,2025-02-04,2024-25,empty,0,1.106
2026-07-22T21:22:33.252685,1610612753,vs_opponent,1610612758,2025-02-04,2024-25,empty,0,2.446
2026-07-22T21:22:36.089292,1610612760,vs_opponent,1610612756,2025-02-04,2024-25,ok,18,2.113
2026-07-22T21:22:39.318643,1610612756,vs_opponent,1610612760,2025-02-04,2024-25,ok,17,2.515
2026-07-22T21:22:41.427600,1610612762,vs_opponent,1610612744,2025-02-04,2024-25,ok,19,1.394
2026-07-22T21:22:43.884869,1610612744,vs_opponent,1610612762,2025-02-04,2024-25,ok,19,1.742
2026-07-22T21:22:45.919717,1610612765,vs_opponent,1610612739,2025-02-04,2024-25,ok,19,1.318
2026-07-22T21:22:47.863067,1610612739,vs_opponent,1610612765,2025-02-04,2024-25,ok,17,1.213
2026-07-22T21:22:49.929645,1610612750,vs_opponent,1610612741,2025-02-04,2024-25,ok,18,1.353
2026-07-22T21:22:52.063373,1610612741,vs_opponent,1610612750,2025-02-04,2024-25,ok,18,1.413
2026-07-22T21:22:53.870472,1610612766,vs_opponent,1610612749,2025-02-04,2024-25,ok,18,1.09
2026-07-22T21:22:56.069034,1610612749,vs_opponent,1610612766,2025-02-04,2024-25,ok,18,1.483
2026-07-22T21:22:57.891051,1610612737,vs_opponent,1610612759,2025-02-04,2024-25,ok,17,1.102
2026-07-22T21:22:59.945032,1610612759,vs_opponent,1610612737,2025-02-04,2024-25,ok,18,1.336
2026-07-22T21:23:02.411150,1610612761,vs_opponent,1610612763,2025-02-04,2024-25,ok,18,1.745
2026-07-22T21:23:04.495427,1610612763,vs_opponent,1610612761,2025-02-04,2024-25,ok,18,1.369
2026-07-22T21:23:06.297232,1610612739,vs_opponent,1610612738,2025-02-03,2024-25,ok,17,1.084
2026-07-22T21:23:08.496445,1610612738,vs_opponent,1610612739,2025-02-03,2024-25,ok,17,1.486
2026-07-22T21:23:10.199101,1610612741,vs_opponent,1610612748,2025-02-03,2024-25,empty,0,0.993
2026-07-22T21:23:12.233874,1610612748,vs_opponent,1610612741,2025-02-03,2024-25,empty,0,1.328
2026-07-22T21:23:14.148073,1610612751,vs_opponent,1610612745,2025-02-03,2024-25,ok,18,1.191
2026-07-22T21:23:16.230370,1610612745,vs_opponent,1610612751,2025-02-03,2024-25,ok,17,1.366
2026-07-22T21:23:18.073878,1610612755,vs_opponent,1610612742,2025-02-03,2024-25,empty,0,1.135
2026-07-22T21:23:19.882253,1610612742,vs_opponent,1610612755,2025-02-03,2024-25,empty,0,1.103
2026-07-22T21:23:21.752427,1610612757,vs_opponent,1610612754,2025-02-03,2024-25,ok,18,1.145
2026-07-22T21:23:23.517930,1610612754,vs_opponent,1610612757,2025-02-03,2024-25,ok,18,1.051
2026-07-22T21:23:25.416914,1610612761,vs_opponent,1610612752,2025-02-03,2024-25,ok,19,1.179
2026-07-22T21:23:27.612982,1610612752,vs_opponent,1610612761,2025-02-03,2024-25,ok,18,1.482
2026-07-22T21:23:29.816962,1610612746,vs_opponent,1610612747,2025-02-03,2024-25,ok,18,1.374
2026-07-22T21:23:31.594816,1610612747,vs_opponent,1610612746,2025-02-03,2024-25,ok,18,1.057
2026-07-22T21:23:33.759818,1610612743,vs_opponent,1610612740,2025-02-02,2024-25,ok,18,1.447
2026-07-22T21:23:35.829983,1610612740,vs_opponent,1610612743,2025-02-02,2024-25,ok,18,1.356
2026-07-22T21:23:37.732664,1610612744,vs_opponent,1610612753,2025-02-02,2024-25,empty,0,1.197
2026-07-22T21:23:39.575911,1610612753,vs_opponent,1610612744,2025-02-02,2024-25,empty,0,1.136
2026-07-22T21:23:41.396518,1610612757,vs_opponent,1610612756,2025-02-02,2024-25,ok,18,1.099
2026-07-22T21:23:43.448404,1610612756,vs_opponent,1610612757,2025-02-02,2024-25,ok,18,1.334
2026-07-22T21:23:45.585238,1610612766,vs_opponent,1610612764,2025-02-02,2024-25,ok,18,1.418
2026-07-22T21:23:47.480295,1610612764,vs_opponent,1610612766,2025-02-02,2024-25,ok,18,1.177
2026-07-22T21:23:49.739049,1610612750,vs_opponent,1610612758,2025-02-02,2024-25,ok,18,1.543
2026-07-22T21:23:51.917292,1610612758,vs_opponent,1610612750,2025-02-02,2024-25,ok,18,1.466
2026-07-22T21:23:54.031533,1610612752,vs_opponent,1610612745,2025-02-02,2024-25,ok,15,1.39
2026-07-22T21:23:55.923807,1610612745,vs_opponent,1610612752,2025-02-02,2024-25,ok,17,1.14
2026-07-22T21:23:57.806332,1610612760,vs_opponent,1610612749,2025-02-02,2024-25,empty,0,1.175
2026-07-22T21:23:59.568209,1610612749,vs_opponent,1610612760,2025-02-02,2024-25,empty,0,1.055
2026-07-22T21:24:01.321940,1610612762,vs_opponent,1610612754,2025-02-02,2024-25,empty,0,1.046
2026-07-22T21:24:03.106399,1610612754,vs_opponent,1610612762,2025-02-02,2024-25,empty,0,1.076
2026-07-22T21:24:05.356048,1610612763,vs_opponent,1610612759,2025-02-02,2024-25,ok,18,1.479
2026-07-22T21:24:07.343144,1610612759,vs_opponent,1610612763,2025-02-02,2024-25,ok,18,1.269
2026-07-22T21:24:09.599804,1610612765,vs_opponent,1610612737,2025-02-02,2024-25,ok,19,1.523
2026-07-22T21:24:11.396847,1610612737,vs_opponent,1610612765,2025-02-02,2024-25,ok,19,1.079
2026-07-22T21:24:13.512413,1610612765,vs_opponent,1610612741,2025-02-01,2024-25,ok,17,1.328
2026-07-22T21:24:15.535073,1610612741,vs_opponent,1610612765,2025-02-01,2024-25,ok,18,1.309
2026-07-22T21:24:18.001915,1610612739,vs_opponent,1610612742,2025-02-01,2024-25,ok,17,1.736
2026-07-22T21:24:19.887593,1610612742,vs_opponent,1610612739,2025-02-01,2024-25,ok,18,1.161
2026-07-22T21:24:21.957287,1610612749,vs_opponent,1610612763,2025-02-01,2024-25,ok,18,1.332
2026-07-22T21:24:23.877402,1610612763,vs_opponent,1610612749,2025-02-01,2024-25,ok,18,1.168
2026-07-22T21:24:25.718654,1610612755,vs_opponent,1610612738,2025-02-01,2024-25,ok,17,1.124
2026-07-22T21:24:27.494625,1610612738,vs_opponent,1610612755,2025-02-01,2024-25,ok,17,1.049
2026-07-22T21:24:29.465821,1610612761,vs_opponent,1610612746,2025-02-01,2024-25,ok,18,1.243
2026-07-22T21:24:32.016294,1610612746,vs_opponent,1610612761,2025-02-01,2024-25,ok,18,1.676
2026-07-22T21:24:33.807086,1610612745,vs_opponent,1610612751,2025-01-31,2024-25,empty,0,1.083
2026-07-22T21:24:35.664936,1610612751,vs_opponent,1610612745,2025-01-31,2024-25,empty,0,1.151
2026-07-22T21:24:37.445932,1610612750,vs_opponent,1610612764,2025-01-31,2024-25,ok,17,1.034
2026-07-22T21:24:39.670459,1610612764,vs_opponent,1610612750,2025-01-31,2024-25,ok,18,1.21
2026-07-22T21:24:42.192551,1610612759,vs_opponent,1610612748,2025-01-31,2024-25,ok,18,1.692
2026-07-22T21:24:44.351784,1610612748,vs_opponent,1610612759,2025-01-31,2024-25,ok,17,1.439
2026-07-22T21:24:46.789938,1610612766,vs_opponent,1610612743,2025-01-31,2024-25,empty,0,1.729
2026-07-22T21:24:48.632796,1610612743,vs_opponent,1610612766,2025-01-31,2024-25,empty,0,1.136
2026-07-22T21:24:50.615596,1610612754,vs_opponent,1610612737,2025-01-31,2024-25,empty,0,1.271
2026-07-22T21:24:52.299694,1610612737,vs_opponent,1610612754,2025-01-31,2024-25,empty,0,0.98
2026-07-22T21:24:54.133687,1610612757,vs_opponent,1610612756,2025-01-31,2024-25,ok,18,1.094
2026-07-22T21:24:56.275716,1610612756,vs_opponent,1610612757,2025-01-31,2024-25,ok,17,1.418
2026-07-22T21:24:58.324072,1610612760,vs_opponent,1610612758,2025-01-31,2024-25,ok,18,1.325
2026-07-22T21:25:00.485989,1610612758,vs_opponent,1610612760,2025-01-31,2024-25,ok,17,1.432
2026-07-22T21:25:02.633126,1610612762,vs_opponent,1610612753,2025-01-31,2024-25,ok,18,1.417
2026-07-22T21:25:04.692448,1610612753,vs_opponent,1610612762,2025-01-31,2024-25,ok,17,1.301
2026-07-22T21:25:06.501776,1610612752,vs_opponent,1610612747,2025-01-31,2024-25,empty,0,1.098
2026-07-22T21:25:08.308608,1610612747,vs_opponent,1610612752,2025-01-31,2024-25,empty,0,1.099
2026-07-22T21:25:10.504600,1610612744,vs_opponent,1610612756,2025-01-30,2024-25,ok,18,1.472
2026-07-22T21:25:12.683825,1610612756,vs_opponent,1610612744,2025-01-30,2024-25,ok,17,1.442
2026-07-22T21:25:14.760586,1610612755,vs_opponent,1610612743,2025-01-30,2024-25,ok,17,1.346
2026-07-22T21:25:16.862144,1610612743,vs_opponent,1610612755,2025-01-30,2024-25,ok,18,1.377
2026-07-22T21:25:18.903691,1610612761,vs_opponent,1610612741,2025-01-30,2024-25,ok,18,1.307
2026-07-22T21:25:20.711975,1610612741,vs_opponent,1610612761,2025-01-30,2024-25,ok,18,1.08
2026-07-22T21:25:22.451802,1610612765,vs_opponent,1610612742,2025-01-30,2024-25,empty,0,0.965
2026-07-22T21:25:24.121854,1610612742,vs_opponent,1610612765,2025-01-30,2024-25,empty,0,0.967
2026-07-22T21:25:25.799039,1610612766,vs_opponent,1610612746,2025-01-30,2024-25,empty,0,0.971
2026-07-22T21:25:27.500789,1610612746,vs_opponent,1610612766,2025-01-30,2024-25,empty,0,0.997
2026-07-22T21:25:29.702724,1610612740,vs_opponent,1610612738,2025-01-30,2024-25,ok,17,1.366
2026-07-22T21:25:32.084146,1610612738,vs_opponent,1610612740,2025-01-30,2024-25,ok,17,1.622
2026-07-22T21:25:34.542277,1610612759,vs_opponent,1610612749,2025-01-30,2024-25,ok,18,1.723
2026-07-22T21:25:36.342111,1610612749,vs_opponent,1610612759,2025-01-30,2024-25,ok,18,1.07
2026-07-22T21:25:38.398861,1610612763,vs_opponent,1610612745,2025-01-29,2024-25,ok,19,1.323
2026-07-22T21:25:40.468483,1610612745,vs_opponent,1610612763,2025-01-29,2024-25,ok,17,1.341
2026-07-22T21:25:42.554199,1610612739,vs_opponent,1610612737,2025-01-29,2024-25,ok,17,1.36
2026-07-22T21:25:44.301373,1610612737,vs_opponent,1610612739,2025-01-29,2024-25,ok,18,1.022
2026-07-22T21:25:46.157694,1610612757,vs_opponent,1610612753,2025-01-29,2024-25,ok,18,1.14
2026-07-22T21:25:47.986768,1610612753,vs_opponent,1610612757,2025-01-29,2024-25,ok,17,1.116
2026-07-22T21:25:49.731321,1610612762,vs_opponent,1610612750,2025-01-29,2024-25,empty,0,1.036
2026-07-22T21:25:51.597533,1610612750,vs_opponent,1610612762,2025-01-29,2024-25,empty,0,1.16
2026-07-22T21:25:53.577052,1610612764,vs_opponent,1610612747,2025-01-29,2024-25,ok,18,1.241
2026-07-22T21:25:55.703689,1610612747,vs_opponent,1610612764,2025-01-29,2024-25,ok,18,1.396
2026-07-22T21:25:58.024145,1610612738,vs_opponent,1610612741,2025-01-28,2024-25,ok,17,1.597
2026-07-22T21:25:59.985475,1610612741,vs_opponent,1610612738,2025-01-28,2024-25,ok,18,1.249
2026-07-22T21:26:02.163516,1610612755,vs_opponent,1610612758,2025-01-28,2024-25,ok,17,1.459
2026-07-22T21:26:17.430725,1610612758,vs_opponent,1610612755,2025-01-28,2024-25,ok,18,14.551
2026-07-22T21:26:19.895342,1610612756,vs_opponent,1610612750,2025-01-28,2024-25,ok,17,1.743
2026-07-22T21:26:21.941062,1610612750,vs_opponent,1610612756,2025-01-28,2024-25,ok,18,1.307
2026-07-22T21:26:23.907388,1610612759,vs_opponent,1610612746,2025-01-28,2024-25,ok,18,1.25
2026-07-22T21:26:26.580350,1610612746,vs_opponent,1610612759,2025-01-28,2024-25,ok,18,1.951
2026-07-22T21:26:28.737590,1610612740,vs_opponent,1610612742,2025-01-28,2024-25,ok,19,1.414
2026-07-22T21:26:30.612873,1610612742,vs_opponent,1610612740,2025-01-28,2024-25,ok,18,1.147
2026-07-22T21:26:32.465200,1610612744,vs_opponent,1610612760,2025-01-28,2024-25,ok,17,1.137
2026-07-22T21:26:34.939595,1610612760,vs_opponent,1610612744,2025-01-28,2024-25,ok,19,1.744
2026-07-22T21:26:36.764064,1610612748,vs_opponent,1610612739,2025-01-28,2024-25,ok,17,1.098
2026-07-22T21:26:38.702392,1610612739,vs_opponent,1610612748,2025-01-28,2024-25,ok,17,1.208
2026-07-22T21:26:40.960603,1610612752,vs_opponent,1610612743,2025-01-28,2024-25,ok,17,1.523
2026-07-22T21:26:42.757825,1610612743,vs_opponent,1610612752,2025-01-28,2024-25,ok,18,1.079
2026-07-22T21:26:44.557362,1610612754,vs_opponent,1610612765,2025-01-28,2024-25,ok,20,1.064
2026-07-22T21:26:46.447777,1610612765,vs_opponent,1610612754,2025-01-28,2024-25,ok,19,1.163
2026-07-22T21:26:48.147251,1610612764,vs_opponent,1610612761,2025-01-28,2024-25,empty,0,0.993
2026-07-22T21:26:49.813242,1610612761,vs_opponent,1610612764,2025-01-28,2024-25,empty,0,0.958
2026-07-22T21:26:51.936545,1610612766,vs_opponent,1610612751,2025-01-28,2024-25,ok,18,1.39
2026-07-22T21:26:54.057149,1610612751,vs_opponent,1610612766,2025-01-28,2024-25,ok,18,1.391
2026-07-22T21:26:56.500344,1610612757,vs_opponent,1610612749,2025-01-27,2024-25,ok,18,1.704
2026-07-22T21:26:58.275603,1610612749,vs_opponent,1610612757,2025-01-27,2024-25,ok,18,1.058
2026-07-22T21:26:59.924557,1610612737,vs_opponent,1610612745,2025-01-27,2024-25,empty,0,0.945
2026-07-22T21:27:01.627624,1610612745,vs_opponent,1610612737,2025-01-27,2024-25,empty,0,0.998
2026-07-22T21:27:03.421653,1610612744,vs_opponent,1610612762,2025-01-27,2024-25,ok,17,1.072
2026-07-22T21:27:05.633200,1610612762,vs_opponent,1610612744,2025-01-27,2024-25,ok,18,1.495
2026-07-22T21:27:07.475834,1610612755,vs_opponent,1610612747,2025-01-27,2024-25,ok,17,1.12
2026-07-22T21:27:09.530820,1610612747,vs_opponent,1610612755,2025-01-27,2024-25,ok,18,1.327
2026-07-22T21:27:11.548299,1610612738,vs_opponent,1610612745,2025-01-26,2024-25,ok,17,1.206
2026-07-22T21:27:13.477860,1610612745,vs_opponent,1610612738,2025-01-26,2024-25,ok,17,1.214
2026-07-22T21:27:15.202143,1610612741,vs_opponent,1610612743,2025-01-26,2024-25,empty,0,1.017
2026-07-22T21:27:16.884322,1610612743,vs_opponent,1610612741,2025-01-26,2024-25,empty,0,0.974
2026-07-22T21:27:18.631146,1610612742,vs_opponent,1610612764,2025-01-26,2024-25,ok,18,1.025
2026-07-22T21:27:20.712950,1610612764,vs_opponent,1610612742,2025-01-26,2024-25,ok,18,1.365
2026-07-22T21:27:22.533971,1610612750,vs_opponent,1610612737,2025-01-26,2024-25,ok,18,1.097
2026-07-22T21:27:24.373829,1610612737,vs_opponent,1610612750,2025-01-26,2024-25,ok,17,1.122
2026-07-22T21:27:26.060081,1610612752,vs_opponent,1610612763,2025-01-26,2024-25,empty,0,0.979
2026-07-22T21:27:27.778133,1610612763,vs_opponent,1610612752,2025-01-26,2024-25,empty,0,0.999
2026-07-22T21:27:29.832787,1610612756,vs_opponent,1610612746,2025-01-26,2024-25,ok,17,1.337
2026-07-22T21:27:31.862034,1610612746,vs_opponent,1610612756,2025-01-26,2024-25,ok,18,1.31
2026-07-22T21:27:33.970478,1610612761,vs_opponent,1610612740,2025-01-26,2024-25,ok,18,1.383
2026-07-22T21:27:35.730910,1610612740,vs_opponent,1610612761,2025-01-26,2024-25,ok,18,1.039
2026-07-22T21:27:37.552927,1610612762,vs_opponent,1610612749,2025-01-26,2024-25,ok,18,1.058
2026-07-22T21:27:39.727657,1610612749,vs_opponent,1610612762,2025-01-26,2024-25,ok,18,1.458
2026-07-22T21:27:41.537037,1610612739,vs_opponent,1610612765,2025-01-26,2024-25,ok,17,1.066
2026-07-22T21:27:43.516145,1610612765,vs_opponent,1610612739,2025-01-26,2024-25,ok,17,1.259
2026-07-22T21:27:45.323631,1610612748,vs_opponent,1610612753,2025-01-26,2024-25,ok,18,1.086
2026-07-22T21:27:47.412772,1610612753,vs_opponent,1610612748,2025-01-26,2024-25,ok,17,1.376
2026-07-22T21:27:49.234181,1610612751,vs_opponent,1610612758,2025-01-26,2024-25,ok,18,1.103
2026-07-22T21:27:51.273622,1610612758,vs_opponent,1610612751,2025-01-26,2024-25,ok,17,1.32
2026-07-22T21:27:53.099903,1610612766,vs_opponent,1610612747,2025-01-26,2024-25,empty,0,1.12
2026-07-22T21:27:54.784914,1610612747,vs_opponent,1610612766,2025-01-26,2024-25,empty,0,0.98
2026-07-22T21:27:56.567573,1610612757,vs_opponent,1610612760,2025-01-25,2024-25,ok,18,1.067
2026-07-22T21:27:58.653486,1610612760,vs_opponent,1610612757,2025-01-25,2024-25,ok,19,1.366
2026-07-22T21:28:00.822660,1610612739,vs_opponent,1610612745,2025-01-24,2024-25,ok,17,1.447
2026-07-22T21:28:02.966675,1610612745,vs_opponent,1610612739,2025-01-24,2024-25,ok,17,1.419
2026-07-22T21:28:04.815361,1610612744,vs_opponent,1610612747,2025-01-24,2024-25,ok,16,1.126
2026-07-22T21:28:06.756726,1610612747,vs_opponent,1610612744,2025-01-24,2024-25,ok,18,1.227
2026-07-22T21:28:08.547268,1610612750,vs_opponent,1610612743,2025-01-24,2024-25,ok,18,1.073
2026-07-22T21:28:10.262410,1610612743,vs_opponent,1610612750,2025-01-24,2024-25,ok,18,0.995
2026-07-22T21:28:12.319476,1610612751,vs_opponent,1610612748,2025-01-24,2024-25,ok,18,1.342
2026-07-22T21:28:14.487625,1610612748,vs_opponent,1610612751,2025-01-24,2024-25,ok,16,1.451
2026-07-22T21:28:16.279358,1610612753,vs_opponent,1610612765,2025-01-24,2024-25,ok,17,1.075
2026-07-22T21:28:18.033040,1610612765,vs_opponent,1610612753,2025-01-24,2024-25,ok,17,1.034
2026-07-22T21:28:19.945270,1610612756,vs_opponent,1610612764,2025-01-24,2024-25,ok,17,1.197
2026-07-22T21:28:22.320978,1610612764,vs_opponent,1610612756,2025-01-24,2024-25,ok,18,1.646
2026-07-22T21:28:24.404630,1610612763,vs_opponent,1610612762,2025-01-24,2024-25,ok,17,1.342
2026-07-22T21:28:26.191297,1610612762,vs_opponent,1610612763,2025-01-24,2024-25,ok,18,1.064
2026-07-22T21:28:28.053935,1610612737,vs_opponent,1610612761,2025-01-24,2024-25,ok,18,1.143
2026-07-22T21:28:29.990780,1610612761,vs_opponent,1610612737,2025-01-24,2024-25,ok,19,1.223
2026-07-22T21:28:32.389109,1610612741,vs_opponent,1610612755,2025-01-24,2024-25,ok,18,1.688
2026-07-22T21:28:34.523501,1610612755,vs_opponent,1610612741,2025-01-24,2024-25,ok,17,1.41
2026-07-22T21:28:36.341773,1610612742,vs_opponent,1610612738,2025-01-24,2024-25,empty,0,1.111
2026-07-22T21:28:38.128880,1610612738,vs_opponent,1610612742,2025-01-24,2024-25,empty,0,1.08
2026-07-22T21:28:39.881316,1610612752,vs_opponent,1610612758,2025-01-24,2024-25,empty,0,1.047
2026-07-22T21:28:41.604833,1610612758,vs_opponent,1610612752,2025-01-24,2024-25,empty,0,1.017
2026-07-22T21:28:43.303102,1610612766,vs_opponent,1610612740,2025-01-24,2024-25,empty,0,0.991
2026-07-22T21:28:45.036835,1610612740,vs_opponent,1610612766,2025-01-24,2024-25,empty,0,1.026
2026-07-22T21:28:46.767318,1610612746,vs_opponent,1610612749,2025-01-24,2024-25,empty,0,1.02
2026-07-22T21:28:48.727230,1610612749,vs_opponent,1610612746,2025-01-24,2024-25,empty,0,1.256
2026-07-22T21:28:50.446784,1610612766,vs_opponent,1610612757,2025-01-23,2024-25,empty,0,1.015
2026-07-22T21:28:52.472621,1610612757,vs_opponent,1610612766,2025-01-23,2024-25,empty,0,1.318
2026-07-22T21:28:54.325929,1610612755,vs_opponent,1610612739,2025-01-23,2024-25,ok,18,1.133
2026-07-22T21:28:56.429151,1610612739,vs_opponent,1610612755,2025-01-23,2024-25,ok,17,1.376
2026-07-22T21:28:58.163897,1610612763,vs_opponent,1610612740,2025-01-23,2024-25,ok,18,1.014
2026-07-22T21:29:00.325325,1610612740,vs_opponent,1610612763,2025-01-23,2024-25,ok,18,1.445
2026-07-22T21:29:02.388905,1610612737,vs_opponent,1610612761,2025-01-22,2024-25,ok,18,1.343
2026-07-22T21:29:04.179462,1610612761,vs_opponent,1610612737,2025-01-22,2024-25,ok,18,1.076
2026-07-22T21:29:06.572186,1610612743,vs_opponent,1610612758,2025-01-22,2024-25,ok,18,1.613
2026-07-22T21:29:08.423618,1610612758,vs_opponent,1610612743,2025-01-22,2024-25,ok,18,1.138
2026-07-22T21:29:10.586247,1610612746,vs_opponent,1610612764,2025-01-22,2024-25,ok,18,1.44
2026-07-22T21:29:12.332998,1610612764,vs_opponent,1610612746,2025-01-22,2024-25,ok,18,1.031
2026-07-22T21:29:14.252734,1610612749,vs_opponent,1610612748,2025-01-22,2024-25,ok,18,1.2
2026-07-22T21:29:16.081335,1610612748,vs_opponent,1610612749,2025-01-22,2024-25,ok,17,1.108
2026-07-22T21:29:17.783903,1610612753,vs_opponent,1610612757,2025-01-22,2024-25,empty,0,0.996
2026-07-22T21:29:19.644354,1610612757,vs_opponent,1610612753,2025-01-22,2024-25,empty,0,1.154
2026-07-22T21:29:21.790975,1610612760,vs_opponent,1610612742,2025-01-22,2024-25,ok,18,1.421
2026-07-22T21:29:24.080381,1610612742,vs_opponent,1610612760,2025-01-22,2024-25,ok,18,1.578
2026-07-22T21:29:25.790439,1610612744,vs_opponent,1610612741,2025-01-22,2024-25,empty,0,1.003
2026-07-22T21:29:27.506038,1610612741,vs_opponent,1610612744,2025-01-22,2024-25,empty,0,1.005
2026-07-22T21:29:29.230644,1610612747,vs_opponent,1610612738,2025-01-22,2024-25,empty,0,1.02
2026-07-22T21:29:31.734941,1610612738,vs_opponent,1610612747,2025-01-22,2024-25,empty,0,1.799
2026-07-22T21:29:33.758629,1610612737,vs_opponent,1610612765,2025-01-21,2024-25,ok,18,1.303
2026-07-22T21:29:36.019609,1610612765,vs_opponent,1610612737,2025-01-21,2024-25,ok,17,1.477
2026-07-22T21:29:38.162569,1610612746,vs_opponent,1610612738,2025-01-21,2024-25,ok,18,1.413
2026-07-22T21:29:41.515968,1610612738,vs_opponent,1610612746,2025-01-21,2024-25,ok,17,2.462
2026-07-22T21:29:43.626086,1610612758,vs_opponent,1610612744,2025-01-21,2024-25,ok,18,1.374
2026-07-22T21:29:45.792639,1610612744,vs_opponent,1610612758,2025-01-21,2024-25,ok,16,1.451
2026-07-22T21:29:47.511832,1610612760,vs_opponent,1610612762,2025-01-21,2024-25,ok,18,1.002
2026-07-22T21:29:49.286700,1610612762,vs_opponent,1610612760,2025-01-21,2024-25,ok,18,1.058
2026-07-22T21:29:50.979498,1610612763,vs_opponent,1610612766,2025-01-21,2024-25,empty,0,0.986
2026-07-22T21:29:52.729158,1610612766,vs_opponent,1610612763,2025-01-21,2024-25,empty,0,1.037
2026-07-22T21:29:54.493765,1610612745,vs_opponent,1610612739,2025-01-21,2024-25,empty,0,1.057
2026-07-22T21:29:56.417748,1610612739,vs_opponent,1610612745,2025-01-21,2024-25,empty,0,1.216
2026-07-22T21:29:58.517919,1610612751,vs_opponent,1610612756,2025-01-21,2024-25,ok,18,1.362
2026-07-22T21:30:00.755733,1610612756,vs_opponent,1610612751,2025-01-21,2024-25,ok,17,1.523
2026-07-22T21:30:02.581422,1610612742,vs_opponent,1610612750,2025-01-21,2024-25,ok,18,1.103
2026-07-22T21:30:04.769993,1610612750,vs_opponent,1610612742,2025-01-21,2024-25,ok,18,1.469
2026-07-22T21:30:06.662231,1610612747,vs_opponent,1610612764,2025-01-20,2024-25,empty,0,1.184
2026-07-22T21:30:08.578160,1610612764,vs_opponent,1610612747,2025-01-20,2024-25,empty,0,1.209
2026-07-22T21:30:10.751853,1610612748,vs_opponent,1610612757,2025-01-20,2024-25,ok,17,1.458
2026-07-22T21:30:12.571092,1610612757,vs_opponent,1610612748,2025-01-20,2024-25,ok,18,1.099
2026-07-22T21:30:14.638079,1610612751,vs_opponent,1610612752,2025-01-20,2024-25,ok,18,1.345
2026-07-22T21:30:17.473626,1610612752,vs_opponent,1610612751,2025-01-20,2024-25,ok,17,1.724
2026-07-22T21:30:19.473294,1610612761,vs_opponent,1610612753,2025-01-20,2024-25,ok,18,1.218
2026-07-22T21:30:21.475464,1610612753,vs_opponent,1610612761,2025-01-20,2024-25,ok,17,1.265
2026-07-22T21:30:23.324567,1610612743,vs_opponent,1610612755,2025-01-20,2024-25,empty,0,1.048
2026-07-22T21:30:25.321458,1610612755,vs_opponent,1610612743,2025-01-20,2024-25,empty,0,1.124
2026-07-22T21:30:27.914484,1610612740,vs_opponent,1610612762,2025-01-19,2024-25,ok,17,1.574
2026-07-22T21:30:29.766890,1610612762,vs_opponent,1610612740,2025-01-19,2024-25,ok,18,1.112
2026-07-22T21:30:31.660366,1610612746,vs_opponent,1610612741,2025-01-19,2024-25,empty,0,1.175
2026-07-22T21:30:33.417828,1610612741,vs_opponent,1610612746,2025-01-19,2024-25,empty,0,1.053
2026-07-22T21:30:35.426416,1610612752,vs_opponent,1610612737,2025-01-19,2024-25,ok,17,1.29
2026-07-22T21:30:37.624843,1610612737,vs_opponent,1610612752,2025-01-19,2024-25,ok,18,1.471
2026-07-22T21:30:39.556269,1610612766,vs_opponent,1610612742,2025-01-19,2024-25,empty,0,1.132
2026-07-22T21:30:41.474942,1610612742,vs_opponent,1610612766,2025-01-19,2024-25,empty,0,1.211
2026-07-22T21:30:43.333207,1610612739,vs_opponent,1610612756,2025-01-19,2024-25,empty,0,1.15
2026-07-22T21:30:46.716641,1610612756,vs_opponent,1610612739,2025-01-19,2024-25,empty,0,2.671
2026-07-22T21:30:48.703149,1610612744,vs_opponent,1610612738,2025-01-19,2024-25,ok,17,1.254
2026-07-22T21:30:50.996080,1610612738,vs_opponent,1610612744,2025-01-19,2024-25,ok,17,1.568
2026-07-22T21:30:52.915360,1610612745,vs_opponent,1610612765,2025-01-19,2024-25,ok,17,1.201
2026-07-22T21:30:55.162609,1610612765,vs_opponent,1610612745,2025-01-19,2024-25,ok,17,1.533
2026-07-22T21:30:57.046969,1610612763,vs_opponent,1610612750,2025-01-19,2024-25,ok,18,1.159
2026-07-22T21:30:59.288392,1610612750,vs_opponent,1610612763,2025-01-19,2024-25,ok,17,1.507
2026-07-22T21:31:01.063088,1610612746,vs_opponent,1610612747,2025-01-18,2024-25,empty,0,1.069
2026-07-22T21:31:02.917083,1610612747,vs_opponent,1610612746,2025-01-18,2024-25,empty,0,1.147
2026-07-22T21:31:04.996413,1610612749,vs_opponent,1610612755,2025-01-18,2024-25,ok,18,1.359
2026-07-22T21:31:07.543000,1610612755,vs_opponent,1610612749,2025-01-18,2024-25,ok,17,1.701
2026-07-22T21:31:09.429351,1610612753,vs_opponent,1610612743,2025-01-18,2024-25,empty,0,1.125
2026-07-22T21:31:11.146834,1610612743,vs_opponent,1610612753,2025-01-18,2024-25,empty,0,1.013
2026-07-22T21:31:13.014315,1610612758,vs_opponent,1610612764,2025-01-18,2024-25,empty,0,1.117
2026-07-22T21:31:14.820203,1610612764,vs_opponent,1610612758,2025-01-18,2024-25,empty,0,1.097
2026-07-22T21:31:16.833743,1610612757,vs_opponent,1610612741,2025-01-18,2024-25,empty,0,1.302
2026-07-22T21:31:18.635769,1610612741,vs_opponent,1610612757,2025-01-18,2024-25,empty,0,1.064
2026-07-22T21:31:20.487977,1610612760,vs_opponent,1610612751,2025-01-18,2024-25,empty,0,1.146
2026-07-22T21:31:22.415104,1610612751,vs_opponent,1610612760,2025-01-18,2024-25,empty,0,1.224
2026-07-22T21:31:24.194865,1610612748,vs_opponent,1610612759,2025-01-18,2024-25,empty,0,1.074
2026-07-22T21:31:25.976502,1610612759,vs_opponent,1610612748,2025-01-18,2024-25,empty,0,1.069
2026-07-22T21:31:27.942287,1610612738,vs_opponent,1610612737,2025-01-17,2024-25,ok,17,1.178
2026-07-22T21:31:29.769987,1610612737,vs_opponent,1610612738,2025-01-17,2024-25,ok,18,1.104
2026-07-22T21:31:31.563707,1610612754,vs_opponent,1610612755,2025-01-17,2024-25,ok,17,1.067
2026-07-22T21:31:33.726128,1610612755,vs_opponent,1610612754,2025-01-17,2024-25,ok,18,1.439
2026-07-22T21:31:35.600573,1610612744,vs_opponent,1610612764,2025-01-17,2024-25,ok,17,1.142
2026-07-22T21:31:37.402859,1610612764,vs_opponent,1610612744,2025-01-17,2024-25,ok,18,1.076
2026-07-22T21:31:39.130249,1610612750,vs_opponent,1610612739,2025-01-17,2024-25,empty,0,1.02
2026-07-22T21:31:41.313469,1610612739,vs_opponent,1610612750,2025-01-17,2024-25,empty,0,1.47
2026-07-22T21:31:43.298458,1610612757,vs_opponent,1610612745,2025-01-17,2024-25,ok,18,1.138
2026-07-22T21:31:45.611482,1610612745,vs_opponent,1610612757,2025-01-17,2024-25,ok,17,1.58
2026-07-22T21:31:47.810734,1610612765,vs_opponent,1610612756,2025-01-17,2024-25,ok,17,1.482
2026-07-22T21:31:50.012867,1610612756,vs_opponent,1610612765,2025-01-17,2024-25,ok,17,1.475
2026-07-22T21:31:52.569568,1610612741,vs_opponent,1610612766,2025-01-16,2024-25,ok,19,1.831
2026-07-22T21:31:54.815935,1610612766,vs_opponent,1610612741,2025-01-16,2024-25,ok,18,1.509
2026-07-22T21:31:57.070366,1610612742,vs_opponent,1610612760,2025-01-16,2024-25,ok,18,1.536
2026-07-22T21:31:59.309047,1610612760,vs_opponent,1610612742,2025-01-16,2024-25,ok,18,1.515
2026-07-22T21:32:01.591370,1610612748,vs_opponent,1610612743,2025-01-16,2024-25,ok,17,1.372
2026-07-22T21:32:03.430370,1610612743,vs_opponent,1610612748,2025-01-16,2024-25,ok,18,1.102
2026-07-22T21:32:05.269024,1610612749,vs_opponent,1610612761,2025-01-16,2024-25,ok,18,1.112
2026-07-22T21:32:07.245996,1610612761,vs_opponent,1610612749,2025-01-16,2024-25,ok,19,1.254
2026-07-22T21:32:09.174835,1610612752,vs_opponent,1610612750,2025-01-16,2024-25,ok,17,1.203
2026-07-22T21:32:11.363575,1610612750,vs_opponent,1610612752,2025-01-16,2024-25,ok,18,1.2
2026-07-22T21:32:13.192858,1610612738,vs_opponent,1610612753,2025-01-16,2024-25,ok,17,1.093
2026-07-22T21:32:15.478518,1610612753,vs_opponent,1610612738,2025-01-16,2024-25,ok,17,1.563
2026-07-22T21:32:17.205528,1610612740,vs_opponent,1610612762,2025-01-16,2024-25,empty,0,1.022
2026-07-22T21:32:19.022964,1610612762,vs_opponent,1610612740,2025-01-16,2024-25,empty,0,1.025
2026-07-22T21:32:21.146601,1610612759,vs_opponent,1610612763,2025-01-16,2024-25,ok,18,1.388
2026-07-22T21:32:23.444209,1610612763,vs_opponent,1610612759,2025-01-16,2024-25,ok,18,1.401
2026-07-22T21:32:25.338251,1610612747,vs_opponent,1610612751,2025-01-16,2024-25,empty,0,1.186
2026-07-22T21:32:27.323569,1610612751,vs_opponent,1610612747,2025-01-16,2024-25,empty,0,1.241
2026-07-22T21:32:29.159538,1610612757,vs_opponent,1610612746,2025-01-15,2024-25,ok,18,1.108
2026-07-22T21:32:31.154129,1610612746,vs_opponent,1610612757,2025-01-15,2024-25,ok,18,1.182
2026-07-22T21:32:32.923377,1610612765,vs_opponent,1610612754,2025-01-15,2024-25,ok,17,1.034
2026-07-22T21:32:34.791300,1610612754,vs_opponent,1610612765,2025-01-15,2024-25,ok,18,1.15
2026-07-22T21:32:36.553009,1610612758,vs_opponent,1610612745,2025-01-15,2024-25,ok,18,1.031
2026-07-22T21:32:38.348025,1610612745,vs_opponent,1610612758,2025-01-15,2024-25,ok,17,1.083
2026-07-22T21:32:40.446703,1610612760,vs_opponent,1610612739,2025-01-15,2024-25,ok,17,1.362
2026-07-22T21:32:42.259048,1610612739,vs_opponent,1610612760,2025-01-15,2024-25,ok,17,1.073
2026-07-22T21:32:44.101421,1610612764,vs_opponent,1610612756,2025-01-15,2024-25,empty,0,1.131
2026-07-22T21:32:45.856049,1610612756,vs_opponent,1610612764,2025-01-15,2024-25,empty,0,1.019
2026-07-22T21:32:47.647256,1610612740,vs_opponent,1610612742,2025-01-14,2024-25,ok,18,1.061
2026-07-22T21:32:49.456326,1610612742,vs_opponent,1610612740,2025-01-14,2024-25,ok,18,1.067
2026-07-22T21:32:51.303387,1610612741,vs_opponent,1610612737,2025-01-14,2024-25,ok,18,1.12
2026-07-22T21:32:53.112814,1610612737,vs_opponent,1610612741,2025-01-14,2024-25,ok,18,1.099
2026-07-22T21:32:54.817937,1610612743,vs_opponent,1610612745,2025-01-14,2024-25,empty,0,0.997
2026-07-22T21:32:56.508051,1610612745,vs_opponent,1610612743,2025-01-14,2024-25,empty,0,0.983
2026-07-22T21:32:58.285611,1610612746,vs_opponent,1610612751,2025-01-14,2024-25,empty,0,1.068
2026-07-22T21:33:00.074090,1610612751,vs_opponent,1610612746,2025-01-14,2024-25,empty,0,1.081
2026-07-22T21:33:02.381687,1610612747,vs_opponent,1610612748,2025-01-14,2024-25,ok,18,1.574
2026-07-22T21:33:04.416187,1610612748,vs_opponent,1610612747,2025-01-14,2024-25,ok,17,1.278
2026-07-22T21:33:06.293370,1610612755,vs_opponent,1610612752,2025-01-14,2024-25,ok,17,1.15
2026-07-22T21:33:08.260685,1610612752,vs_opponent,1610612755,2025-01-14,2024-25,ok,17,1.16
2026-07-22T21:33:10.058258,1610612759,vs_opponent,1610612763,2025-01-14,2024-25,empty,0,1.075
2026-07-22T21:33:11.954032,1610612763,vs_opponent,1610612759,2025-01-14,2024-25,empty,0,1.122
2026-07-22T21:33:13.920400,1610612761,vs_opponent,1610612738,2025-01-14,2024-25,ok,19,1.238
2026-07-22T21:33:16.195568,1610612738,vs_opponent,1610612761,2025-01-14,2024-25,ok,17,1.562
2026-07-22T21:33:17.970653,1610612749,vs_opponent,1610612753,2025-01-14,2024-25,ok,18,1.055
2026-07-22T21:33:19.816003,1610612753,vs_opponent,1610612749,2025-01-14,2024-25,ok,17,1.124
2026-07-22T21:33:21.839262,1610612750,vs_opponent,1610612744,2025-01-14,2024-25,ok,18,1.302
2026-07-22T21:33:24.143597,1610612744,vs_opponent,1610612750,2025-01-14,2024-25,ok,18,1.588
2026-07-22T21:33:26.011893,1610612762,vs_opponent,1610612766,2025-01-14,2024-25,empty,0,1.16
2026-07-22T21:33:27.876812,1610612766,vs_opponent,1610612762,2025-01-14,2024-25,empty,0,1.159
2026-07-22T21:33:29.754061,1610612741,vs_opponent,1610612740,2025-01-13,2024-25,ok,18,1.161
2026-07-22T21:33:31.519402,1610612740,vs_opponent,1610612741,2025-01-13,2024-25,ok,17,1.046
2026-07-22T21:33:33.862748,1610612742,vs_opponent,1610612743,2025-01-13,2024-25,ok,18,1.621
2026-07-22T21:33:35.812373,1610612743,vs_opponent,1610612742,2025-01-13,2024-25,ok,18,1.209
2026-07-22T21:33:37.590795,1610612754,vs_opponent,1610612739,2025-01-13,2024-25,ok,18,1.042
2026-07-22T21:33:39.430710,1610612739,vs_opponent,1610612754,2025-01-13,2024-25,ok,17,1.116
2026-07-22T21:33:41.143773,1610612755,vs_opponent,1610612760,2025-01-13,2024-25,empty,0,1.008
2026-07-22T21:33:42.892520,1610612760,vs_opponent,1610612755,2025-01-13,2024-25,empty,0,1.04
2026-07-22T21:33:44.774803,1610612757,vs_opponent,1610612751,2025-01-13,2024-25,empty,0,1.176
2026-07-22T21:33:46.496989,1610612751,vs_opponent,1610612757,2025-01-13,2024-25,empty,0,1.017
2026-07-22T21:33:48.385453,1610612737,vs_opponent,1610612756,2025-01-13,2024-25,ok,18,1.171
2026-07-22T21:33:50.364862,1610612756,vs_opponent,1610612737,2025-01-13,2024-25,ok,17,1.264
2026-07-22T21:33:52.188799,1610612749,vs_opponent,1610612758,2025-01-13,2024-25,empty,0,1.115
2026-07-22T21:33:54.046083,1610612758,vs_opponent,1610612749,2025-01-13,2024-25,empty,0,1.152
2026-07-22T21:33:56.370450,1610612745,vs_opponent,1610612763,2025-01-12,2024-25,ok,17,1.609
2026-07-22T21:33:58.724721,1610612763,vs_opponent,1610612745,2025-01-12,2024-25,ok,18,1.636
2026-07-22T21:34:01.111108,1610612747,vs_opponent,1610612759,2025-01-12,2024-25,ok,18,1.671
2026-07-22T21:34:02.886610,1610612759,vs_opponent,1610612747,2025-01-12,2024-25,ok,18,1.057
2026-07-22T21:34:04.910923,1610612752,vs_opponent,1610612765,2025-01-12,2024-25,ok,17,1.308
2026-07-22T21:34:06.844385,1610612765,vs_opponent,1610612752,2025-01-12,2024-25,ok,17,1.219
2026-07-22T21:34:08.779120,1610612761,vs_opponent,1610612744,2025-01-12,2024-25,empty,0,1.227
2026-07-22T21:34:11.058605,1610612744,vs_opponent,1610612761,2025-01-12,2024-25,empty,0,1.572
2026-07-22T21:34:12.878465,1610612764,vs_opponent,1610612750,2025-01-12,2024-25,empty,0,1.111
2026-07-22T21:34:14.627733,1610612750,vs_opponent,1610612764,2025-01-12,2024-25,empty,0,1.046
2026-07-22T21:34:16.444816,1610612746,vs_opponent,1610612748,2025-01-12,2024-25,empty,0,1.067
2026-07-22T21:34:18.415364,1610612748,vs_opponent,1610612746,2025-01-12,2024-25,empty,0,1.266
2026-07-22T21:34:20.124623,1610612739,vs_opponent,1610612754,2025-01-11,2024-25,empty,0,0.998
2026-07-22T21:34:21.985233,1610612754,vs_opponent,1610612739,2025-01-11,2024-25,empty,0,1.148
2026-07-22T21:34:23.764197,1610612741,vs_opponent,1610612758,2025-01-11,2024-25,empty,0,1.072
2026-07-22T21:34:25.482263,1610612758,vs_opponent,1610612741,2025-01-11,2024-25,empty,0,1.014
2026-07-22T21:34:27.603495,1610612742,vs_opponent,1610612743,2025-01-11,2024-25,ok,18,1.402
2026-07-22T21:34:29.513401,1610612743,vs_opponent,1610612742,2025-01-11,2024-25,ok,18,1.143
2026-07-22T21:34:31.661157,1610612752,vs_opponent,1610612749,2025-01-11,2024-25,ok,17,1.431
2026-07-22T21:34:33.910779,1610612749,vs_opponent,1610612752,2025-01-11,2024-25,ok,18,1.531
2026-07-22T21:34:36.077973,1610612756,vs_opponent,1610612766,2025-01-11,2024-25,ok,17,1.45
2026-07-22T21:34:37.895848,1610612766,vs_opponent,1610612756,2025-01-11,2024-25,ok,18,1.098
2026-07-22T21:34:39.662786,1610612753,vs_opponent,1610612755,2025-01-11,2024-25,ok,17,1.044
2026-07-22T21:34:41.737556,1610612755,vs_opponent,1610612753,2025-01-11,2024-25,ok,18,1.356
2026-07-22T21:34:43.857457,1610612762,vs_opponent,1610612751,2025-01-11,2024-25,ok,18,1.377
2026-07-22T21:34:45.934598,1610612751,vs_opponent,1610612762,2025-01-11,2024-25,ok,18,1.356
2026-07-22T21:34:48.487848,1610612764,vs_opponent,1610612760,2025-01-11,2024-25,ok,18,1.821
2026-07-22T21:34:50.409601,1610612760,vs_opponent,1610612764,2025-01-11,2024-25,ok,18,1.19
2026-07-22T21:34:52.157948,1610612738,vs_opponent,1610612740,2025-01-11,2024-25,empty,0,1.043
2026-07-22T21:34:53.966130,1610612740,vs_opponent,1610612738,2025-01-11,2024-25,empty,0,1.012
2026-07-22T21:34:55.662654,1610612750,vs_opponent,1610612763,2025-01-10,2024-25,empty,0,0.985
2026-07-22T21:34:57.444180,1610612763,vs_opponent,1610612750,2025-01-10,2024-25,empty,0,1.066
2026-07-22T21:34:59.233354,1610612765,vs_opponent,1610612761,2025-01-10,2024-25,ok,17,1.073
2026-07-22T21:35:01.414272,1610612761,vs_opponent,1610612765,2025-01-10,2024-25,ok,18,1.458
2026-07-22T21:35:03.225502,1610612756,vs_opponent,1610612762,2025-01-10,2024-25,ok,17,1.089
2026-07-22T21:35:05.465324,1610612762,vs_opponent,1610612756,2025-01-10,2024-25,ok,19,1.507
2026-07-22T21:35:07.147151,1610612757,vs_opponent,1610612748,2025-01-10,2024-25,empty,0,0.975
2026-07-22T21:35:09.162684,1610612748,vs_opponent,1610612757,2025-01-10,2024-25,empty,0,1.296
2026-07-22T21:35:11.087567,1610612741,vs_opponent,1610612764,2025-01-09,2024-25,ok,19,1.042
2026-07-22T21:35:13.211706,1610612764,vs_opponent,1610612741,2025-01-09,2024-25,ok,18,1.286
2026-07-22T21:35:15.029123,1610612752,vs_opponent,1610612760,2025-01-09,2024-25,ok,17,1.084
2026-07-22T21:35:17.221855,1610612760,vs_opponent,1610612752,2025-01-09,2024-25,ok,18,1.392
2026-07-22T21:35:19.190700,1610612753,vs_opponent,1610612749,2025-01-09,2024-25,ok,17,1.247
2026-07-22T21:35:21.069441,1610612749,vs_opponent,1610612753,2025-01-09,2024-25,ok,18,1.155
2026-07-22T21:35:23.040548,1610612754,vs_opponent,1610612744,2025-01-09,2024-25,ok,18,1.254
2026-07-22T21:35:24.854582,1610612744,vs_opponent,1610612754,2025-01-09,2024-25,ok,16,1.1
2026-07-22T21:35:26.710866,1610612755,vs_opponent,1610612740,2025-01-09,2024-25,empty,0,1.147
2026-07-22T21:35:28.487090,1610612740,vs_opponent,1610612755,2025-01-09,2024-25,empty,0,1.067
2026-07-22T21:35:30.452756,1610612738,vs_opponent,1610612758,2025-01-09,2024-25,empty,0,1.257
2026-07-22T21:35:32.166735,1610612758,vs_opponent,1610612738,2025-01-09,2024-25,empty,0,1.003
2026-07-22T21:35:34.686979,1610612743,vs_opponent,1610612751,2025-01-09,2024-25,ok,18,1.793
2026-07-22T21:35:36.595946,1610612751,vs_opponent,1610612743,2025-01-09,2024-25,ok,18,1.191
2026-07-22T21:35:38.527073,1610612739,vs_opponent,1610612761,2025-01-08,2024-25,ok,17,1.211
2026-07-22T21:35:40.641430,1610612761,vs_opponent,1610612739,2025-01-08,2024-25,ok,18,1.399
2026-07-22T21:35:42.504562,1610612742,vs_opponent,1610612757,2025-01-08,2024-25,ok,18,1.144
2026-07-22T21:35:45.406280,1610612757,vs_opponent,1610612742,2025-01-08,2024-25,ok,18,2.181
2026-07-22T21:35:47.279376,1610612762,vs_opponent,1610612748,2025-01-08,2024-25,ok,18,1.103
2026-07-22T21:35:49.523530,1610612748,vs_opponent,1610612762,2025-01-08,2024-25,ok,17,1.516
2026-07-22T21:35:51.185696,1610612765,vs_opponent,1610612744,2025-01-08,2024-25,empty,0,0.948
2026-07-22T21:35:52.986000,1610612744,vs_opponent,1610612765,2025-01-08,2024-25,empty,0,1.091
2026-07-22T21:35:54.702253,1610612753,vs_opponent,1610612750,2025-01-08,2024-25,empty,0,1.001
2026-07-22T21:35:56.504352,1610612750,vs_opponent,1610612753,2025-01-08,2024-25,empty,0,1.094
2026-07-22T21:35:58.309713,1610612756,vs_opponent,1610612737,2025-01-08,2024-25,empty,0,1.095
2026-07-22T21:36:00.197567,1610612737,vs_opponent,1610612756,2025-01-08,2024-25,empty,0,1.178
2026-07-22T21:36:02.338677,1610612763,vs_opponent,1610612745,2025-01-08,2024-25,ok,17,1.415
2026-07-22T21:36:04.549508,1610612745,vs_opponent,1610612763,2025-01-08,2024-25,ok,17,1.477
2026-07-22T21:36:06.248714,1610612749,vs_opponent,1610612759,2025-01-07,2024-25,empty,0,0.985
2026-07-22T21:36:08.063501,1610612759,vs_opponent,1610612749,2025-01-07,2024-25,empty,0,1.112
2026-07-22T21:36:10.225048,1610612752,vs_opponent,1610612761,2025-01-07,2024-25,ok,18,1.378
2026-07-22T21:36:12.223298,1610612761,vs_opponent,1610612752,2025-01-07,2024-25,ok,19,1.266
2026-07-22T21:36:14.305122,1610612754,vs_opponent,1610612741,2025-01-07,2024-25,ok,18,1.356
2026-07-22T21:36:16.652872,1610612741,vs_opponent,1610612754,2025-01-07,2024-25,ok,18,1.578
2026-07-22T21:36:18.436998,1610612739,vs_opponent,1610612760,2025-01-07,2024-25,empty,0,1.069
2026-07-22T21:36:20.243260,1610612760,vs_opponent,1610612739,2025-01-07,2024-25,empty,0,1.095
2026-07-22T21:36:22.306229,1610612743,vs_opponent,1610612746,2025-01-07,2024-25,ok,18,1.335
2026-07-22T21:36:24.491108,1610612746,vs_opponent,1610612743,2025-01-07,2024-25,ok,18,1.374
2026-07-22T21:36:26.794020,1610612751,vs_opponent,1610612765,2025-01-07,2024-25,ok,18,1.569
2026-07-22T21:36:30.405827,1610612765,vs_opponent,1610612751,2025-01-07,2024-25,ok,17,1.684
2026-07-22T21:36:32.210623,1610612755,vs_opponent,1610612764,2025-01-07,2024-25,empty,0,1.09
2026-07-22T21:36:33.942705,1610612764,vs_opponent,1610612755,2025-01-07,2024-25,empty,0,1.027
2026-07-22T21:36:35.818188,1610612740,vs_opponent,1610612757,2025-01-07,2024-25,ok,18,1.138
2026-07-22T21:36:38.391632,1610612757,vs_opponent,1610612740,2025-01-07,2024-25,ok,18,1.832
2026-07-22T21:36:40.230658,1610612762,vs_opponent,1610612737,2025-01-06,2024-25,empty,0,1.126
2026-07-22T21:36:41.938874,1610612737,vs_opponent,1610612762,2025-01-06,2024-25,empty,0,0.984
2026-07-22T21:36:43.826151,1610612740,vs_opponent,1610612750,2025-01-06,2024-25,empty,0,1.176
2026-07-22T21:36:45.532113,1610612750,vs_opponent,1610612740,2025-01-06,2024-25,empty,0,0.999
2026-07-22T21:36:47.290138,1610612742,vs_opponent,1610612747,2025-01-06,2024-25,empty,0,1.049
2026-07-22T21:36:48.999152,1610612747,vs_opponent,1610612742,2025-01-06,2024-25,empty,0,0.994
2026-07-22T21:36:51.046272,1610612743,vs_opponent,1610612738,2025-01-06,2024-25,empty,0,1.332
2026-07-22T21:36:52.900378,1610612738,vs_opponent,1610612743,2025-01-06,2024-25,empty,0,1.143
2026-07-22T21:36:54.632770,1610612744,vs_opponent,1610612748,2025-01-06,2024-25,empty,0,1.028
2026-07-22T21:36:56.373168,1610612748,vs_opponent,1610612744,2025-01-06,2024-25,empty,0,1.033
2026-07-22T21:36:58.730135,1610612764,vs_opponent,1610612745,2025-01-06,2024-25,ok,18,1.448
2026-07-22T21:37:00.734633,1610612745,vs_opponent,1610612764,2025-01-06,2024-25,ok,17,1.269
2026-07-22T21:37:02.809387,1610612766,vs_opponent,1610612756,2025-01-06,2024-25,empty,0,1.338
2026-07-22T21:37:05.590933,1610612756,vs_opponent,1610612766,2025-01-06,2024-25,empty,0,2.072
2026-07-22T21:37:07.390564,1610612741,vs_opponent,1610612759,2025-01-05,2024-25,ok,18,1.069
2026-07-22T21:37:09.833359,1610612759,vs_opponent,1610612741,2025-01-05,2024-25,ok,18,1.716
2026-07-22T21:37:12.097367,1610612750,vs_opponent,1610612746,2025-01-05,2024-25,ok,18,1.528
2026-07-22T21:37:14.032451,1610612746,vs_opponent,1610612750,2025-01-05,2024-25,ok,18,1.211
2026-07-22T21:37:17.155989,1610612752,vs_opponent,1610612753,2025-01-05,2024-25,ok,18,2.402
2026-07-22T21:37:22.889605,1610612753,vs_opponent,1610612752,2025-01-05,2024-25,ok,17,5.007
2026-07-22T21:37:24.836796,1610612755,vs_opponent,1610612756,2025-01-05,2024-25,ok,17,1.168
2026-07-22T21:37:27.144965,1610612756,vs_opponent,1610612755,2025-01-05,2024-25,ok,17,1.586
2026-07-22T21:37:28.958769,1610612763,vs_opponent,1610612742,2025-01-05,2024-25,ok,18,1.089
2026-07-22T21:37:31.219732,1610612742,vs_opponent,1610612763,2025-01-05,2024-25,ok,18,1.499
2026-07-22T21:37:33.011281,1610612765,vs_opponent,1610612757,2025-01-05,2024-25,empty,0,1.035
2026-07-22T21:37:34.877782,1610612757,vs_opponent,1610612765,2025-01-05,2024-25,empty,0,1.145
2026-07-22T21:37:37.094112,1610612751,vs_opponent,1610612754,2025-01-05,2024-25,ok,18,1.497
2026-07-22T21:37:39.306647,1610612754,vs_opponent,1610612751,2025-01-05,2024-25,ok,18,1.493
2026-07-22T21:37:41.626428,1610612758,vs_opponent,1610612748,2025-01-05,2024-25,ok,17,1.517
2026-07-22T21:37:43.947162,1610612748,vs_opponent,1610612758,2025-01-05,2024-25,ok,17,1.565
2026-07-22T21:37:46.429853,1610612761,vs_opponent,1610612749,2025-01-05,2024-25,ok,18,1.757
2026-07-22T21:37:49.105034,1610612749,vs_opponent,1610612761,2025-01-05,2024-25,ok,18,1.811
2026-07-22T21:37:50.975251,1610612744,vs_opponent,1610612758,2025-01-04,2024-25,empty,0,1.059
2026-07-22T21:37:52.736316,1610612758,vs_opponent,1610612744,2025-01-04,2024-25,empty,0,1.045
2026-07-22T21:37:54.535370,1610612753,vs_opponent,1610612762,2025-01-04,2024-25,empty,0,1.094
2026-07-22T21:37:56.278984,1610612762,vs_opponent,1610612753,2025-01-04,2024-25,empty,0,1.03
2026-07-22T21:37:58.059856,1610612760,vs_opponent,1610612738,2025-01-04,2024-25,empty,0,1.076
2026-07-22T21:37:59.864936,1610612738,vs_opponent,1610612760,2025-01-04,2024-25,empty,0,1.094
2026-07-22T21:38:02.143311,1610612739,vs_opponent,1610612766,2025-01-04,2024-25,ok,17,1.548
2026-07-22T21:38:04.320764,1610612766,vs_opponent,1610612739,2025-01-04,2024-25,ok,19,1.377
2026-07-22T21:38:06.177083,1610612745,vs_opponent,1610612747,2025-01-04,2024-25,empty,0,1.143
2026-07-22T21:38:07.970453,1610612747,vs_opponent,1610612745,2025-01-04,2024-25,empty,0,1.042
2026-07-22T21:38:10.151163,1610612764,vs_opponent,1610612740,2025-01-04,2024-25,ok,18,1.42
2026-07-22T21:38:11.940882,1610612740,vs_opponent,1610612764,2025-01-04,2024-25,ok,17,1.06
2026-07-22T21:38:13.633988,1610612746,vs_opponent,1610612737,2025-01-03,2024-25,empty,0,0.981
2026-07-22T21:38:15.375367,1610612737,vs_opponent,1610612746,2025-01-03,2024-25,empty,0,1.032
2026-07-22T21:38:17.269910,1610612754,vs_opponent,1610612756,2025-01-03,2024-25,ok,18,1.171
2026-07-22T21:38:19.251879,1610612756,vs_opponent,1610612754,2025-01-03,2024-25,ok,17,1.237
2026-07-22T21:38:21.002664,1610612765,vs_opponent,1610612750,2025-01-03,2024-25,empty,0,1.046
2026-07-22T21:38:22.870927,1610612750,vs_opponent,1610612765,2025-01-03,2024-25,empty,0,1.162
2026-07-22T21:38:25.566033,1610612741,vs_opponent,1610612752,2025-01-03,2024-25,ok,18,1.961
2026-07-22T21:38:27.326469,1610612752,vs_opponent,1610612741,2025-01-03,2024-25,ok,17,1.041
2026-07-22T21:38:29.247832,1610612744,vs_opponent,1610612763,2025-01-03,2024-25,ok,18,1.195
2026-07-22T21:38:31.022102,1610612763,vs_opponent,1610612744,2025-01-03,2024-25,ok,18,1.056
2026-07-22T21:38:32.753379,1610612748,vs_opponent,1610612762,2025-01-03,2024-25,empty,0,1.025
2026-07-22T21:38:34.610934,1610612762,vs_opponent,1610612748,2025-01-03,2024-25,empty,0,1.148
2026-07-22T21:38:39.725523,1610612749,vs_opponent,1610612757,2025-01-03,2024-25,empty,0,4.405
2026-07-22T21:38:41.541147,1610612757,vs_opponent,1610612749,2025-01-03,2024-25,empty,0,1.107
2026-07-22T21:38:43.381904,1610612751,vs_opponent,1610612755,2025-01-03,2024-25,ok,18,1.119
2026-07-22T21:38:45.328649,1610612755,vs_opponent,1610612751,2025-01-03,2024-25,ok,17,1.226
2026-07-22T21:38:47.361207,1610612759,vs_opponent,1610612743,2025-01-03,2024-25,ok,18,1.31
2026-07-22T21:38:49.309064,1610612743,vs_opponent,1610612759,2025-01-03,2024-25,ok,18,1.203
2026-07-22T21:38:51.271381,1610612742,vs_opponent,1610612739,2025-01-02,2024-25,empty,0,1.252
2026-07-22T21:38:53.067574,1610612739,vs_opponent,1610612742,2025-01-02,2024-25,empty,0,1.081
2026-07-22T21:38:55.272864,1610612743,vs_opponent,1610612759,2025-01-02,2024-25,empty,0,1.494
2026-07-22T21:38:57.102724,1610612759,vs_opponent,1610612743,2025-01-02,2024-25,empty,0,1.118
2026-07-22T21:38:58.934107,1610612747,vs_opponent,1610612737,2025-01-02,2024-25,ok,18,1.055
2026-07-22T21:39:01.008108,1610612737,vs_opponent,1610612747,2025-01-02,2024-25,ok,18,1.338
2026-07-22T21:39:02.850518,1610612760,vs_opponent,1610612752,2025-01-02,2024-25,empty,0,1.085
2026-07-22T21:39:04.787129,1610612752,vs_opponent,1610612760,2025-01-02,2024-25,empty,0,1.225
2026-07-22T21:39:06.632488,1610612740,vs_opponent,1610612764,2025-01-02,2024-25,empty,0,1.135
2026-07-22T21:39:08.404458,1610612764,vs_opponent,1610612740,2025-01-02,2024-25,empty,0,1.069
2026-07-22T21:39:10.525662,1610612745,vs_opponent,1610612738,2025-01-02,2024-25,empty,0,1.406
2026-07-22T21:39:12.477045,1610612738,vs_opponent,1610612745,2025-01-02,2024-25,empty,0,1.242
2026-07-22T21:39:15.396764,1610612758,vs_opponent,1610612763,2025-01-02,2024-25,ok,18,2.175
2026-07-22T21:39:17.339035,1610612763,vs_opponent,1610612758,2025-01-02,2024-25,ok,18,1.216
2026-07-22T21:39:19.051813,1610612761,vs_opponent,1610612753,2025-01-02,2024-25,empty,0,1.006
2026-07-22T21:39:20.786511,1610612753,vs_opponent,1610612761,2025-01-02,2024-25,empty,0,1.022
2026-07-22T21:39:22.810774,1610612765,vs_opponent,1610612766,2025-01-02,2024-25,ok,17,1.292
2026-07-22T21:39:24.992093,1610612766,vs_opponent,1610612765,2025-01-02,2024-25,ok,18,1.452
2026-07-22T21:39:26.836173,1610612744,vs_opponent,1610612755,2025-01-01,2024-25,empty,0,1.131
2026-07-22T21:39:28.648776,1610612755,vs_opponent,1610612744,2025-01-01,2024-25,empty,0,1.107
2026-07-22T21:39:30.623625,1610612748,vs_opponent,1610612754,2025-01-01,2024-25,ok,17,1.238
2026-07-22T21:39:32.768749,1610612754,vs_opponent,1610612748,2025-01-01,2024-25,ok,17,1.4
2026-07-22T21:39:35.348634,1610612749,vs_opponent,1610612751,2025-01-01,2024-25,ok,18,1.841
2026-07-22T21:39:37.452233,1610612751,vs_opponent,1610612749,2025-01-01,2024-25,ok,20,1.367
2026-07-22T21:39:39.645467,1610612747,vs_opponent,1610612757,2025-01-01,2024-25,ok,18,1.457
2026-07-22T21:39:41.738842,1610612757,vs_opponent,1610612747,2025-01-01,2024-25,ok,18,1.357
2026-07-22T21:39:43.537782,1610612760,vs_opponent,1610612746,2025-01-01,2024-25,ok,18,1.056
2026-07-22T21:39:45.366913,1610612746,vs_opponent,1610612760,2025-01-01,2024-25,ok,18,1.094
2026-07-22T21:39:47.606595,1610612750,vs_opponent,1610612738,2025-01-01,2024-25,ok,18,1.501
2026-07-22T21:39:50.232959,1610612738,vs_opponent,1610612750,2025-01-01,2024-25,ok,17,1.897
2026-07-22T21:39:52.372298,1610612745,vs_opponent,1610612742,2024-12-31,2024-25,ok,17,1.418
2026-07-22T21:39:54.717156,1610612742,vs_opponent,1610612745,2024-12-31,2024-25,ok,18,1.576
2026-07-22T21:39:56.734883,1610612748,vs_opponent,1610612740,2024-12-31,2024-25,empty,0,1.19
2026-07-22T21:39:58.547161,1610612740,vs_opponent,1610612748,2024-12-31,2024-25,empty,0,1.107
2026-07-22T21:40:00.428302,1610612761,vs_opponent,1610612751,2024-12-31,2024-25,ok,18,1.145
2026-07-22T21:40:02.396573,1610612751,vs_opponent,1610612761,2024-12-31,2024-25,ok,18,1.143
2026-07-22T21:40:04.333779,1610612764,vs_opponent,1610612741,2024-12-31,2024-25,ok,18,1.21
2026-07-22T21:40:06.467068,1610612741,vs_opponent,1610612764,2024-12-31,2024-25,ok,18,1.403
2026-07-22T21:40:08.441196,1610612765,vs_opponent,1610612753,2024-12-31,2024-25,ok,17,1.215
2026-07-22T21:40:10.324724,1610612753,vs_opponent,1610612765,2024-12-31,2024-25,ok,17,1.144
2026-07-22T21:40:12.341249,1610612743,vs_opponent,1610612737,2024-12-31,2024-25,ok,18,1.287
2026-07-22T21:40:14.558396,1610612737,vs_opponent,1610612743,2024-12-31,2024-25,ok,18,1.487
2026-07-22T21:40:16.787938,1610612752,vs_opponent,1610612762,2024-12-31,2024-25,ok,17,1.489
2026-07-22T21:40:18.880299,1610612762,vs_opponent,1610612752,2024-12-31,2024-25,ok,18,1.372
2026-07-22T21:40:21.061063,1610612758,vs_opponent,1610612755,2024-12-31,2024-25,empty,0,1.471
2026-07-22T21:40:22.775388,1610612755,vs_opponent,1610612758,2024-12-31,2024-25,empty,0,1.001
2026-07-22T21:40:24.992873,1610612747,vs_opponent,1610612739,2024-12-30,2024-25,ok,18,1.486
2026-07-22T21:40:29.306876,1610612739,vs_opponent,1610612747,2024-12-30,2024-25,ok,17,3.568
2026-07-22T21:40:31.310998,1610612738,vs_opponent,1610612761,2024-12-30,2024-25,ok,17,1.27
2026-07-22T21:40:35.298473,1610612761,vs_opponent,1610612738,2024-12-30,2024-25,ok,18,3.267
2026-07-22T21:40:37.586590,1610612754,vs_opponent,1610612749,2024-12-30,2024-25,ok,18,1.564
2026-07-22T21:40:39.829457,1610612749,vs_opponent,1610612754,2024-12-30,2024-25,ok,18,1.527
2026-07-22T21:40:41.714170,1610612756,vs_opponent,1610612763,2024-12-30,2024-25,empty,0,1.172
2026-07-22T21:40:43.503445,1610612763,vs_opponent,1610612756,2024-12-30,2024-25,empty,0,1.08
2026-07-22T21:40:45.323783,1610612759,vs_opponent,1610612746,2024-12-30,2024-25,ok,18,1.096
2026-07-22T21:40:47.170165,1610612746,vs_opponent,1610612759,2024-12-30,2024-25,ok,18,1.074
2026-07-22T21:40:48.915119,1610612760,vs_opponent,1610612750,2024-12-30,2024-25,empty,0,1.027
2026-07-22T21:40:50.601695,1610612750,vs_opponent,1610612760,2024-12-30,2024-25,empty,0,0.971
2026-07-22T21:40:52.293354,1610612740,vs_opponent,1610612746,2024-12-29,2024-25,empty,0,0.981
2026-07-22T21:40:54.062575,1610612746,vs_opponent,1610612740,2024-12-29,2024-25,empty,0,1.053
2026-07-22T21:40:56.115195,1610612744,vs_opponent,1610612739,2024-12-29,2024-25,ok,17,1.318
2026-07-22T21:40:58.582590,1610612739,vs_opponent,1610612744,2024-12-29,2024-25,ok,17,1.743
2026-07-22T21:41:00.302008,1610612757,vs_opponent,1610612755,2024-12-29,2024-25,empty,0,1.007
2026-07-22T21:41:02.859020,1610612755,vs_opponent,1610612757,2024-12-29,2024-25,empty,0,1.848
2026-07-22T21:41:04.652025,1610612762,vs_opponent,1610612743,2024-12-29,2024-25,ok,19,1.072
2026-07-22T21:41:06.760938,1610612743,vs_opponent,1610612762,2024-12-29,2024-25,ok,18,1.385
2026-07-22T21:41:08.529040,1610612764,vs_opponent,1610612752,2024-12-29,2024-25,ok,18,1.045
2026-07-22T21:41:11.147437,1610612752,vs_opponent,1610612764,2024-12-29,2024-25,ok,18,1.736
2026-07-22T21:41:13.036777,1610612758,vs_opponent,1610612742,2024-12-29,2024-25,empty,0,1.178
2026-07-22T21:41:15.331275,1610612742,vs_opponent,1610612758,2024-12-29,2024-25,empty,0,1.586
2026-07-22T21:41:17.607353,1610612766,vs_opponent,1610612741,2024-12-29,2024-25,ok,18,1.552
2026-07-22T21:41:19.340447,1610612741,vs_opponent,1610612766,2024-12-29,2024-25,ok,18,1.021
2026-07-22T21:41:21.366410,1610612738,vs_opponent,1610612754,2024-12-28,2024-25,ok,17,1.308
2026-07-22T21:41:23.525707,1610612754,vs_opponent,1610612738,2024-12-28,2024-25,ok,18,1.436
2026-07-22T21:41:25.821930,1610612750,vs_opponent,1610612759,2024-12-28,2024-25,ok,18,1.101
2026-07-22T21:41:28.134485,1610612759,vs_opponent,1610612750,2024-12-28,2024-25,ok,18,1.472
2026-07-22T21:41:29.906144,1610612760,vs_opponent,1610612763,2024-12-28,2024-25,empty,0,1.066
2026-07-22T21:41:31.608272,1610612763,vs_opponent,1610612760,2024-12-28,2024-25,empty,0,0.994
2026-07-22T21:41:33.315054,1610612745,vs_opponent,1610612748,2024-12-28,2024-25,empty,0,1.001
2026-07-22T21:41:35.013647,1610612748,vs_opponent,1610612745,2024-12-28,2024-25,empty,0,0.991
2026-07-22T21:41:37.071656,1610612753,vs_opponent,1610612751,2024-12-28,2024-25,ok,17,1.275
2026-07-22T21:41:39.116576,1610612751,vs_opponent,1610612753,2024-12-28,2024-25,ok,18,1.322
2026-07-22T21:41:40.885150,1610612761,vs_opponent,1610612737,2024-12-28,2024-25,empty,0,1.058
2026-07-22T21:41:42.659685,1610612737,vs_opponent,1610612761,2024-12-28,2024-25,empty,0,1.07
2026-07-22T21:41:44.331148,1610612743,vs_opponent,1610612765,2024-12-27,2024-25,empty,0,0.964
2026-07-22T21:41:46.025523,1610612765,vs_opponent,1610612743,2024-12-27,2024-25,empty,0,0.986
2026-07-22T21:41:47.867602,1610612747,vs_opponent,1610612758,2024-12-27,2024-25,ok,18,1.087
2026-07-22T21:41:49.970556,1610612758,vs_opponent,1610612747,2024-12-27,2024-25,ok,18,1.386
2026-07-22T21:41:51.662765,1610612762,vs_opponent,1610612755,2024-12-27,2024-25,empty,0,0.983
2026-07-22T21:41:53.443547,1610612755,vs_opponent,1610612762,2024-12-27,2024-25,empty,0,1.078
2026-07-22T21:41:55.378346,1610612766,vs_opponent,1610612760,2024-12-27,2024-25,empty,0,1.064
2026-07-22T21:41:57.110991,1610612760,vs_opponent,1610612766,2024-12-27,2024-25,empty,0,1.024
2026-07-22T21:41:58.779125,1610612737,vs_opponent,1610612748,2024-12-27,2024-25,empty,0,0.964
2026-07-22T21:42:00.480168,1610612748,vs_opponent,1610612737,2024-12-27,2024-25,empty,0,0.997
2026-07-22T21:42:02.240946,1610612741,vs_opponent,1610612749,2024-12-27,2024-25,ok,18,1.043
2026-07-22T21:42:10.127974,1610612749,vs_opponent,1610612741,2024-12-27,2024-25,ok,18,7.17
2026-07-22T21:42:18.874640,1610612744,vs_opponent,1610612756,2024-12-27,2024-25,ok,17,8.031
2026-07-22T21:42:25.083938,1610612756,vs_opponent,1610612744,2024-12-27,2024-25,ok,17,5.487
2026-07-22T21:42:27.326332,1610612757,vs_opponent,1610612742,2024-12-27,2024-25,ok,18,1.516
2026-07-22T21:42:29.518425,1610612742,vs_opponent,1610612757,2024-12-27,2024-25,ok,18,1.416
2026-07-22T21:42:31.639068,1610612764,vs_opponent,1610612752,2024-12-27,2024-25,ok,18,1.401
2026-07-22T21:42:33.397265,1610612752,vs_opponent,1610612764,2024-12-27,2024-25,ok,17,1.039
2026-07-22T21:42:35.321542,1610612743,vs_opponent,1610612739,2024-12-26,2024-25,ok,18,1.205
2026-07-22T21:42:37.225334,1610612739,vs_opponent,1610612743,2024-12-26,2024-25,ok,17,1.191
2026-07-22T21:42:39.303419,1610612745,vs_opponent,1610612750,2024-12-26,2024-25,ok,17,1.365
2026-07-22T21:42:43.418557,1610612750,vs_opponent,1610612745,2024-12-26,2024-25,ok,18,3.393
2026-07-22T21:42:45.159667,1610612751,vs_opponent,1610612759,2024-12-26,2024-25,empty,0,1.032
2026-07-22T21:42:47.000684,1610612759,vs_opponent,1610612751,2024-12-26,2024-25,empty,0,1.136
2026-07-22T21:42:49.086201,1610612753,vs_opponent,1610612752,2024-12-26,2024-25,ok,17,1.369
2026-07-22T21:42:50.818796,1610612752,vs_opponent,1610612753,2024-12-26,2024-25,ok,17,1.015
2026-07-22T21:42:52.559324,1610612756,vs_opponent,1610612742,2024-12-26,2024-25,ok,17,1.024
2026-07-22T21:42:54.384463,1610612742,vs_opponent,1610612756,2024-12-26,2024-25,ok,18,1.095
2026-07-22T21:42:56.257395,1610612738,vs_opponent,1610612754,2024-12-26,2024-25,ok,17,1.155
2026-07-22T21:42:58.087359,1610612754,vs_opponent,1610612738,2024-12-26,2024-25,ok,17,1.103
2026-07-22T21:42:59.841728,1610612740,vs_opponent,1610612763,2024-12-26,2024-25,ok,18,1.018
2026-07-22T21:43:01.721878,1610612763,vs_opponent,1610612740,2024-12-26,2024-25,ok,18,1.155
2026-07-22T21:43:03.868266,1610612746,vs_opponent,1610612744,2024-12-26,2024-25,ok,18,1.431
2026-07-22T21:43:05.678371,1610612744,vs_opponent,1610612746,2024-12-26,2024-25,ok,17,1.091
2026-07-22T21:43:07.432977,1610612737,vs_opponent,1610612741,2024-12-25,2024-25,ok,18,1.039
2026-07-22T21:43:09.236141,1610612741,vs_opponent,1610612737,2024-12-25,2024-25,ok,18,1.084
2026-07-22T21:43:11.055222,1610612740,vs_opponent,1610612745,2024-12-25,2024-25,ok,17,1.095
2026-07-22T21:43:12.843117,1610612745,vs_opponent,1610612740,2024-12-25,2024-25,ok,17,1.055
2026-07-22T21:43:14.957180,1610612753,vs_opponent,1610612748,2024-12-25,2024-25,ok,17,1.4
2026-07-22T21:43:16.866954,1610612748,vs_opponent,1610612753,2024-12-25,2024-25,ok,17,1.192
2026-07-22T21:43:18.743105,1610612758,vs_opponent,1610612765,2024-12-25,2024-25,empty,0,1.168
2026-07-22T21:43:20.464093,1610612765,vs_opponent,1610612758,2024-12-25,2024-25,empty,0,1.017
2026-07-22T21:43:22.705077,1610612764,vs_opponent,1610612766,2024-12-25,2024-25,ok,18,1.51
2026-07-22T21:43:24.602318,1610612766,vs_opponent,1610612764,2024-12-25,2024-25,ok,18,1.175
2026-07-22T21:43:26.524971,1610612749,vs_opponent,1610612751,2024-12-25,2024-25,ok,18,1.184
2026-07-22T21:43:28.678973,1610612751,vs_opponent,1610612749,2024-12-25,2024-25,ok,18,1.439
2026-07-22T21:43:30.397989,1610612754,vs_opponent,1610612760,2024-12-25,2024-25,empty,0,0.978
2026-07-22T21:43:32.320632,1610612760,vs_opponent,1610612754,2024-12-25,2024-25,empty,0,1.216
2026-07-22T21:43:34.073152,1610612757,vs_opponent,1610612762,2024-12-25,2024-25,ok,18,1.032
2026-07-22T21:43:35.819319,1610612762,vs_opponent,1610612757,2024-12-25,2024-25,ok,18,1.028
2026-07-22T21:43:37.510987,1610612763,vs_opponent,1610612761,2024-12-25,2024-25,empty,0,0.983
2026-07-22T21:43:39.391130,1610612761,vs_opponent,1610612763,2024-12-25,2024-25,empty,0,1.122
2026-07-22T21:43:41.081728,1610612752,vs_opponent,1610612759,2024-12-24,2024-25,empty,0,0.983
2026-07-22T21:43:42.817154,1610612759,vs_opponent,1610612752,2024-12-24,2024-25,empty,0,1.032
2026-07-22T21:43:44.611710,1610612756,vs_opponent,1610612743,2024-12-24,2024-25,ok,17,1.072
2026-07-22T21:43:46.413204,1610612743,vs_opponent,1610612756,2024-12-24,2024-25,ok,18,1.088
2026-07-22T21:43:48.146902,1610612738,vs_opponent,1610612755,2024-12-24,2024-25,empty,0,1.022
2026-07-22T21:43:49.829256,1610612755,vs_opponent,1610612738,2024-12-24,2024-25,empty,0,0.962
2026-07-22T21:43:51.593172,1610612742,vs_opponent,1610612750,2024-12-24,2024-25,ok,18,1.046
2026-07-22T21:43:53.488109,1610612750,vs_opponent,1610612742,2024-12-24,2024-25,ok,18,1.141
2026-07-22T21:43:55.360968,1610612744,vs_opponent,1610612747,2024-12-24,2024-25,empty,0,1.162
2026-07-22T21:43:57.200076,1610612747,vs_opponent,1610612744,2024-12-24,2024-25,empty,0,1.136
2026-07-22T21:43:58.950979,1610612739,vs_opponent,1610612762,2024-12-22,2024-25,empty,0,1.043
2026-07-22T21:44:00.760383,1610612762,vs_opponent,1610612739,2024-12-22,2024-25,empty,0,1.1
2026-07-22T21:44:02.566759,1610612743,vs_opponent,1610612756,2024-12-22,2024-25,empty,0,1.1
2026-07-22T21:44:04.409086,1610612756,vs_opponent,1610612743,2024-12-22,2024-25,empty,0,1.096
2026-07-22T21:44:06.262917,1610612744,vs_opponent,1610612754,2024-12-22,2024-25,empty,0,1.143
2026-07-22T21:44:08.036300,1610612754,vs_opponent,1610612744,2024-12-22,2024-25,empty,0,1.066
2026-07-22T21:44:09.798681,1610612748,vs_opponent,1610612751,2024-12-22,2024-25,empty,0,1.031
2026-07-22T21:44:11.875822,1610612751,vs_opponent,1610612748,2024-12-22,2024-25,empty,0,1.195
2026-07-22T21:44:13.714171,1610612752,vs_opponent,1610612761,2024-12-22,2024-25,ok,17,1.1
2026-07-22T21:44:15.521652,1610612761,vs_opponent,1610612752,2024-12-22,2024-25,ok,18,1.087
2026-07-22T21:44:17.214116,1610612755,vs_opponent,1610612759,2024-12-22,2024-25,empty,0,0.983
2026-07-22T21:44:18.908457,1610612759,vs_opponent,1610612755,2024-12-22,2024-25,empty,0,0.99
2026-07-22T21:44:20.597357,1610612760,vs_opponent,1610612764,2024-12-22,2024-25,empty,0,0.983
2026-07-22T21:44:22.543405,1610612764,vs_opponent,1610612760,2024-12-22,2024-25,empty,0,1.239
2026-07-22T21:44:24.380594,1610612763,vs_opponent,1610612746,2024-12-22,2024-25,empty,0,1.107
2026-07-22T21:44:26.131329,1610612746,vs_opponent,1610612763,2024-12-22,2024-25,empty,0,1.045
2026-07-22T21:44:27.784611,1610612737,vs_opponent,1610612750,2024-12-22,2024-25,empty,0,0.947
2026-07-22T21:44:29.602783,1610612750,vs_opponent,1610612737,2024-12-22,2024-25,empty,0,1.111
2026-07-22T21:44:31.832758,1610612741,vs_opponent,1610612749,2024-12-22,2024-25,ok,18,1.504
2026-07-22T21:44:33.732445,1610612749,vs_opponent,1610612741,2024-12-22,2024-25,ok,18,1.168
2026-07-22T21:44:35.575230,1610612747,vs_opponent,1610612765,2024-12-22,2024-25,ok,18,1.111
2026-07-22T21:44:37.778450,1610612765,vs_opponent,1610612747,2024-12-22,2024-25,ok,17,1.469
2026-07-22T21:44:40.132533,1610612766,vs_opponent,1610612745,2024-12-22,2024-25,ok,18,1.63
2026-07-22T21:44:42.634026,1610612745,vs_opponent,1610612766,2024-12-22,2024-25,ok,17,1.771
2026-07-22T21:44:44.430489,1610612742,vs_opponent,1610612757,2024-12-22,2024-25,ok,18,1.048
2026-07-22T21:44:46.394585,1610612757,vs_opponent,1610612742,2024-12-22,2024-25,ok,18,1.062
2026-07-22T21:44:48.108555,1610612753,vs_opponent,1610612738,2024-12-22,2024-25,empty,0,1.001
2026-07-22T21:44:51.119540,1610612738,vs_opponent,1610612753,2024-12-22,2024-25,empty,0,2.303
2026-07-22T21:44:57.022303,1610612740,vs_opponent,1610612743,2024-12-21,2024-25,ok,18,5.183
2026-07-22T21:44:59.158524,1610612743,vs_opponent,1610612740,2024-12-21,2024-25,ok,18,1.416
2026-07-22T21:45:01.139860,1610612761,vs_opponent,1610612745,2024-12-21,2024-25,empty,0,1.27
2026-07-22T21:45:05.495205,1610612745,vs_opponent,1610612761,2024-12-21,2024-25,empty,0,3.619
2026-07-22T21:45:07.305922,1610612758,vs_opponent,1610612754,2024-12-21,2024-25,empty,0,1.102
2026-07-22T21:45:09.051815,1610612754,vs_opponent,1610612758,2024-12-21,2024-25,empty,0,1.041
2026-07-22T21:45:10.873710,1610612737,vs_opponent,1610612763,2024-12-20,2024-25,empty,0,1.114
2026-07-22T21:45:12.579048,1610612763,vs_opponent,1610612737,2024-12-20,2024-25,empty,0,0.997
2026-07-22T21:45:14.734564,1610612739,vs_opponent,1610612755,2024-12-20,2024-25,ok,17,1.413
2026-07-22T21:45:16.981668,1610612755,vs_opponent,1610612739,2024-12-20,2024-25,ok,17,1.522
2026-07-22T21:45:18.772122,1610612740,vs_opponent,1610612752,2024-12-20,2024-25,ok,18,1.071
2026-07-22T21:45:21.052118,1610612752,vs_opponent,1610612740,2024-12-20,2024-25,ok,17,1.538
2026-07-22T21:45:23.187105,1610612741,vs_opponent,1610612738,2024-12-20,2024-25,ok,18,1.419
2026-07-22T21:45:25.277345,1610612738,vs_opponent,1610612741,2024-12-20,2024-25,ok,17,1.364
2026-07-22T21:45:27.232717,1610612742,vs_opponent,1610612746,2024-12-20,2024-25,ok,18,1.234
2026-07-22T21:45:29.065089,1610612746,vs_opponent,1610612742,2024-12-20,2024-25,ok,18,1.103
2026-07-22T21:45:30.904502,1610612753,vs_opponent,1610612748,2024-12-20,2024-25,ok,17,1.085
2026-07-22T21:45:32.814996,1610612748,vs_opponent,1610612753,2024-12-20,2024-25,ok,17,1.14
2026-07-22T21:45:34.635100,1610612758,vs_opponent,1610612747,2024-12-20,2024-25,ok,18,1.102
2026-07-22T21:45:36.828973,1610612747,vs_opponent,1610612758,2024-12-20,2024-25,ok,18,1.476
2026-07-22T21:45:38.611193,1610612750,vs_opponent,1610612744,2024-12-20,2024-25,ok,18,1.049
2026-07-22T21:45:41.796961,1610612744,vs_opponent,1610612750,2024-12-20,2024-25,ok,17,2.419
2026-07-22T21:45:43.576274,1610612756,vs_opponent,1610612765,2024-12-20,2024-25,empty,0,1.028
2026-07-22T21:45:45.357197,1610612765,vs_opponent,1610612756,2024-12-20,2024-25,empty,0,1.074
2026-07-22T21:45:49.377290,1610612759,vs_opponent,1610612757,2024-12-20,2024-25,ok,18,3.241
2026-07-22T21:45:51.177557,1610612757,vs_opponent,1610612759,2024-12-20,2024-25,ok,18,1.07
2026-07-22T21:45:52.997706,1610612749,vs_opponent,1610612764,2024-12-20,2024-25,ok,18,1.098
2026-07-22T21:45:54.840513,1610612764,vs_opponent,1610612749,2024-12-20,2024-25,ok,18,1.116
2026-07-22T21:45:56.540501,1610612751,vs_opponent,1610612762,2024-12-20,2024-25,empty,0,0.991
2026-07-22T21:45:58.261149,1610612762,vs_opponent,1610612751,2024-12-20,2024-25,empty,0,1.011
2026-07-22T21:46:00.396702,1610612739,vs_opponent,1610612749,2024-12-19,2024-25,ok,17,1.406
2026-07-22T21:46:02.137394,1610612749,vs_opponent,1610612739,2024-12-19,2024-25,ok,18,1.028
2026-07-22T21:46:03.834997,1610612748,vs_opponent,1610612760,2024-12-19,2024-25,empty,0,0.99
2026-07-22T21:46:05.751690,1610612760,vs_opponent,1610612748,2024-12-19,2024-25,empty,0,1.211
2026-07-22T21:46:07.951936,1610612755,vs_opponent,1610612766,2024-12-19,2024-25,ok,18,1.39
2026-07-22T21:46:10.145176,1610612766,vs_opponent,1610612755,2024-12-19,2024-25,ok,19,1.478
2026-07-22T21:46:12.035123,1610612738,vs_opponent,1610612741,2024-12-18,2024-25,ok,17,1.171
2026-07-22T21:46:13.967137,1610612741,vs_opponent,1610612738,2024-12-18,2024-25,ok,18,1.216
2026-07-22T21:46:15.963158,1610612742,vs_opponent,1610612746,2024-12-18,2024-25,empty,0,1.284
2026-07-22T21:46:17.764384,1610612746,vs_opponent,1610612742,2024-12-18,2024-25,empty,0,1.097
2026-07-22T21:46:19.555103,1610612745,vs_opponent,1610612740,2024-12-18,2024-25,empty,0,1.084
2026-07-22T21:46:21.380475,1610612740,vs_opponent,1610612745,2024-12-18,2024-25,empty,0,1.119
2026-07-22T21:46:23.202250,1610612758,vs_opponent,1610612747,2024-12-18,2024-25,ok,17,1.103
2026-07-22T21:46:25.141024,1610612747,vs_opponent,1610612758,2024-12-18,2024-25,ok,18,1.228
2026-07-22T21:46:26.888346,1610612759,vs_opponent,1610612737,2024-12-18,2024-25,empty,0,1.035
2026-07-22T21:46:28.708833,1610612737,vs_opponent,1610612759,2024-12-18,2024-25,empty,0,1.059
2026-07-22T21:46:30.549140,1610612761,vs_opponent,1610612751,2024-12-18,2024-25,empty,0,1.131
2026-07-22T21:46:32.377698,1610612751,vs_opponent,1610612761,2024-12-18,2024-25,empty,0,1.122
2026-07-22T21:46:34.192107,1610612765,vs_opponent,1610612762,2024-12-18,2024-25,empty,0,1.101
2026-07-22T21:46:37.308411,1610612762,vs_opponent,1610612765,2024-12-18,2024-25,empty,0,2.41
2026-07-22T21:46:39.139637,1610612750,vs_opponent,1610612752,2024-12-18,2024-25,empty,0,1.12
2026-07-22T21:46:40.951163,1610612752,vs_opponent,1610612750,2024-12-18,2024-25,empty,0,1.103
2026-07-22T21:46:42.812719,1610612756,vs_opponent,1610612754,2024-12-18,2024-25,empty,0,1.118
2026-07-22T21:46:44.578746,1610612754,vs_opponent,1610612756,2024-12-18,2024-25,empty,0,1.039
2026-07-22T21:46:46.421650,1610612757,vs_opponent,1610612743,2024-12-18,2024-25,empty,0,1.133
2026-07-22T21:46:48.205743,1610612743,vs_opponent,1610612757,2024-12-18,2024-25,empty,0,1.074
2026-07-22T21:46:51.551005,1610612763,vs_opponent,1610612744,2024-12-18,2024-25,ok,18,2.453
2026-07-22T21:46:53.741331,1610612744,vs_opponent,1610612763,2024-12-18,2024-25,ok,17,1.469
2026-07-22T21:46:55.805580,1610612764,vs_opponent,1610612766,2024-12-18,2024-25,empty,0,1.355
2026-07-22T21:46:57.583871,1610612766,vs_opponent,1610612764,2024-12-18,2024-25,empty,0,1.07
2026-07-22T21:46:59.743740,1610612753,vs_opponent,1610612760,2024-12-18,2024-25,ok,17,1.441
2026-07-22T21:47:01.934628,1610612760,vs_opponent,1610612753,2024-12-18,2024-25,ok,18,1.459
2026-07-22T21:47:03.747723,1610612746,vs_opponent,1610612762,2024-12-15,2024-25,ok,18,1.09
2026-07-22T21:47:05.517862,1610612762,vs_opponent,1610612746,2024-12-15,2024-25,ok,18,1.029
2026-07-22T21:47:07.390603,1610612751,vs_opponent,1610612739,2024-12-15,2024-25,ok,18,1.133
2026-07-22T21:47:09.152065,1610612739,vs_opponent,1610612751,2024-12-15,2024-25,ok,17,1.039
2026-07-22T21:47:10.929527,1610612758,vs_opponent,1610612743,2024-12-15,2024-25,empty,0,1.064
2026-07-22T21:47:12.864771,1610612743,vs_opponent,1610612758,2024-12-15,2024-25,empty,0,1.228
2026-07-22T21:47:14.984639,1610612761,vs_opponent,1610612741,2024-12-15,2024-25,empty,0,1.402
2026-07-22T21:47:18.418328,1610612741,vs_opponent,1610612761,2024-12-15,2024-25,empty,0,2.721
2026-07-22T21:47:20.620739,1610612765,vs_opponent,1610612748,2024-12-15,2024-25,ok,17,1.467
2026-07-22T21:47:22.486461,1610612748,vs_opponent,1610612765,2024-12-15,2024-25,ok,17,1.139
2026-07-22T21:47:24.615478,1610612766,vs_opponent,1610612755,2024-12-15,2024-25,ok,19,1.392
2026-07-22T21:47:27.025776,1610612755,vs_opponent,1610612766,2024-12-15,2024-25,ok,18,1.69
2026-07-22T21:47:29.262975,1610612744,vs_opponent,1610612742,2024-12-14,2024-25,ok,17,1.513
2026-07-22T21:47:31.421041,1610612742,vs_opponent,1610612744,2024-12-14,2024-25,ok,18,1.425
2026-07-22T21:47:33.488647,1610612747,vs_opponent,1610612763,2024-12-14,2024-25,ok,18,1.34
2026-07-22T21:47:35.856913,1610612763,vs_opponent,1610612747,2024-12-14,2024-25,ok,18,1.645
2026-07-22T21:47:37.748707,1610612759,vs_opponent,1610612750,2024-12-14,2024-25,ok,18,1.17
2026-07-22T21:47:40.153737,1610612750,vs_opponent,1610612759,2024-12-14,2024-25,ok,18,1.387
2026-07-22T21:47:44.265509,1610612753,vs_opponent,1610612752,2024-12-14,2024-25,ok,17,3.38
2026-07-22T21:47:46.365695,1610612752,vs_opponent,1610612753,2024-12-14,2024-25,ok,17,1.366
2026-07-22T21:47:48.338449,1610612754,vs_opponent,1610612740,2024-12-14,2024-25,ok,18,1.167
2026-07-22T21:47:50.375257,1610612740,vs_opponent,1610612754,2024-12-14,2024-25,ok,18,1.294
2026-07-22T21:47:52.399004,1610612756,vs_opponent,1610612757,2024-12-14,2024-25,ok,17,1.295
2026-07-22T21:47:54.544856,1610612757,vs_opponent,1610612756,2024-12-14,2024-25,ok,18,1.419
2026-07-22T21:47:56.380540,1610612764,vs_opponent,1610612738,2024-12-14,2024-25,ok,18,1.112
2026-07-22T21:47:58.435751,1610612738,vs_opponent,1610612764,2024-12-14,2024-25,ok,17,1.331
2026-07-22T21:48:00.381138,1610612739,vs_opponent,1610612764,2024-12-12,2024-25,ok,17,1.229
2026-07-22T21:48:03.361139,1610612764,vs_opponent,1610612739,2024-12-12,2024-25,ok,18,2.252
2026-07-22T21:48:05.379032,1610612741,vs_opponent,1610612766,2024-12-12,2024-25,empty,0,1.252
2026-07-22T21:48:07.215597,1610612766,vs_opponent,1610612741,2024-12-12,2024-25,empty,0,1.125
2026-07-22T21:48:09.225810,1610612750,vs_opponent,1610612747,2024-12-12,2024-25,ok,18,1.276
2026-07-22T21:48:11.085174,1610612747,vs_opponent,1610612750,2024-12-12,2024-25,ok,18,1.135
2026-07-22T21:48:13.282023,1610612755,vs_opponent,1610612754,2024-12-12,2024-25,ok,17,1.425
2026-07-22T21:48:15.428144,1610612754,vs_opponent,1610612755,2024-12-12,2024-25,ok,17,1.426
2026-07-22T21:48:17.189806,1610612762,vs_opponent,1610612756,2024-12-12,2024-25,ok,18,1.04
2026-07-22T21:48:18.951282,1610612756,vs_opponent,1610612762,2024-12-12,2024-25,ok,17,1.047
2026-07-22T21:48:20.746325,1610612743,vs_opponent,1610612746,2024-12-12,2024-25,ok,18,1.064
2026-07-22T21:48:22.906658,1610612746,vs_opponent,1610612743,2024-12-12,2024-25,ok,18,1.438
2026-07-22T21:48:24.769066,1610612757,vs_opponent,1610612759,2024-12-12,2024-25,ok,18,1.131
2026-07-22T21:48:26.971321,1610612759,vs_opponent,1610612757,2024-12-12,2024-25,ok,18,1.479
2026-07-22T21:48:30.681955,1610612763,vs_opponent,1610612751,2024-12-12,2024-25,ok,18,2.99
2026-07-22T21:48:32.540190,1610612751,vs_opponent,1610612763,2024-12-12,2024-25,ok,18,1.134
2026-07-22T21:48:34.450133,1610612748,vs_opponent,1610612761,2024-12-11,2024-25,ok,17,1.191
2026-07-22T21:48:36.231886,1610612761,vs_opponent,1610612748,2024-12-11,2024-25,ok,18,1.047
2026-07-22T21:48:38.121981,1610612738,vs_opponent,1610612765,2024-12-11,2024-25,ok,17,1.162
2026-07-22T21:48:40.628978,1610612765,vs_opponent,1610612738,2024-12-11,2024-25,ok,17,1.773
2026-07-22T21:48:42.645321,1610612740,vs_opponent,1610612758,2024-12-11,2024-25,empty,0,1.304
2026-07-22T21:48:44.447274,1610612758,vs_opponent,1610612740,2024-12-11,2024-25,empty,0,1.095
2026-07-22T21:48:46.371987,1610612745,vs_opponent,1610612744,2024-12-10,2024-25,ok,17,1.192
2026-07-22T21:48:48.324083,1610612744,vs_opponent,1610612745,2024-12-10,2024-25,ok,17,1.225
2026-07-22T21:48:50.164676,1610612752,vs_opponent,1610612737,2024-12-10,2024-25,ok,17,1.122
2026-07-22T21:48:52.090502,1610612737,vs_opponent,1610612752,2024-12-10,2024-25,ok,18,1.173
2026-07-22T21:48:53.943738,1610612760,vs_opponent,1610612742,2024-12-09,2024-25,ok,18,1.135
2026-07-22T21:48:55.733527,1610612742,vs_opponent,1610612760,2024-12-09,2024-25,ok,18,1.06
2026-07-22T21:48:57.497890,1610612749,vs_opponent,1610612753,2024-12-09,2024-25,empty,0,1.053
2026-07-22T21:48:59.399528,1610612753,vs_opponent,1610612749,2024-12-09,2024-25,empty,0,1.193
2026-07-22T21:49:01.093221,1610612761,vs_opponent,1610612752,2024-12-08,2024-25,empty,0,0.984
2026-07-22T21:49:02.918476,1610612752,vs_opponent,1610612761,2024-12-08,2024-25,empty,0,1.114
2026-07-22T21:49:04.892872,1610612741,vs_opponent,1610612755,2024-12-07,2024-25,empty,0,1.262
2026-07-22T21:49:06.755190,1610612755,vs_opponent,1610612741,2024-12-07,2024-25,empty,0,1.149
2026-07-22T21:49:08.557344,1610612744,vs_opponent,1610612750,2024-12-07,2024-25,ok,17,1.073
2026-07-22T21:49:10.419368,1610612750,vs_opponent,1610612744,2024-12-07,2024-25,ok,18,1.15
2026-07-22T21:49:12.166044,1610612746,vs_opponent,1610612745,2024-12-07,2024-25,ok,18,1.026
2026-07-22T21:49:13.964539,1610612745,vs_opponent,1610612746,2024-12-07,2024-25,ok,17,1.061
2026-07-22T21:49:16.021547,1610612747,vs_opponent,1610612757,2024-12-07,2024-25,empty,0,1.342
2026-07-22T21:49:17.862688,1610612757,vs_opponent,1610612747,2024-12-07,2024-25,empty,0,1.097
2026-07-22T21:49:19.626048,1610612748,vs_opponent,1610612739,2024-12-07,2024-25,empty,0,1.051
2026-07-22T21:49:21.463948,1610612739,vs_opponent,1610612748,2024-12-07,2024-25,empty,0,1.126
2026-07-22T21:49:23.221930,1610612751,vs_opponent,1610612749,2024-12-07,2024-25,ok,18,1.039
2026-07-22T21:49:25.001519,1610612749,vs_opponent,1610612751,2024-12-07,2024-25,ok,18,1.044
2026-07-22T21:49:26.682882,1610612759,vs_opponent,1610612740,2024-12-07,2024-25,empty,0,0.959
2026-07-22T21:49:28.426875,1610612740,vs_opponent,1610612759,2024-12-07,2024-25,empty,0,1.035
2026-07-22T21:49:30.287501,1610612764,vs_opponent,1610612763,2024-12-07,2024-25,ok,18,1.135
2026-07-22T21:49:32.158168,1610612763,vs_opponent,1610612764,2024-12-07,2024-25,ok,18,1.02
2026-07-22T21:49:33.980193,1610612737,vs_opponent,1610612743,2024-12-07,2024-25,empty,0,1.11
2026-07-22T21:49:35.796909,1610612743,vs_opponent,1610612737,2024-12-07,2024-25,empty,0,1.109
2026-07-22T21:49:37.659596,1610612753,vs_opponent,1610612756,2024-12-07,2024-25,ok,17,1.141
2026-07-22T21:49:39.729121,1610612756,vs_opponent,1610612753,2024-12-07,2024-25,ok,17,1.31
2026-07-22T21:49:41.558582,1610612754,vs_opponent,1610612766,2024-12-07,2024-25,ok,17,1.112
2026-07-22T21:49:43.714101,1610612766,vs_opponent,1610612754,2024-12-07,2024-25,ok,18,1.429
2026-07-22T21:49:46.010601,1610612758,vs_opponent,1610612762,2024-12-07,2024-25,ok,17,1.567
2026-07-22T21:49:47.989253,1610612762,vs_opponent,1610612758,2024-12-07,2024-25,ok,18,1.26
2026-07-22T21:49:49.695597,1610612738,vs_opponent,1610612763,2024-12-06,2024-25,empty,0,0.99
2026-07-22T21:49:51.362140,1610612763,vs_opponent,1610612738,2024-12-06,2024-25,empty,0,0.958
2026-07-22T21:49:53.427289,1610612752,vs_opponent,1610612765,2024-12-06,2024-25,ok,15,1.342
2026-07-22T21:49:55.193067,1610612765,vs_opponent,1610612752,2024-12-06,2024-25,ok,17,1.04
2026-07-22T21:49:56.887185,1610612764,vs_opponent,1610612743,2024-12-06,2024-25,empty,0,0.971
2026-07-22T21:49:58.724191,1610612743,vs_opponent,1610612764,2024-12-06,2024-25,empty,0,1.132
2026-07-22T21:50:00.546891,1610612766,vs_opponent,1610612739,2024-12-06,2024-25,ok,18,1.1
2026-07-22T21:50:03.508977,1610612739,vs_opponent,1610612766,2024-12-06,2024-25,ok,17,2.123
2026-07-22T21:50:06.034522,1610612740,vs_opponent,1610612760,2024-12-06,2024-25,ok,18,1.801
2026-07-22T21:50:08.152292,1610612760,vs_opponent,1610612740,2024-12-06,2024-25,ok,18,1.396
2026-07-22T21:50:10.699999,1610612748,vs_opponent,1610612756,2024-12-06,2024-25,ok,17,1.826
2026-07-22T21:50:12.939359,1610612756,vs_opponent,1610612748,2024-12-06,2024-25,ok,17,1.507
2026-07-22T21:50:14.872272,1610612761,vs_opponent,1610612742,2024-12-06,2024-25,empty,0,1.218
2026-07-22T21:50:16.626089,1610612742,vs_opponent,1610612761,2024-12-06,2024-25,empty,0,1.042
2026-07-22T21:50:18.813223,1610612737,vs_opponent,1610612747,2024-12-05,2024-25,empty,0,1.473
2026-07-22T21:50:20.646902,1610612747,vs_opponent,1610612737,2024-12-05,2024-25,empty,0,1.102
2026-07-22T21:50:22.510220,1610612738,vs_opponent,1610612749,2024-12-05,2024-25,ok,17,1.033
2026-07-22T21:50:24.263636,1610612749,vs_opponent,1610612738,2024-12-05,2024-25,ok,18,1.024
2026-07-22T21:50:26.143196,1610612755,vs_opponent,1610612753,2024-12-05,2024-25,ok,18,1.107
2026-07-22T21:50:28.235267,1610612753,vs_opponent,1610612755,2024-12-05,2024-25,ok,17,1.362
2026-07-22T21:50:32.375748,1610612759,vs_opponent,1610612758,2024-12-05,2024-25,ok,18,3.412
2026-07-22T21:50:34.194256,1610612758,vs_opponent,1610612759,2024-12-05,2024-25,ok,18,1.097
2026-07-22T21:50:35.967413,1610612741,vs_opponent,1610612754,2024-12-05,2024-25,empty,0,0.987
2026-07-22T21:50:37.924888,1610612754,vs_opponent,1610612741,2024-12-05,2024-25,empty,0,1.243
2026-07-22T21:50:39.670372,1610612744,vs_opponent,1610612750,2024-12-05,2024-25,empty,0,1.038
2026-07-22T21:50:41.398776,1610612750,vs_opponent,1610612744,2024-12-05,2024-25,empty,0,1.015
2026-07-22T21:50:43.224330,1610612757,vs_opponent,1610612762,2024-12-05,2024-25,empty,0,0.991
2026-07-22T21:50:44.909696,1610612762,vs_opponent,1610612757,2024-12-05,2024-25,empty,0,0.973
2026-07-22T21:50:46.712712,1610612739,vs_opponent,1610612743,2024-12-04,2024-25,empty,0,1.091
2026-07-22T21:50:48.457939,1610612743,vs_opponent,1610612739,2024-12-04,2024-25,empty,0,1.036
2026-07-22T21:50:50.275933,1610612740,vs_opponent,1610612756,2024-12-04,2024-25,empty,0,1.11
2026-07-22T21:50:51.991777,1610612756,vs_opponent,1610612740,2024-12-04,2024-25,empty,0,1.001
2026-07-22T21:50:53.727047,1610612763,vs_opponent,1610612758,2024-12-04,2024-25,empty,0,1.026
2026-07-22T21:50:55.448301,1610612758,vs_opponent,1610612763,2024-12-04,2024-25,empty,0,0.995
2026-07-22T21:50:58.863785,1610612764,vs_opponent,1610612742,2024-12-04,2024-25,empty,0,2.706
2026-07-22T21:51:00.593275,1610612742,vs_opponent,1610612764,2024-12-04,2024-25,empty,0,1.021
2026-07-22T21:51:02.497433,1610612744,vs_opponent,1610612745,2024-12-04,2024-25,ok,17,1.145
2026-07-22T21:51:04.360033,1610612745,vs_opponent,1610612744,2024-12-04,2024-25,ok,17,1.13
2026-07-22T21:51:07.923144,1610612752,vs_opponent,1610612766,2024-12-04,2024-25,ok,17,2.83
2026-07-22T21:51:09.744655,1610612766,vs_opponent,1610612752,2024-12-04,2024-25,ok,18,1.008
2026-07-22T21:51:11.500624,1610612759,vs_opponent,1610612741,2024-12-04,2024-25,empty,0,1.042
2026-07-22T21:51:13.257576,1610612741,vs_opponent,1610612759,2024-12-04,2024-25,empty,0,1.05
2026-07-22T21:51:15.101388,1610612761,vs_opponent,1610612760,2024-12-04,2024-25,empty,0,1.129
2026-07-22T21:51:16.898820,1610612760,vs_opponent,1610612761,2024-12-04,2024-25,empty,0,1.088
2026-07-22T21:51:19.139841,1610612738,vs_opponent,1610612765,2024-12-03,2024-25,ok,17,1.512
2026-07-22T21:51:21.488416,1610612765,vs_opponent,1610612738,2024-12-03,2024-25,ok,17,1.606
2026-07-22T21:51:23.357482,1610612746,vs_opponent,1610612750,2024-12-03,2024-25,ok,18,1.126
2026-07-22T21:51:25.522359,1610612750,vs_opponent,1610612746,2024-12-03,2024-25,ok,18,1.422
2026-07-22T21:51:27.273593,1610612748,vs_opponent,1610612747,2024-12-03,2024-25,empty,0,1.048
2026-07-22T21:51:29.372661,1610612747,vs_opponent,1610612748,2024-12-03,2024-25,empty,0,1.387
2026-07-22T21:51:31.107218,1610612749,vs_opponent,1610612737,2024-12-03,2024-25,empty,0,1.029
2026-07-22T21:51:33.049232,1610612737,vs_opponent,1610612749,2024-12-03,2024-25,empty,0,1.232
2026-07-22T21:51:34.816096,1610612751,vs_opponent,1610612754,2024-12-03,2024-25,empty,0,1.041
2026-07-22T21:51:36.551703,1610612754,vs_opponent,1610612751,2024-12-03,2024-25,empty,0,1.023
2026-07-22T21:51:38.752484,1610612755,vs_opponent,1610612753,2024-12-03,2024-25,ok,17,1.462
2026-07-22T21:51:40.574583,1610612753,vs_opponent,1610612755,2024-12-03,2024-25,ok,17,1.067
2026-07-22T21:51:42.695203,1610612739,vs_opponent,1610612764,2024-12-02,2024-25,ok,17,1.393
2026-07-22T21:51:44.950020,1610612764,vs_opponent,1610612739,2024-12-02,2024-25,ok,18,1.456
2026-07-22T21:51:46.759620,1610612752,vs_opponent,1610612753,2024-12-02,2024-25,empty,0,1.1
2026-07-22T21:51:48.514093,1610612753,vs_opponent,1610612752,2024-12-02,2024-25,empty,0,1.05
2026-07-22T21:51:50.492869,1610612742,vs_opponent,1610612763,2024-12-02,2024-25,empty,0,1.266
2026-07-22T21:51:52.346376,1610612763,vs_opponent,1610612742,2024-12-02,2024-25,empty,0,1.149
2026-07-22T21:51:54.246214,1610612743,vs_opponent,1610612744,2024-12-02,2024-25,empty,0,1.187
2026-07-22T21:51:55.986841,1610612744,vs_opponent,1610612743,2024-12-02,2024-25,empty,0,1.03
2026-07-22T21:51:57.889338,1610612746,vs_opponent,1610612757,2024-12-02,2024-25,ok,18,1.156
2026-07-22T21:51:59.840623,1610612757,vs_opponent,1610612746,2024-12-02,2024-25,ok,18,1.212
2026-07-22T21:52:01.583929,1610612756,vs_opponent,1610612759,2024-12-02,2024-25,empty,0,1.03
2026-07-22T21:52:03.379402,1610612759,vs_opponent,1610612756,2024-12-02,2024-25,empty,0,1.083
2026-07-22T21:52:05.119926,1610612758,vs_opponent,1610612745,2024-12-02,2024-25,empty,0,1.027
2026-07-22T21:52:06.980268,1610612745,vs_opponent,1610612758,2024-12-02,2024-25,empty,0,1.148
2026-07-22T21:52:08.807393,1610612760,vs_opponent,1610612762,2024-12-02,2024-25,empty,0,1.114
2026-07-22T21:52:10.626294,1610612762,vs_opponent,1610612760,2024-12-02,2024-25,empty,0,1.108
2026-07-22T21:52:12.998903,1610612765,vs_opponent,1610612749,2024-12-02,2024-25,ok,17,1.392
2026-07-22T21:52:15.191617,1610612749,vs_opponent,1610612765,2024-12-02,2024-25,ok,18,1.459
2026-07-22T21:52:16.987453,1610612766,vs_opponent,1610612755,2024-12-02,2024-25,ok,18,1.051
2026-07-22T21:52:19.053392,1610612755,vs_opponent,1610612766,2024-12-02,2024-25,ok,17,1.339
2026-07-22T21:52:20.860915,1610612761,vs_opponent,1610612754,2024-12-02,2024-25,ok,18,1.064
2026-07-22T21:52:22.606371,1610612754,vs_opponent,1610612761,2024-12-02,2024-25,ok,17,1.019
2026-07-22T21:52:24.746837,1610612737,vs_opponent,1610612740,2024-12-01,2024-25,ok,18,1.418
2026-07-22T21:52:27.038544,1610612740,vs_opponent,1610612737,2024-12-01,2024-25,ok,18,1.519
2026-07-22T21:52:30.570805,1610612741,vs_opponent,1610612751,2024-12-01,2024-25,ok,18,2.804
2026-07-22T21:52:32.688109,1610612751,vs_opponent,1610612741,2024-12-01,2024-25,ok,18,1.382
2026-07-22T21:52:34.628298,1610612750,vs_opponent,1610612747,2024-12-01,2024-25,ok,18,1.159
2026-07-22T21:52:36.666965,1610612747,vs_opponent,1610612750,2024-12-01,2024-25,ok,18,1.313
2026-07-22T21:52:38.359748,1610612738,vs_opponent,1610612748,2024-12-01,2024-25,empty,0,0.988
2026-07-22T21:52:40.223320,1610612748,vs_opponent,1610612738,2024-12-01,2024-25,empty,0,1.154
2026-07-22T21:52:42.088333,1610612745,vs_opponent,1610612760,2024-11-30,2024-25,ok,17,1.142
2026-07-22T21:52:44.062205,1610612760,vs_opponent,1610612745,2024-11-30,2024-25,ok,18,1.231
2026-07-22T21:52:46.617514,1610612746,vs_opponent,1610612743,2024-11-30,2024-25,ok,18,1.828
2026-07-22T21:52:48.820956,1610612743,vs_opponent,1610612746,2024-11-30,2024-25,ok,18,1.47
2026-07-22T21:52:51.287915,1610612751,vs_opponent,1610612753,2024-11-30,2024-25,ok,18,1.744
2026-07-22T21:52:53.235525,1610612753,vs_opponent,1610612751,2024-11-30,2024-25,ok,17,1.225
2026-07-22T21:52:54.923350,1610612752,vs_opponent,1610612740,2024-11-30,2024-25,empty,0,0.976
2026-07-22T21:52:56.712930,1610612740,vs_opponent,1610612752,2024-11-30,2024-25,empty,0,1.082
2026-07-22T21:52:58.634124,1610612757,vs_opponent,1610612742,2024-11-30,2024-25,empty,0,1.207
2026-07-22T21:53:00.301587,1610612742,vs_opponent,1610612757,2024-11-30,2024-25,empty,0,0.958
2026-07-22T21:53:02.157184,1610612761,vs_opponent,1610612748,2024-11-30,2024-25,ok,18,1.135
2026-07-22T21:53:04.291140,1610612748,vs_opponent,1610612761,2024-11-30,2024-25,ok,17,1.394
2026-07-22T21:53:06.070179,1610612762,vs_opponent,1610612747,2024-11-30,2024-25,ok,18,1.034
2026-07-22T21:53:08.872543,1610612747,vs_opponent,1610612762,2024-11-30,2024-25,ok,18,2.045
2026-07-22T21:53:10.598637,1610612763,vs_opponent,1610612754,2024-11-30,2024-25,empty,0,1.013
2026-07-22T21:53:12.596351,1610612754,vs_opponent,1610612763,2024-11-30,2024-25,empty,0,1.286
2026-07-22T21:53:14.338368,1610612739,vs_opponent,1610612738,2024-11-30,2024-25,ok,17,1.006
2026-07-22T21:53:16.207574,1610612738,vs_opponent,1610612739,2024-11-30,2024-25,ok,17,1.133
2026-07-22T21:53:17.947553,1610612758,vs_opponent,1610612759,2024-11-30,2024-25,ok,17,0.999
2026-07-22T21:53:19.784661,1610612759,vs_opponent,1610612758,2024-11-30,2024-25,ok,18,1.101
2026-07-22T21:53:21.811425,1610612756,vs_opponent,1610612744,2024-11-29,2024-25,empty,0,1.316
2026-07-22T21:53:23.644427,1610612744,vs_opponent,1610612756,2024-11-29,2024-25,empty,0,1.128
2026-07-22T21:53:25.766984,1610612765,vs_opponent,1610612755,2024-11-29,2024-25,ok,17,1.399
2026-07-22T21:53:27.676307,1610612755,vs_opponent,1610612765,2024-11-29,2024-25,ok,17,1.144
2026-07-22T21:53:29.851767,1610612766,vs_opponent,1610612737,2024-11-29,2024-25,ok,18,1.436
2026-07-22T21:53:31.756641,1610612737,vs_opponent,1610612766,2024-11-29,2024-25,ok,18,1.178
2026-07-22T21:53:33.881285,1610612762,vs_opponent,1610612742,2024-11-29,2024-25,ok,18,1.396
2026-07-22T21:53:36.331166,1610612742,vs_opponent,1610612762,2024-11-29,2024-25,ok,18,1.72
2026-07-22T21:53:38.212611,1610612749,vs_opponent,1610612764,2024-11-29,2024-25,empty,0,1.12
2026-07-22T21:53:40.012719,1610612764,vs_opponent,1610612749,2024-11-29,2024-25,empty,0,1.095
2026-07-22T21:53:41.936835,1610612737,vs_opponent,1610612739,2024-11-28,2024-25,ok,18,1.179
2026-07-22T21:53:44.149071,1610612739,vs_opponent,1610612737,2024-11-28,2024-25,ok,17,1.486
2026-07-22T21:53:45.899096,1610612741,vs_opponent,1610612738,2024-11-28,2024-25,empty,0,1.039
2026-07-22T21:53:47.707308,1610612738,vs_opponent,1610612741,2024-11-28,2024-25,empty,0,1.085
2026-07-22T21:53:49.549188,1610612747,vs_opponent,1610612760,2024-11-28,2024-25,empty,0,1.117
2026-07-22T21:53:51.393013,1610612760,vs_opponent,1610612747,2024-11-28,2024-25,empty,0,1.132
2026-07-22T21:53:53.443863,1610612750,vs_opponent,1610612746,2024-11-28,2024-25,empty,0,1.346
2026-07-22T21:53:55.245452,1610612746,vs_opponent,1610612750,2024-11-28,2024-25,empty,0,1.093
2026-07-22T21:53:57.139462,1610612751,vs_opponent,1610612753,2024-11-28,2024-25,ok,18,1.132
2026-07-22T21:53:59.067560,1610612753,vs_opponent,1610612751,2024-11-28,2024-25,ok,17,1.16
2026-07-22T21:54:00.868375,1610612754,vs_opponent,1610612765,2024-11-28,2024-25,ok,17,1.079
2026-07-22T21:54:03.005564,1610612765,vs_opponent,1610612754,2024-11-28,2024-25,ok,17,1.4
2026-07-22T21:54:04.911867,1610612763,vs_opponent,1610612740,2024-11-28,2024-25,empty,0,1.184
2026-07-22T21:54:06.652197,1610612740,vs_opponent,1610612763,2024-11-28,2024-25,empty,0,1.032
2026-07-22T21:54:08.391419,1610612766,vs_opponent,1610612752,2024-11-28,2024-25,empty,0,1.026
2026-07-22T21:54:10.237029,1610612752,vs_opponent,1610612766,2024-11-28,2024-25,empty,0,1.139
2026-07-22T21:54:11.997910,1610612748,vs_opponent,1610612761,2024-11-28,2024-25,empty,0,1.049
2026-07-22T21:54:13.761798,1610612761,vs_opponent,1610612748,2024-11-28,2024-25,empty,0,1.052
2026-07-22T21:54:15.863194,1610612757,vs_opponent,1610612758,2024-11-28,2024-25,ok,18,1.375
2026-07-22T21:54:17.922316,1610612758,vs_opponent,1610612757,2024-11-28,2024-25,ok,17,1.335
2026-07-22T21:54:19.909659,1610612739,vs_opponent,1610612737,2024-11-26,2024-25,empty,0,1.28
2026-07-22T21:54:21.804525,1610612737,vs_opponent,1610612739,2024-11-26,2024-25,empty,0,1.183
2026-07-22T21:54:23.651193,1610612742,vs_opponent,1610612752,2024-11-26,2024-25,empty,0,1.134
2026-07-22T21:54:25.554281,1610612752,vs_opponent,1610612742,2024-11-26,2024-25,empty,0,1.192
2026-07-22T21:54:27.561117,1610612750,vs_opponent,1610612758,2024-11-26,2024-25,ok,18,1.276
2026-07-22T21:54:29.304824,1610612758,vs_opponent,1610612750,2024-11-26,2024-25,ok,17,1.022
2026-07-22T21:54:31.318944,1610612753,vs_opponent,1610612741,2024-11-26,2024-25,ok,17,1.29
2026-07-22T21:54:33.112305,1610612741,vs_opponent,1610612753,2024-11-26,2024-25,ok,18,1.062
2026-07-22T21:54:34.849216,1610612754,vs_opponent,1610612757,2024-11-26,2024-25,empty,0,1.025
2026-07-22T21:54:36.656417,1610612757,vs_opponent,1610612754,2024-11-26,2024-25,empty,0,1.094
2026-07-22T21:54:38.575139,1610612764,vs_opponent,1610612746,2024-11-26,2024-25,empty,0,1.211
2026-07-22T21:54:40.388918,1610612746,vs_opponent,1610612764,2024-11-26,2024-25,empty,0,1.101
2026-07-22T21:54:42.316276,1610612766,vs_opponent,1610612748,2024-11-26,2024-25,ok,18,1.2
2026-07-22T21:54:44.410912,1610612748,vs_opponent,1610612766,2024-11-26,2024-25,ok,17,1.376
2026-07-22T21:54:46.183794,1610612740,vs_opponent,1610612761,2024-11-26,2024-25,empty,0,1.062
2026-07-22T21:54:47.915814,1610612761,vs_opponent,1610612740,2024-11-26,2024-25,empty,0,1.019
2026-07-22T21:54:49.780705,1610612744,vs_opponent,1610612760,2024-11-26,2024-25,ok,17,1.134
2026-07-22T21:54:51.795640,1610612760,vs_opponent,1610612744,2024-11-26,2024-25,ok,18,1.239
2026-07-22T21:54:53.580272,1610612755,vs_opponent,1610612745,2024-11-26,2024-25,empty,0,1.047
2026-07-22T21:54:55.372217,1610612745,vs_opponent,1610612755,2024-11-26,2024-25,empty,0,1.081
2026-07-22T21:54:57.124133,1610612756,vs_opponent,1610612751,2024-11-26,2024-25,empty,0,1.047
2026-07-22T21:54:58.882103,1610612751,vs_opponent,1610612756,2024-11-26,2024-25,empty,0,1.051
2026-07-22T21:55:00.815054,1610612759,vs_opponent,1610612747,2024-11-26,2024-25,ok,18,1.196
2026-07-22T21:55:02.956671,1610612747,vs_opponent,1610612759,2024-11-26,2024-25,ok,18,1.409
2026-07-22T21:55:04.928420,1610612762,vs_opponent,1610612743,2024-11-26,2024-25,ok,18,1.245
2026-07-22T21:55:07.091853,1610612743,vs_opponent,1610612762,2024-11-26,2024-25,ok,18,1.443
2026-07-22T21:55:08.910595,1610612763,vs_opponent,1610612765,2024-11-26,2024-25,empty,0,1.078
2026-07-22T21:55:10.631215,1610612765,vs_opponent,1610612763,2024-11-26,2024-25,empty,0,1.017
2026-07-22T21:55:12.700164,1610612764,vs_opponent,1610612741,2024-11-25,2024-25,empty,0,1.356
2026-07-22T21:55:14.536756,1610612741,vs_opponent,1610612764,2024-11-25,2024-25,empty,0,1.123
2026-07-22T21:55:16.270790,1610612748,vs_opponent,1610612749,2024-11-25,2024-25,empty,0,1.022
2026-07-22T21:55:17.992807,1610612749,vs_opponent,1610612748,2024-11-25,2024-25,empty,0,1.017
2026-07-22T21:55:19.773551,1610612750,vs_opponent,1610612745,2024-11-25,2024-25,empty,0,1.067
2026-07-22T21:55:21.502613,1610612745,vs_opponent,1610612750,2024-11-25,2024-25,empty,0,1.024
2026-07-22T21:55:23.773000,1610612756,vs_opponent,1610612747,2024-11-25,2024-25,ok,17,1.541
2026-07-22T21:55:25.572453,1610612747,vs_opponent,1610612756,2024-11-25,2024-25,ok,18,1.073
2026-07-22T21:55:27.536712,1610612762,vs_opponent,1610612759,2024-11-25,2024-25,ok,18,1.23
2026-07-22T21:55:29.468944,1610612759,vs_opponent,1610612762,2024-11-25,2024-25,ok,18,1.21
2026-07-22T21:55:31.234793,1610612737,vs_opponent,1610612742,2024-11-24,2024-25,empty,0,1.059
2026-07-22T21:55:33.139789,1610612742,vs_opponent,1610612737,2024-11-24,2024-25,empty,0,1.122
2026-07-22T21:55:34.969724,1610612738,vs_opponent,1610612746,2024-11-24,2024-25,empty,0,1.118
2026-07-22T21:55:36.810291,1610612746,vs_opponent,1610612738,2024-11-24,2024-25,empty,0,1.133
2026-07-22T21:55:38.591668,1610612743,vs_opponent,1610612752,2024-11-24,2024-25,empty,0,1.067
2026-07-22T21:55:40.408499,1610612752,vs_opponent,1610612743,2024-11-24,2024-25,empty,0,1.104
2026-07-22T21:55:42.138322,1610612758,vs_opponent,1610612760,2024-11-24,2024-25,empty,0,1.022
2026-07-22T21:55:44.166404,1610612760,vs_opponent,1610612758,2024-11-24,2024-25,empty,0,1.318
2026-07-22T21:55:45.957744,1610612765,vs_opponent,1610612761,2024-11-24,2024-25,ok,17,1.058
2026-07-22T21:55:48.106425,1610612761,vs_opponent,1610612765,2024-11-24,2024-25,ok,18,1.407
2026-07-22T21:55:50.153430,1610612766,vs_opponent,1610612753,2024-11-24,2024-25,ok,18,1.317
2026-07-22T21:55:52.055032,1610612753,vs_opponent,1610612766,2024-11-24,2024-25,ok,17,1.175
2026-07-22T21:55:53.864921,1610612744,vs_opponent,1610612751,2024-11-24,2024-25,empty,0,1.098
2026-07-22T21:55:55.564439,1610612751,vs_opponent,1610612744,2024-11-24,2024-25,empty,0,0.989
2026-07-22T21:55:57.493839,1610612754,vs_opponent,1610612740,2024-11-24,2024-25,ok,17,1.191
2026-07-22T21:55:59.333531,1610612740,vs_opponent,1610612754,2024-11-24,2024-25,ok,17,1.103
2026-07-22T21:56:01.452314,1610612763,vs_opponent,1610612757,2024-11-24,2024-25,ok,18,1.361
2026-07-22T21:56:03.504916,1610612757,vs_opponent,1610612763,2024-11-24,2024-25,ok,18,1.311
2026-07-22T21:56:05.844888,1610612739,vs_opponent,1610612761,2024-11-23,2024-25,ok,17,1.604
2026-07-22T21:56:07.960659,1610612761,vs_opponent,1610612739,2024-11-23,2024-25,ok,18,1.39
2026-07-22T21:56:09.794805,1610612748,vs_opponent,1610612742,2024-11-23,2024-25,empty,0,1.026
2026-07-22T21:56:11.684685,1610612742,vs_opponent,1610612748,2024-11-23,2024-25,empty,0,1.173
2026-07-22T21:56:13.632759,1610612738,vs_opponent,1610612750,2024-11-23,2024-25,empty,0,1.236
2026-07-22T21:56:15.513600,1610612750,vs_opponent,1610612738,2024-11-23,2024-25,empty,0,1.165
2026-07-22T21:56:17.358166,1610612755,vs_opponent,1610612746,2024-11-23,2024-25,ok,17,1.113
2026-07-22T21:56:19.575394,1610612746,vs_opponent,1610612755,2024-11-23,2024-25,ok,18,1.483
2026-07-22T21:56:21.413963,1610612758,vs_opponent,1610612751,2024-11-23,2024-25,empty,0,1.131
2026-07-22T21:56:23.256084,1610612751,vs_opponent,1610612758,2024-11-23,2024-25,empty,0,1.136
2026-07-22T21:56:25.108248,1610612754,vs_opponent,1610612764,2024-11-23,2024-25,empty,0,1.139
2026-07-22T21:56:26.841849,1610612764,vs_opponent,1610612754,2024-11-23,2024-25,empty,0,1.026
2026-07-22T21:56:29.108874,1610612745,vs_opponent,1610612757,2024-11-22,2024-25,ok,17,1.422
2026-07-22T21:56:30.950510,1610612757,vs_opponent,1610612745,2024-11-22,2024-25,ok,18,1.115
2026-07-22T21:56:36.804749,1610612747,vs_opponent,1610612743,2024-11-22,2024-25,empty,0,5.141
2026-07-22T21:56:38.619668,1610612743,vs_opponent,1610612747,2024-11-22,2024-25,empty,0,0.996
2026-07-22T21:56:40.757981,1610612749,vs_opponent,1610612766,2024-11-22,2024-25,ok,18,1.418
2026-07-22T21:56:42.857963,1610612766,vs_opponent,1610612749,2024-11-22,2024-25,ok,18,1.381
2026-07-22T21:56:44.569248,1610612753,vs_opponent,1610612765,2024-11-22,2024-25,empty,0,1.001
2026-07-22T21:56:46.331512,1610612765,vs_opponent,1610612753,2024-11-22,2024-25,empty,0,1.05
2026-07-22T21:56:48.173972,1610612741,vs_opponent,1610612763,2024-11-22,2024-25,ok,18,1.102
2026-07-22T21:56:49.965568,1610612763,vs_opponent,1610612741,2024-11-22,2024-25,ok,17,1.07
2026-07-22T21:56:52.099291,1610612759,vs_opponent,1610612744,2024-11-22,2024-25,empty,0,1.374
2026-07-22T21:56:53.908864,1610612744,vs_opponent,1610612759,2024-11-22,2024-25,empty,0,1.104
2026-07-22T21:56:55.748634,1610612762,vs_opponent,1610612752,2024-11-22,2024-25,empty,0,1.074
2026-07-22T21:56:57.565062,1610612752,vs_opponent,1610612762,2024-11-22,2024-25,empty,0,1.106
2026-07-22T21:56:59.881718,1610612740,vs_opponent,1610612744,2024-11-21,2024-25,ok,17,1.532
2026-07-22T21:57:01.802602,1610612744,vs_opponent,1610612740,2024-11-21,2024-25,ok,17,1.195
2026-07-22T21:57:03.809587,1610612743,vs_opponent,1610612742,2024-11-21,2024-25,ok,18,1.277
2026-07-22T21:57:06.006281,1610612742,vs_opponent,1610612743,2024-11-21,2024-25,ok,18,1.446
2026-07-22T21:57:07.846814,1610612745,vs_opponent,1610612757,2024-11-21,2024-25,empty,0,1.124
2026-07-22T21:57:09.739382,1610612757,vs_opponent,1610612745,2024-11-21,2024-25,empty,0,1.183
2026-07-22T21:57:11.841774,1610612749,vs_opponent,1610612754,2024-11-21,2024-25,empty,0,1.388
2026-07-22T21:57:13.989858,1610612754,vs_opponent,1610612749,2024-11-21,2024-25,empty,0,1.411
2026-07-22T21:57:16.199820,1610612764,vs_opponent,1610612738,2024-11-21,2024-25,ok,18,1.469
2026-07-22T21:57:18.351295,1610612738,vs_opponent,1610612764,2024-11-21,2024-25,ok,17,1.41
2026-07-22T21:57:21.865067,1610612741,vs_opponent,1610612737,2024-11-21,2024-25,ok,18,2.786
2026-07-22T21:57:25.118137,1610612737,vs_opponent,1610612741,2024-11-21,2024-25,ok,18,2.529
2026-07-22T21:57:27.381542,1610612746,vs_opponent,1610612758,2024-11-21,2024-25,ok,18,1.543
2026-07-22T21:57:29.350625,1610612758,vs_opponent,1610612746,2024-11-21,2024-25,ok,17,1.225
2026-07-22T21:57:32.087069,1610612755,vs_opponent,1610612751,2024-11-21,2024-25,empty,0,2.013
2026-07-22T21:57:33.987084,1610612751,vs_opponent,1610612755,2024-11-21,2024-25,empty,0,1.186
2026-07-22T21:57:35.780300,1610612761,vs_opponent,1610612750,2024-11-20,2024-25,ok,18,1.078
2026-07-22T21:57:43.589250,1610612750,vs_opponent,1610612761,2024-11-20,2024-25,ok,18,7.075
2026-07-22T21:57:45.812136,1610612747,vs_opponent,1610612753,2024-11-20,2024-25,empty,0,1.508
2026-07-22T21:57:47.648705,1610612753,vs_opponent,1610612747,2024-11-20,2024-25,empty,0,1.13
2026-07-22T21:57:49.810586,1610612759,vs_opponent,1610612762,2024-11-20,2024-25,ok,18,1.428
2026-07-22T21:57:51.753422,1610612762,vs_opponent,1610612759,2024-11-20,2024-25,ok,18,1.181
2026-07-22T21:57:53.572282,1610612766,vs_opponent,1610612765,2024-11-20,2024-25,ok,18,1.096
2026-07-22T21:57:55.449246,1610612765,vs_opponent,1610612766,2024-11-20,2024-25,ok,17,1.149
2026-07-22T21:57:57.196732,1610612739,vs_opponent,1610612740,2024-11-19,2024-25,ok,17,1.027
2026-07-22T21:57:59.115641,1610612740,vs_opponent,1610612739,2024-11-19,2024-25,ok,18,1.199
2026-07-22T21:58:01.065372,1610612744,vs_opponent,1610612737,2024-11-19,2024-25,empty,0,1.217
2026-07-22T21:58:02.846039,1610612737,vs_opponent,1610612744,2024-11-19,2024-25,empty,0,1.067
2026-07-22T21:58:04.637465,1610612746,vs_opponent,1610612753,2024-11-19,2024-25,empty,0,1.074
2026-07-22T21:58:09.155966,1610612753,vs_opponent,1610612746,2024-11-19,2024-25,empty,0,3.807
2026-07-22T21:58:11.017735,1610612749,vs_opponent,1610612741,2024-11-19,2024-25,ok,18,1.134
2026-07-22T21:58:13.642831,1610612741,vs_opponent,1610612749,2024-11-19,2024-25,ok,18,1.909
2026-07-22T21:58:15.685641,1610612760,vs_opponent,1610612757,2024-11-19,2024-25,ok,18,1.314
2026-07-22T21:58:17.560354,1610612757,vs_opponent,1610612760,2024-11-19,2024-25,ok,18,1.147
2026-07-22T21:58:19.234939,1610612745,vs_opponent,1610612754,2024-11-19,2024-25,empty,0,0.963
2026-07-22T21:58:20.983511,1610612754,vs_opponent,1610612745,2024-11-19,2024-25,empty,0,1.037
2026-07-22T21:58:22.843337,1610612756,vs_opponent,1610612752,2024-11-19,2024-25,empty,0,1.151
2026-07-22T21:58:24.747025,1610612752,vs_opponent,1610612756,2024-11-19,2024-25,empty,0,1.192
2026-07-22T21:58:26.882359,1610612763,vs_opponent,1610612755,2024-11-19,2024-25,ok,18,1.411
2026-07-22T21:58:28.826228,1610612755,vs_opponent,1610612763,2024-11-19,2024-25,ok,17,1.225
2026-07-22T21:58:30.649195,1610612738,vs_opponent,1610612739,2024-11-18,2024-25,empty,0,1.112
2026-07-22T21:58:32.388964,1610612739,vs_opponent,1610612738,2024-11-18,2024-25,empty,0,1.032
2026-07-22T21:58:34.334746,1610612742,vs_opponent,1610612740,2024-11-18,2024-25,empty,0,1.24
2026-07-22T21:58:36.072799,1610612740,vs_opponent,1610612742,2024-11-18,2024-25,empty,0,1.034
2026-07-22T21:58:37.961945,1610612763,vs_opponent,1610612743,2024-11-18,2024-25,ok,18,1.172
2026-07-22T21:58:39.907812,1610612743,vs_opponent,1610612763,2024-11-18,2024-25,ok,18,1.226
2026-07-22T21:58:41.596465,1610612747,vs_opponent,1610612762,2024-11-18,2024-25,empty,0,0.976
2026-07-22T21:58:43.313424,1610612762,vs_opponent,1610612747,2024-11-18,2024-25,empty,0,1.007
2026-07-22T21:58:45.001966,1610612751,vs_opponent,1610612766,2024-11-18,2024-25,empty,0,0.98
2026-07-22T21:58:46.778637,1610612766,vs_opponent,1610612751,2024-11-18,2024-25,empty,0,1.062
2026-07-22T21:58:48.986368,1610612759,vs_opponent,1610612760,2024-11-18,2024-25,ok,18,1.483
2026-07-22T21:58:50.990810,1610612760,vs_opponent,1610612759,2024-11-18,2024-25,ok,18,1.19
2026-07-22T21:58:52.766214,1610612752,vs_opponent,1610612764,2024-11-17,2024-25,empty,0,1.062
2026-07-22T21:58:54.611710,1610612764,vs_opponent,1610612752,2024-11-17,2024-25,empty,0,1.124
2026-07-22T21:58:56.454825,1610612756,vs_opponent,1610612753,2024-11-17,2024-25,empty,0,1.131
2026-07-22T21:58:58.400481,1610612753,vs_opponent,1610612756,2024-11-17,2024-25,empty,0,1.242
2026-07-22T21:59:00.237202,1610612758,vs_opponent,1610612737,2024-11-17,2024-25,ok,17,1.111
2026-07-22T21:59:02.214400,1610612737,vs_opponent,1610612758,2024-11-17,2024-25,ok,18,1.244
2026-07-22T21:59:04.461986,1610612746,vs_opponent,1610612744,2024-11-17,2024-25,ok,18,1.525
2026-07-22T21:59:06.515231,1610612744,vs_opponent,1610612746,2024-11-17,2024-25,ok,17,1.328
2026-07-22T21:59:08.330370,1610612749,vs_opponent,1610612745,2024-11-17,2024-25,empty,0,1.108
2026-07-22T21:59:10.172826,1610612745,vs_opponent,1610612749,2024-11-17,2024-25,empty,0,1.132
2026-07-22T21:59:12.017675,1610612765,vs_opponent,1610612741,2024-11-17,2024-25,empty,0,1.132
2026-07-22T21:59:14.038896,1610612741,vs_opponent,1610612765,2024-11-17,2024-25,empty,0,1.315
2026-07-22T21:59:15.843033,1610612748,vs_opponent,1610612755,2024-11-17,2024-25,empty,0,1.094
2026-07-22T21:59:17.641387,1610612755,vs_opponent,1610612748,2024-11-17,2024-25,empty,0,1.086
2026-07-22T21:59:19.411203,1610612761,vs_opponent,1610612754,2024-11-17,2024-25,empty,0,1.055
2026-07-22T21:59:21.233424,1610612754,vs_opponent,1610612761,2024-11-17,2024-25,empty,0,1.11
2026-07-22T21:59:23.186494,1610612739,vs_opponent,1610612766,2024-11-16,2024-25,empty,0,1.203
2026-07-22T21:59:25.049735,1610612766,vs_opponent,1610612739,2024-11-16,2024-25,empty,0,1.155
2026-07-22T21:59:26.869539,1610612746,vs_opponent,1610612762,2024-11-16,2024-25,empty,0,1.109
2026-07-22T21:59:28.628349,1610612762,vs_opponent,1610612746,2024-11-16,2024-25,empty,0,1.055
2026-07-22T21:59:31.346674,1610612760,vs_opponent,1610612742,2024-11-16,2024-25,empty,0,2.006
2026-07-22T21:59:33.099760,1610612742,vs_opponent,1610612760,2024-11-16,2024-25,empty,0,1.026
2026-07-22T21:59:34.973651,1610612764,vs_opponent,1610612765,2024-11-16,2024-25,empty,0,1.163
2026-07-22T21:59:36.801342,1610612765,vs_opponent,1610612764,2024-11-16,2024-25,empty,0,1.124
2026-07-22T21:59:38.639424,1610612750,vs_opponent,1610612756,2024-11-16,2024-25,empty,0,1.133
2026-07-22T21:59:40.487216,1610612756,vs_opponent,1610612750,2024-11-16,2024-25,empty,0,1.138
2026-07-22T21:59:42.588448,1610612752,vs_opponent,1610612751,2024-11-16,2024-25,ok,17,1.375
2026-07-22T21:59:44.441675,1610612751,vs_opponent,1610612752,2024-11-16,2024-25,ok,18,1.127
2026-07-22T21:59:46.711340,1610612754,vs_opponent,1610612748,2024-11-16,2024-25,ok,17,1.545
2026-07-22T21:59:48.507528,1610612748,vs_opponent,1610612754,2024-11-16,2024-25,ok,17,1.06
2026-07-22T21:59:50.420537,1610612763,vs_opponent,1610612743,2024-11-16,2024-25,empty,0,1.202
2026-07-22T21:59:52.161600,1610612743,vs_opponent,1610612763,2024-11-16,2024-25,empty,0,1.03
2026-07-22T21:59:54.119530,1610612741,vs_opponent,1610612745,2024-11-16,2024-25,empty,0,1.245
2026-07-22T21:59:55.849858,1610612745,vs_opponent,1610612741,2024-11-16,2024-25,empty,0,1.005
2026-07-22T21:59:57.717594,1610612757,vs_opponent,1610612737,2024-11-16,2024-25,empty,0,1.158
2026-07-22T21:59:59.429351,1610612737,vs_opponent,1610612757,2024-11-16,2024-25,empty,0,0.996
2026-07-22T22:00:01.552296,1610612738,vs_opponent,1610612761,2024-11-15,2024-25,empty,0,1.404
2026-07-22T22:00:03.394637,1610612761,vs_opponent,1610612738,2024-11-15,2024-25,empty,0,1.137
2026-07-22T22:00:05.420669,1610612740,vs_opponent,1610612747,2024-11-15,2024-25,empty,0,1.316
2026-07-22T22:00:07.510210,1610612747,vs_opponent,1610612740,2024-11-15,2024-25,empty,0,1.376
2026-07-22T22:00:09.761170,1610612742,vs_opponent,1610612759,2024-11-15,2024-25,ok,18,1.482
2026-07-22T22:00:11.639678,1610612759,vs_opponent,1610612742,2024-11-15,2024-25,ok,18,1.149
2026-07-22T22:00:14.102387,1610612758,vs_opponent,1610612762,2024-11-15,2024-25,ok,17,1.734
2026-07-22T22:00:16.348659,1610612762,vs_opponent,1610612758,2024-11-15,2024-25,ok,18,1.522
2026-07-22T22:00:18.492790,1610612766,vs_opponent,1610612749,2024-11-15,2024-25,empty,0,1.437
2026-07-22T22:00:20.442196,1610612749,vs_opponent,1610612766,2024-11-15,2024-25,empty,0,1.187
2026-07-22T22:00:23.103233,1610612739,vs_opponent,1610612741,2024-11-14,2024-25,ok,17,1.49
2026-07-22T22:00:25.108437,1610612741,vs_opponent,1610612739,2024-11-14,2024-25,ok,18,1.257
2026-07-22T22:00:26.932651,1610612740,vs_opponent,1610612743,2024-11-14,2024-25,empty,0,1.109
2026-07-22T22:00:28.810169,1610612743,vs_opponent,1610612740,2024-11-14,2024-25,empty,0,1.146
2026-07-22T22:00:31.217919,1610612745,vs_opponent,1610612746,2024-11-14,2024-25,ok,17,1.472
2026-07-22T22:00:33.385816,1610612746,vs_opponent,1610612745,2024-11-14,2024-25,ok,18,1.439
2026-07-22T22:00:35.277089,1610612752,vs_opponent,1610612751,2024-11-14,2024-25,empty,0,1.173
2026-07-22T22:00:37.030804,1610612751,vs_opponent,1610612752,2024-11-14,2024-25,empty,0,1.048
2026-07-22T22:00:38.970174,1610612759,vs_opponent,1610612747,2024-11-14,2024-25,empty,0,1.224
2026-07-22T22:00:40.665319,1610612747,vs_opponent,1610612759,2024-11-14,2024-25,empty,0,0.992
2026-07-22T22:00:42.439631,1610612760,vs_opponent,1610612756,2024-11-14,2024-25,empty,0,1.061
2026-07-22T22:00:44.179302,1610612756,vs_opponent,1610612760,2024-11-14,2024-25,empty,0,1.026
2026-07-22T22:00:46.346634,1610612737,vs_opponent,1610612764,2024-11-14,2024-25,ok,18,1.438
2026-07-22T22:00:51.496636,1610612764,vs_opponent,1610612737,2024-11-14,2024-25,ok,18,4.142
2026-07-22T22:00:53.223573,1610612744,vs_opponent,1610612763,2024-11-14,2024-25,empty,0,0.997
2026-07-22T22:00:55.122440,1610612763,vs_opponent,1610612744,2024-11-14,2024-25,empty,0,1.184
2026-07-22T22:00:56.842324,1610612753,vs_opponent,1610612755,2024-11-14,2024-25,empty,0,1.009
2026-07-22T22:00:58.642816,1610612755,vs_opponent,1610612753,2024-11-14,2024-25,empty,0,1.048
2026-07-22T22:01:37.542868,1610612758,vs_opponent,1610612750,2024-11-14,2024-25,empty,0,0.0
2026-07-22T22:01:39.651404,1610612750,vs_opponent,1610612758,2024-11-14,2024-25,ok,18,1.362
2026-07-22T22:01:41.386171,1610612761,vs_opponent,1610612765,2024-11-14,2024-25,empty,0,1.029
2026-07-22T22:01:43.501554,1610612765,vs_opponent,1610612761,2024-11-14,2024-25,empty,0,1.351
2026-07-22T22:01:45.317345,1610612754,vs_opponent,1610612748,2024-11-14,2024-25,empty,0,1.107
2026-07-22T22:01:47.085401,1610612748,vs_opponent,1610612754,2024-11-14,2024-25,empty,0,1.058
2026-07-22T22:01:49.282233,1610612762,vs_opponent,1610612742,2024-11-13,2024-25,ok,18,1.456
2026-07-22T22:01:51.490320,1610612742,vs_opponent,1610612762,2024-11-13,2024-25,ok,18,1.47
2026-07-22T22:01:53.617681,1610612751,vs_opponent,1610612738,2024-11-12,2024-25,ok,18,1.389
2026-07-22T22:01:55.587338,1610612738,vs_opponent,1610612751,2024-11-12,2024-25,ok,17,1.244
2026-07-22T22:01:57.846846,1610612753,vs_opponent,1610612754,2024-11-12,2024-25,ok,17,1.517
2026-07-22T22:02:00.086755,1610612754,vs_opponent,1610612753,2024-11-12,2024-25,ok,17,1.447
2026-07-22T22:02:01.816904,1610612745,vs_opponent,1610612746,2024-11-12,2024-25,empty,0,1.021
2026-07-22T22:02:03.771227,1610612746,vs_opponent,1610612745,2024-11-12,2024-25,empty,0,1.243
2026-07-22T22:02:05.654363,1610612747,vs_opponent,1610612763,2024-11-12,2024-25,ok,18,1.161
2026-07-22T22:02:07.555060,1610612763,vs_opponent,1610612747,2024-11-12,2024-25,ok,18,1.177
2026-07-22T22:02:09.316371,1610612749,vs_opponent,1610612765,2024-11-12,2024-25,empty,0,1.047
2026-07-22T22:02:11.047365,1610612765,vs_opponent,1610612749,2024-11-12,2024-25,empty,0,1.021
2026-07-22T22:02:12.819215,1610612752,vs_opponent,1610612741,2024-11-12,2024-25,empty,0,1.046
2026-07-22T22:02:14.733581,1610612741,vs_opponent,1610612752,2024-11-12,2024-25,empty,0,1.169
2026-07-22T22:02:16.953071,1610612757,vs_opponent,1610612750,2024-11-12,2024-25,ok,18,1.491
2026-07-22T22:02:19.370832,1610612750,vs_opponent,1610612757,2024-11-12,2024-25,ok,18,1.702
2026-07-22T22:02:21.649852,1610612758,vs_opponent,1610612756,2024-11-12,2024-25,ok,17,1.504
2026-07-22T22:02:23.482054,1610612756,vs_opponent,1610612758,2024-11-12,2024-25,ok,17,1.104
2026-07-22T22:02:25.216546,1610612759,vs_opponent,1610612764,2024-11-12,2024-25,empty,0,1.01
2026-07-22T22:02:26.987487,1610612764,vs_opponent,1610612759,2024-11-12,2024-25,empty,0,1.064
2026-07-22T22:02:28.738328,1610612755,vs_opponent,1610612739,2024-11-12,2024-25,empty,0,1.037
2026-07-22T22:02:30.477334,1610612739,vs_opponent,1610612755,2024-11-12,2024-25,empty,0,1.029
2026-07-22T22:02:32.328037,1610612760,vs_opponent,1610612740,2024-11-12,2024-25,empty,0,1.142
2026-07-22T22:02:34.045104,1610612740,vs_opponent,1610612760,2024-11-12,2024-25,empty,0,1.006
2026-07-22T22:02:39.891895,1610612744,vs_opponent,1610612742,2024-11-11,2024-25,empty,0,5.141
2026-07-22T22:02:41.689290,1610612742,vs_opponent,1610612744,2024-11-11,2024-25,empty,0,1.094
2026-07-22T22:02:44.094977,1610612749,vs_opponent,1610612761,2024-11-11,2024-25,empty,0,1.692
2026-07-22T22:02:45.833546,1610612761,vs_opponent,1610612749,2024-11-11,2024-25,empty,0,1.029
2026-07-22T22:02:47.667939,1610612753,vs_opponent,1610612766,2024-11-11,2024-25,empty,0,1.126
2026-07-22T22:02:49.453416,1610612766,vs_opponent,1610612753,2024-11-11,2024-25,empty,0,1.074
2026-07-22T22:02:51.172216,1610612755,vs_opponent,1610612752,2024-11-11,2024-25,empty,0,1.005
2026-07-22T22:02:52.878314,1610612752,vs_opponent,1610612755,2024-11-11,2024-25,empty,0,0.998
2026-07-22T22:02:54.683027,1610612762,vs_opponent,1610612756,2024-11-11,2024-25,empty,0,1.092
2026-07-22T22:02:56.429816,1610612756,vs_opponent,1610612762,2024-11-11,2024-25,empty,0,1.039
2026-07-22T22:02:58.268281,1610612765,vs_opponent,1610612748,2024-11-11,2024-25,ok,17,1.094
2026-07-22T22:03:00.141442,1610612748,vs_opponent,1610612765,2024-11-11,2024-25,ok,17,1.136
2026-07-22T22:03:01.905377,1610612738,vs_opponent,1610612737,2024-11-11,2024-25,ok,17,1.038
2026-07-22T22:03:04.546971,1610612737,vs_opponent,1610612738,2024-11-11,2024-25,ok,18,1.804
2026-07-22T22:03:06.297939,1610612757,vs_opponent,1610612750,2024-11-11,2024-25,ok,18,1.025
2026-07-22T22:03:08.457007,1610612750,vs_opponent,1610612757,2024-11-11,2024-25,ok,18,1.443
2026-07-22T22:03:10.327990,1610612740,vs_opponent,1610612751,2024-11-10,2024-25,empty,0,1.15
2026-07-22T22:03:15.225704,1610612751,vs_opponent,1610612740,2024-11-10,2024-25,empty,0,4.169
2026-07-22T22:03:17.073388,1610612741,vs_opponent,1610612739,2024-11-10,2024-25,empty,0,1.139
2026-07-22T22:03:18.741746,1610612739,vs_opponent,1610612741,2024-11-10,2024-25,empty,0,0.961
2026-07-22T22:03:20.406431,1610612759,vs_opponent,1610612758,2024-11-10,2024-25,empty,0,0.954
2026-07-22T22:03:22.564867,1610612758,vs_opponent,1610612759,2024-11-10,2024-25,empty,0,1.448
2026-07-22T22:03:24.689110,1610612760,vs_opponent,1610612746,2024-11-10,2024-25,ok,18,1.371
2026-07-22T22:03:26.969247,1610612746,vs_opponent,1610612760,2024-11-10,2024-25,ok,18,1.349
2026-07-22T22:03:29.161505,1610612745,vs_opponent,1610612764,2024-11-10,2024-25,empty,0,1.481
2026-07-22T22:03:33.249278,1610612764,vs_opponent,1610612745,2024-11-10,2024-25,empty,0,3.372
2026-07-22T22:03:34.943480,1610612743,vs_opponent,1610612742,2024-11-09,2024-25,empty,0,0.977
2026-07-22T22:03:36.825888,1610612742,vs_opponent,1610612743,2024-11-09,2024-25,empty,0,1.172
2026-07-22T22:03:38.681013,1610612749,vs_opponent,1610612738,2024-11-09,2024-25,ok,18,1.118
2026-07-22T22:03:40.599763,1610612738,vs_opponent,1610612749,2024-11-09,2024-25,ok,17,1.197
2026-07-22T22:03:42.296238,1610612750,vs_opponent,1610612748,2024-11-09,2024-25,empty,0,0.987
2026-07-22T22:03:44.002237,1610612748,vs_opponent,1610612750,2024-11-09,2024-25,empty,0,0.992
2026-07-22T22:03:45.724189,1610612753,vs_opponent,1610612764,2024-11-09,2024-25,empty,0,1.009
2026-07-22T22:03:47.481320,1610612764,vs_opponent,1610612753,2024-11-09,2024-25,empty,0,1.036
2026-07-22T22:03:49.224487,1610612757,vs_opponent,1610612763,2024-11-09,2024-25,empty,0,1.035
2026-07-22T22:03:50.966398,1610612763,vs_opponent,1610612757,2024-11-09,2024-25,empty,0,1.035
2026-07-22T22:03:52.917567,1610612747,vs_opponent,1610612761,2024-11-09,2024-25,ok,18,1.198
2026-07-22T22:03:54.925855,1610612761,vs_opponent,1610612747,2024-11-09,2024-25,ok,18,1.235
2026-07-22T22:03:56.709534,1610612756,vs_opponent,1610612758,2024-11-09,2024-25,empty,0,1.07
2026-07-22T22:03:58.440585,1610612758,vs_opponent,1610612756,2024-11-09,2024-25,empty,0,1.019
2026-07-22T22:04:00.330977,1610612765,vs_opponent,1610612745,2024-11-09,2024-25,empty,0,1.181
2026-07-22T22:04:02.021208,1610612745,vs_opponent,1610612765,2024-11-09,2024-25,empty,0,0.984
2026-07-22T22:04:03.856731,1610612754,vs_opponent,1610612752,2024-11-09,2024-25,ok,17,1.089
2026-07-22T22:04:05.648700,1610612752,vs_opponent,1610612754,2024-11-09,2024-25,ok,15,1.065
2026-07-22T22:04:07.507669,1610612755,vs_opponent,1610612766,2024-11-09,2024-25,empty,0,1.145
2026-07-22T22:04:09.192695,1610612766,vs_opponent,1610612755,2024-11-09,2024-25,empty,0,0.979
2026-07-22T22:04:11.239526,1610612760,vs_opponent,1610612744,2024-11-09,2024-25,empty,0,1.338
2026-07-22T22:04:12.969492,1610612744,vs_opponent,1610612760,2024-11-09,2024-25,empty,0,1.02
2026-07-22T22:04:14.784080,1610612737,vs_opponent,1610612741,2024-11-08,2024-25,empty,0,1.1
2026-07-22T22:04:16.475591,1610612741,vs_opponent,1610612737,2024-11-08,2024-25,empty,0,0.986
2026-07-22T22:04:18.306890,1610612739,vs_opponent,1610612751,2024-11-08,2024-25,empty,0,1.125
2026-07-22T22:04:20.066026,1610612751,vs_opponent,1610612739,2024-11-08,2024-25,empty,0,1.048
2026-07-22T22:04:22.194994,1610612746,vs_opponent,1610612761,2024-11-08,2024-25,empty,0,1.417
2026-07-22T22:04:24.117382,1610612761,vs_opponent,1610612746,2024-11-08,2024-25,empty,0,1.211
2026-07-22T22:04:26.259398,1610612759,vs_opponent,1610612762,2024-11-08,2024-25,ok,18,1.394
2026-07-22T22:04:28.270862,1610612762,vs_opponent,1610612759,2024-11-08,2024-25,ok,18,1.284
2026-07-22T22:04:30.430307,1610612742,vs_opponent,1610612756,2024-11-07,2024-25,ok,18,1.418
2026-07-22T22:04:32.415950,1610612756,vs_opponent,1610612742,2024-11-07,2024-25,ok,17,1.238
2026-07-22T22:04:34.315129,1610612743,vs_opponent,1610612748,2024-11-07,2024-25,empty,0,1.185
2026-07-22T22:04:36.112719,1610612748,vs_opponent,1610612743,2024-11-07,2024-25,empty,0,1.089
2026-07-22T22:04:38.029791,1610612750,vs_opponent,1610612757,2024-11-07,2024-25,empty,0,1.208
2026-07-22T22:04:39.806856,1610612757,vs_opponent,1610612750,2024-11-07,2024-25,empty,0,1.065
2026-07-22T22:04:41.548800,1610612753,vs_opponent,1610612740,2024-11-07,2024-25,empty,0,1.029
2026-07-22T22:04:43.395917,1610612740,vs_opponent,1610612753,2024-11-07,2024-25,empty,0,1.137
2026-07-22T22:04:45.304539,1610612758,vs_opponent,1610612746,2024-11-07,2024-25,empty,0,1.199
2026-07-22T22:04:47.060954,1610612746,vs_opponent,1610612758,2024-11-07,2024-25,empty,0,1.043
2026-07-22T22:04:48.824825,1610612760,vs_opponent,1610612745,2024-11-07,2024-25,empty,0,1.053
2026-07-22T22:04:50.662468,1610612745,vs_opponent,1610612760,2024-11-07,2024-25,empty,0,1.132
2026-07-22T22:04:52.408073,1610612763,vs_opponent,1610612764,2024-11-07,2024-25,empty,0,1.038
2026-07-22T22:04:54.256530,1610612764,vs_opponent,1610612763,2024-11-07,2024-25,empty,0,1.141
2026-07-22T22:04:56.049936,1610612766,vs_opponent,1610612754,2024-11-07,2024-25,empty,0,1.081
2026-07-22T22:04:57.935247,1610612754,vs_opponent,1610612766,2024-11-07,2024-25,empty,0,1.182
2026-07-22T22:04:59.938907,1610612739,vs_opponent,1610612744,2024-11-07,2024-25,empty,0,1.298
2026-07-22T22:05:01.671914,1610612744,vs_opponent,1610612739,2024-11-07,2024-25,empty,0,1.027
2026-07-22T22:05:03.504209,1610612747,vs_opponent,1610612755,2024-11-07,2024-25,empty,0,1.115
2026-07-22T22:05:05.251258,1610612755,vs_opponent,1610612747,2024-11-07,2024-25,empty,0,1.019
2026-07-22T22:05:06.964181,1610612752,vs_opponent,1610612749,2024-11-07,2024-25,empty,0,1.005
2026-07-22T22:05:08.737647,1610612749,vs_opponent,1610612752,2024-11-07,2024-25,empty,0,1.065
2026-07-22T22:05:10.617589,1610612765,vs_opponent,1610612737,2024-11-07,2024-25,empty,0,1.168
2026-07-22T22:05:12.485872,1610612737,vs_opponent,1610612765,2024-11-07,2024-25,empty,0,1.154
2026-07-22T22:05:14.302741,1610612738,vs_opponent,1610612751,2024-11-07,2024-25,empty,0,1.001
2026-07-22T22:05:16.187286,1610612751,vs_opponent,1610612738,2024-11-07,2024-25,empty,0,1.07
2026-07-22T22:05:17.911824,1610612749,vs_opponent,1610612762,2024-11-06,2024-25,empty,0,0.987
2026-07-22T22:05:19.636777,1610612762,vs_opponent,1610612749,2024-11-06,2024-25,empty,0,1.011
2026-07-22T22:05:21.489361,1610612741,vs_opponent,1610612750,2024-11-06,2024-25,empty,0,1.144
2026-07-22T22:05:23.251830,1610612750,vs_opponent,1610612741,2024-11-06,2024-25,empty,0,1.008
2026-07-22T22:05:24.960507,1610612759,vs_opponent,1610612757,2024-11-06,2024-25,empty,0,0.993
2026-07-22T22:05:26.924873,1610612757,vs_opponent,1610612759,2024-11-06,2024-25,empty,0,1.254
2026-07-22T22:05:28.656963,1610612738,vs_opponent,1610612744,2024-11-05,2024-25,empty,0,1.018
2026-07-22T22:05:30.676312,1610612744,vs_opponent,1610612738,2024-11-05,2024-25,empty,0,1.311
2026-07-22T22:05:32.388877,1610612740,vs_opponent,1610612739,2024-11-05,2024-25,empty,0,1.005
2026-07-22T22:05:34.131063,1610612739,vs_opponent,1610612740,2024-11-05,2024-25,empty,0,1.029
2026-07-22T22:05:35.973102,1610612742,vs_opponent,1610612741,2024-11-05,2024-25,empty,0,1.132
2026-07-22T22:05:37.673227,1610612741,vs_opponent,1610612742,2024-11-05,2024-25,empty,0,0.99
2026-07-22T22:05:39.953139,1610612745,vs_opponent,1610612759,2024-11-05,2024-25,ok,17,1.437
2026-07-22T22:05:42.169183,1610612759,vs_opponent,1610612745,2024-11-05,2024-25,ok,18,1.487
2026-07-22T22:05:43.890958,1610612756,vs_opponent,1610612748,2024-11-05,2024-25,empty,0,1.001
2026-07-22T22:05:45.700490,1610612748,vs_opponent,1610612756,2024-11-05,2024-25,empty,0,1.105
2026-07-22T22:05:47.452773,1610612766,vs_opponent,1610612765,2024-11-05,2024-25,empty,0,1.041
2026-07-22T22:05:49.207780,1610612765,vs_opponent,1610612766,2024-11-05,2024-25,empty,0,1.033
2026-07-22T22:05:51.044621,1610612737,vs_opponent,1610612752,2024-11-05,2024-25,empty,0,1.128
2026-07-22T22:05:52.824643,1610612752,vs_opponent,1610612737,2024-11-05,2024-25,empty,0,1.07
2026-07-22T22:05:54.661311,1610612743,vs_opponent,1610612760,2024-11-05,2024-25,ok,18,1.112
2026-07-22T22:05:56.776187,1610612760,vs_opponent,1610612743,2024-11-05,2024-25,ok,18,1.383
2026-07-22T22:05:58.726060,1610612746,vs_opponent,1610612755,2024-11-05,2024-25,empty,0,1.242
2026-07-22T22:06:00.776314,1610612755,vs_opponent,1610612746,2024-11-05,2024-25,empty,0,1.336
2026-07-22T22:06:02.936578,1610612754,vs_opponent,1610612753,2024-11-05,2024-25,ok,17,1.423
2026-07-22T22:06:05.250693,1610612753,vs_opponent,1610612754,2024-11-05,2024-25,ok,17,1.575
2026-07-22T22:06:07.114133,1610612758,vs_opponent,1610612761,2024-11-05,2024-25,ok,17,1.132
2026-07-22T22:06:09.275345,1610612761,vs_opponent,1610612758,2024-11-05,2024-25,ok,18,1.433
2026-07-22T22:06:11.001700,1610612763,vs_opponent,1610612747,2024-11-05,2024-25,empty,0,1.016
2026-07-22T22:06:12.727006,1610612747,vs_opponent,1610612763,2024-11-05,2024-25,empty,0,1.01
2026-07-22T22:06:14.865389,1610612740,vs_opponent,1610612757,2024-11-03,2024-25,ok,17,1.404
2026-07-22T22:06:16.655590,1610612757,vs_opponent,1610612740,2024-11-03,2024-25,ok,18,1.057
2026-07-22T22:06:18.491596,1610612748,vs_opponent,1610612758,2024-11-03,2024-25,empty,0,1.121
2026-07-22T22:06:20.232071,1610612758,vs_opponent,1610612748,2024-11-03,2024-25,empty,0,1.031
2026-07-22T22:06:22.078260,1610612760,vs_opponent,1610612753,2024-11-03,2024-25,empty,0,1.118
2026-07-22T22:06:23.862101,1610612753,vs_opponent,1610612760,2024-11-03,2024-25,empty,0,1.045
2026-07-22T22:06:25.826828,1610612737,vs_opponent,1610612738,2024-11-03,2024-25,empty,0,1.251
2026-07-22T22:06:27.756895,1610612738,vs_opponent,1610612737,2024-11-03,2024-25,empty,0,1.223
2026-07-22T22:06:29.827799,1610612739,vs_opponent,1610612749,2024-11-03,2024-25,ok,17,1.337
2026-07-22T22:06:31.649735,1610612749,vs_opponent,1610612739,2024-11-03,2024-25,ok,18,1.089
2026-07-22T22:06:33.350424,1610612741,vs_opponent,1610612762,2024-11-03,2024-25,empty,0,0.994
2026-07-22T22:06:37.132786,1610612762,vs_opponent,1610612741,2024-11-03,2024-25,empty,0,3.079
2026-07-22T22:06:39.288996,1610612743,vs_opponent,1610612761,2024-11-03,2024-25,ok,18,1.442
2026-07-22T22:06:41.457885,1610612761,vs_opponent,1610612743,2024-11-03,2024-25,ok,18,1.447
2026-07-22T22:06:43.155629,1610612745,vs_opponent,1610612752,2024-11-03,2024-25,empty,0,0.983
2026-07-22T22:06:44.884411,1610612752,vs_opponent,1610612745,2024-11-03,2024-25,empty,0,1.016
2026-07-22T22:06:46.991892,1610612746,vs_opponent,1610612759,2024-11-03,2024-25,empty,0,1.394
2026-07-22T22:06:49.810739,1610612759,vs_opponent,1610612746,2024-11-03,2024-25,empty,0,2.107
2026-07-22T22:06:51.604611,1610612750,vs_opponent,1610612766,2024-11-03,2024-25,empty,0,1.069
2026-07-22T22:06:53.352896,1610612766,vs_opponent,1610612750,2024-11-03,2024-25,empty,0,1.045
2026-07-22T22:06:55.428348,1610612751,vs_opponent,1610612763,2024-11-03,2024-25,ok,18,1.338
2026-07-22T22:06:57.356299,1610612763,vs_opponent,1610612751,2024-11-03,2024-25,ok,18,1.191
2026-07-22T22:06:59.298630,1610612756,vs_opponent,1610612755,2024-11-03,2024-25,empty,0,1.23
2026-07-22T22:07:01.332524,1610612755,vs_opponent,1610612756,2024-11-03,2024-25,empty,0,1.329
2026-07-22T22:07:04.169300,1610612765,vs_opponent,1610612747,2024-11-03,2024-25,empty,0,2.115
2026-07-22T22:07:05.881353,1610612747,vs_opponent,1610612765,2024-11-03,2024-25,empty,0,1.006
2026-07-22T22:07:08.249564,1610612742,vs_opponent,1610612754,2024-11-03,2024-25,empty,0,1.66
2026-07-22T22:07:10.037078,1610612754,vs_opponent,1610612742,2024-11-03,2024-25,empty,0,1.08
2026-07-22T22:07:11.896833,1610612764,vs_opponent,1610612744,2024-11-03,2024-25,empty,0,1.133
2026-07-22T22:07:13.890106,1610612744,vs_opponent,1610612764,2024-11-03,2024-25,empty,0,1.245
2026-07-22T22:07:15.633788,1610612742,vs_opponent,1610612753,2024-11-02,2024-25,empty,0,1.031
2026-07-22T22:07:17.413174,1610612753,vs_opponent,1610612742,2024-11-02,2024-25,empty,0,1.072
2026-07-22T22:07:19.206532,1610612740,vs_opponent,1610612737,2024-11-02,2024-25,empty,0,1.087
2026-07-22T22:07:21.095105,1610612737,vs_opponent,1610612740,2024-11-02,2024-25,empty,0,1.164
2026-07-22T22:07:22.909237,1610612751,vs_opponent,1610612765,2024-11-02,2024-25,empty,0,1.104
2026-07-22T22:07:24.625334,1610612765,vs_opponent,1610612751,2024-11-02,2024-25,empty,0,1.005
2026-07-22T22:07:26.345069,1610612746,vs_opponent,1610612760,2024-11-01,2024-25,empty,0,1.008
2026-07-22T22:07:28.105195,1610612760,vs_opponent,1610612746,2024-11-01,2024-25,empty,0,1.057
2026-07-22T22:07:32.934230,1610612755,vs_opponent,1610612763,2024-11-01,2024-25,empty,0,4.049
2026-07-22T22:07:35.129494,1610612763,vs_opponent,1610612755,2024-11-01,2024-25,empty,0,1.483
2026-07-22T22:07:37.208292,1610612756,vs_opponent,1610612757,2024-11-01,2024-25,empty,0,1.221
2026-07-22T22:07:39.630952,1610612757,vs_opponent,1610612756,2024-11-01,2024-25,empty,0,1.709
2026-07-22T22:07:41.475544,1610612761,vs_opponent,1610612758,2024-11-01,2024-25,empty,0,1.126
2026-07-22T22:07:43.216660,1610612758,vs_opponent,1610612761,2024-11-01,2024-25,empty,0,1.026
2026-07-22T22:07:45.000544,1610612766,vs_opponent,1610612738,2024-11-01,2024-25,ok,18,1.052
2026-07-22T22:07:47.556647,1610612738,vs_opponent,1610612766,2024-11-01,2024-25,ok,17,1.508
2026-07-22T22:07:49.347240,1610612745,vs_opponent,1610612744,2024-11-01,2024-25,empty,0,1.076
2026-07-22T22:07:51.054494,1610612744,vs_opponent,1610612745,2024-11-01,2024-25,empty,0,1.002
2026-07-22T22:07:52.747823,1610612749,vs_opponent,1610612739,2024-11-01,2024-25,empty,0,0.983
2026-07-22T22:07:54.786143,1610612739,vs_opponent,1610612749,2024-11-01,2024-25,empty,0,1.316
2026-07-22T22:07:56.488560,1610612759,vs_opponent,1610612750,2024-11-01,2024-25,empty,0,0.994
2026-07-22T22:07:58.476529,1610612750,vs_opponent,1610612759,2024-11-01,2024-25,empty,0,1.185
2026-07-22T22:08:00.273851,1610612743,vs_opponent,1610612762,2024-11-01,2024-25,empty,0,1.084
2026-07-22T22:08:02.672728,1610612762,vs_opponent,1610612743,2024-11-01,2024-25,empty,0,1.686
2026-07-22T22:08:04.445658,1610612737,vs_opponent,1610612758,2024-10-31,2024-25,empty,0,1.065
2026-07-22T22:08:06.256721,1610612758,vs_opponent,1610612737,2024-10-31,2024-25,empty,0,1.107
2026-07-22T22:08:08.000166,1610612751,vs_opponent,1610612741,2024-10-31,2024-25,empty,0,1.037
2026-07-22T22:08:09.851099,1610612741,vs_opponent,1610612751,2024-10-31,2024-25,empty,0,1.146
2026-07-22T22:08:11.665880,1610612757,vs_opponent,1610612760,2024-10-31,2024-25,empty,0,1.019
2026-07-22T22:08:13.379966,1610612760,vs_opponent,1610612757,2024-10-31,2024-25,empty,0,1.005
2026-07-22T22:08:15.221260,1610612739,vs_opponent,1610612753,2024-10-31,2024-25,empty,0,1.116
2026-07-22T22:08:16.979195,1610612753,vs_opponent,1610612739,2024-10-31,2024-25,empty,0,1.045
2026-07-22T22:08:18.982428,1610612740,vs_opponent,1610612754,2024-10-31,2024-25,empty,0,1.294
2026-07-22T22:08:20.930223,1610612754,vs_opponent,1610612740,2024-10-31,2024-25,empty,0,1.243
2026-07-22T22:08:22.838092,1610612750,vs_opponent,1610612743,2024-10-31,2024-25,empty,0,1.2
2026-07-22T22:08:24.750509,1610612743,vs_opponent,1610612750,2024-10-31,2024-25,empty,0,1.199
2026-07-22T22:08:26.634913,1610612761,vs_opponent,1610612747,2024-10-31,2024-25,empty,0,1.177
2026-07-22T22:08:28.487995,1610612747,vs_opponent,1610612761,2024-10-31,2024-25,empty,0,1.143
2026-07-22T22:08:30.340208,1610612765,vs_opponent,1610612752,2024-10-31,2024-25,empty,0,1.144
2026-07-22T22:08:32.092423,1610612752,vs_opponent,1610612765,2024-10-31,2024-25,empty,0,1.044
2026-07-22T22:08:33.847757,1610612766,vs_opponent,1610612738,2024-10-31,2024-25,empty,0,1.047
2026-07-22T22:08:36.391923,1610612738,vs_opponent,1610612766,2024-10-31,2024-25,empty,0,1.836
2026-07-22T22:08:38.307089,1610612742,vs_opponent,1610612745,2024-10-30,2024-25,empty,0,1.2
2026-07-22T22:08:40.100613,1610612745,vs_opponent,1610612742,2024-10-30,2024-25,empty,0,1.011
2026-07-22T22:08:42.096529,1610612762,vs_opponent,1610612759,2024-10-30,2024-25,empty,0,1.291
2026-07-22T22:08:43.795213,1610612759,vs_opponent,1610612762,2024-10-30,2024-25,empty,0,0.996
2026-07-22T22:08:45.578109,1610612763,vs_opponent,1610612749,2024-10-30,2024-25,empty,0,1.067
2026-07-22T22:08:47.418858,1610612749,vs_opponent,1610612763,2024-10-30,2024-25,empty,0,1.131
2026-07-22T22:08:49.210351,1610612746,vs_opponent,1610612756,2024-10-30,2024-25,ok,18,1.058
2026-07-22T22:08:51.154099,1610612756,vs_opponent,1610612746,2024-10-30,2024-25,ok,17,1.211
2026-07-22T22:08:52.890386,1610612741,vs_opponent,1610612753,2024-10-29,2024-25,empty,0,1.03
2026-07-22T22:08:54.646037,1610612753,vs_opponent,1610612741,2024-10-29,2024-25,empty,0,1.047
2026-07-22T22:08:56.388078,1610612748,vs_opponent,1610612752,2024-10-29,2024-25,empty,0,1.02
2026-07-22T22:08:58.107648,1610612752,vs_opponent,1610612748,2024-10-29,2024-25,empty,0,1.015
2026-07-22T22:08:59.794779,1610612754,vs_opponent,1610612738,2024-10-29,2024-25,empty,0,0.98
2026-07-22T22:09:01.557323,1610612738,vs_opponent,1610612754,2024-10-29,2024-25,empty,0,1.054
2026-07-22T22:09:03.371625,1610612764,vs_opponent,1610612737,2024-10-29,2024-25,ok,18,1.08
2026-07-22T22:09:05.229140,1610612737,vs_opponent,1610612764,2024-10-29,2024-25,ok,18,1.133
2026-07-22T22:09:07.085827,1610612739,vs_opponent,1610612747,2024-10-29,2024-25,empty,0,1.152
2026-07-22T22:09:08.796440,1610612747,vs_opponent,1610612739,2024-10-29,2024-25,empty,0,0.995
2026-07-22T22:09:10.632582,1610612744,vs_opponent,1610612740,2024-10-29,2024-25,ok,17,1.095
2026-07-22T22:09:12.618506,1610612740,vs_opponent,1610612744,2024-10-29,2024-25,ok,17,1.257
2026-07-22T22:09:14.403368,1610612746,vs_opponent,1610612757,2024-10-29,2024-25,empty,0,1.072
2026-07-22T22:09:16.197750,1610612757,vs_opponent,1610612746,2024-10-29,2024-25,empty,0,1.054
2026-07-22T22:09:17.915533,1610612755,vs_opponent,1610612765,2024-10-29,2024-25,empty,0,1.005
2026-07-22T22:09:19.639355,1610612765,vs_opponent,1610612755,2024-10-29,2024-25,empty,0,1.013
2026-07-22T22:09:21.485558,1610612760,vs_opponent,1610612759,2024-10-29,2024-25,empty,0,1.141
2026-07-22T22:09:23.293217,1610612759,vs_opponent,1610612760,2024-10-29,2024-25,empty,0,1.087
2026-07-22T22:09:25.107788,1610612763,vs_opponent,1610612751,2024-10-29,2024-25,empty,0,1.104
2026-07-22T22:09:26.867649,1610612751,vs_opponent,1610612763,2024-10-29,2024-25,empty,0,1.047
2026-07-22T22:09:28.690483,1610612766,vs_opponent,1610612761,2024-10-29,2024-25,empty,0,1.108
2026-07-22T22:09:30.433200,1610612761,vs_opponent,1610612766,2024-10-29,2024-25,empty,0,1.032
2026-07-22T22:09:32.191657,1610612751,vs_opponent,1610612743,2024-10-28,2024-25,empty,0,1.052
2026-07-22T22:09:34.060431,1610612743,vs_opponent,1610612751,2024-10-28,2024-25,empty,0,1.158
2026-07-22T22:09:35.802149,1610612762,vs_opponent,1610612758,2024-10-28,2024-25,empty,0,1.028
2026-07-22T22:09:37.542698,1610612758,vs_opponent,1610612762,2024-10-28,2024-25,empty,0,1.035
2026-07-22T22:09:39.273136,1610612744,vs_opponent,1610612740,2024-10-28,2024-25,empty,0,1.024
2026-07-22T22:09:41.179399,1610612740,vs_opponent,1610612744,2024-10-28,2024-25,empty,0,1.2
2026-07-22T22:09:42.962600,1610612750,vs_opponent,1610612742,2024-10-28,2024-25,empty,0,1.071
2026-07-22T22:09:45.041553,1610612742,vs_opponent,1610612750,2024-10-28,2024-25,empty,0,1.256
2026-07-22T22:09:46.820607,1610612738,vs_opponent,1610612749,2024-10-27,2024-25,empty,0,1.038
2026-07-22T22:09:48.660190,1610612749,vs_opponent,1610612738,2024-10-27,2024-25,empty,0,1.135
2026-07-22T22:09:50.438271,1610612752,vs_opponent,1610612739,2024-10-27,2024-25,empty,0,1.067
2026-07-22T22:09:52.245157,1610612739,vs_opponent,1610612752,2024-10-27,2024-25,empty,0,1.097
2026-07-22T22:09:53.958342,1610612753,vs_opponent,1610612754,2024-10-27,2024-25,empty,0,1.009
2026-07-22T22:09:55.697368,1610612754,vs_opponent,1610612753,2024-10-27,2024-25,empty,0,1.037
2026-07-22T22:09:57.492638,1610612758,vs_opponent,1610612757,2024-10-27,2024-25,empty,0,1.09
2026-07-22T22:09:59.512527,1610612757,vs_opponent,1610612758,2024-10-27,2024-25,empty,0,1.315
2026-07-22T22:10:01.394674,1610612759,vs_opponent,1610612745,2024-10-27,2024-25,ok,18,1.141
2026-07-22T22:10:03.409536,1610612745,vs_opponent,1610612759,2024-10-27,2024-25,ok,17,1.291
2026-07-22T22:10:05.156590,1610612763,vs_opponent,1610612741,2024-10-27,2024-25,empty,0,1.04
2026-07-22T22:10:06.935370,1610612741,vs_opponent,1610612763,2024-10-27,2024-25,empty,0,1.067
2026-07-22T22:10:08.838866,1610612737,vs_opponent,1610612764,2024-10-27,2024-25,empty,0,1.173
2026-07-22T22:10:10.595462,1610612764,vs_opponent,1610612737,2024-10-27,2024-25,empty,0,1.05
2026-07-22T22:10:12.442902,1610612742,vs_opponent,1610612762,2024-10-27,2024-25,empty,0,1.136
2026-07-22T22:10:14.216941,1610612762,vs_opponent,1610612742,2024-10-27,2024-25,empty,0,1.065
2026-07-22T22:10:16.248422,1610612748,vs_opponent,1610612765,2024-10-27,2024-25,empty,0,1.197
2026-07-22T22:10:18.338423,1610612765,vs_opponent,1610612748,2024-10-27,2024-25,empty,0,1.385
2026-07-22T22:10:20.061159,1610612761,vs_opponent,1610612743,2024-10-27,2024-25,empty,0,0.997
2026-07-22T22:10:21.935616,1610612743,vs_opponent,1610612761,2024-10-27,2024-25,empty,0,1.125
2026-07-22T22:10:24.226386,1610612756,vs_opponent,1610612747,2024-10-27,2024-25,ok,17,1.552
2026-07-22T22:10:26.420205,1610612747,vs_opponent,1610612756,2024-10-27,2024-25,ok,18,1.458
2026-07-22T22:10:28.186777,1610612751,vs_opponent,1610612749,2024-10-26,2024-25,empty,0,1.057
2026-07-22T22:10:29.952349,1610612749,vs_opponent,1610612751,2024-10-26,2024-25,empty,0,1.057
2026-07-22T22:10:31.725246,1610612754,vs_opponent,1610612755,2024-10-26,2024-25,empty,0,1.064
2026-07-22T22:10:33.534056,1610612755,vs_opponent,1610612754,2024-10-26,2024-25,empty,0,1.101
2026-07-22T22:10:35.332357,1610612757,vs_opponent,1610612740,2024-10-26,2024-25,ok,18,1.064
2026-07-22T22:10:37.538871,1610612740,vs_opponent,1610612757,2024-10-26,2024-25,ok,17,1.44
2026-07-22T22:10:39.306540,1610612760,vs_opponent,1610612737,2024-10-26,2024-25,empty,0,1.055
2026-07-22T22:10:41.081147,1610612737,vs_opponent,1610612760,2024-10-26,2024-25,empty,0,1.068
2026-07-22T22:10:42.844568,1610612744,vs_opponent,1610612746,2024-10-26,2024-25,empty,0,1.056
2026-07-22T22:10:44.596440,1610612746,vs_opponent,1610612744,2024-10-26,2024-25,empty,0,1.044
2026-07-22T22:10:46.515702,1610612741,vs_opponent,1610612760,2024-10-25,2024-25,empty,0,1.205
2026-07-22T22:10:48.283300,1610612760,vs_opponent,1610612741,2024-10-25,2024-25,empty,0,1.06
2026-07-22T22:10:50.081166,1610612747,vs_opponent,1610612758,2024-10-25,2024-25,empty,0,1.088
2026-07-22T22:10:52.178795,1610612758,vs_opponent,1610612747,2024-10-25,2024-25,empty,0,1.385
2026-07-22T22:10:53.901970,1610612756,vs_opponent,1610612742,2024-10-25,2024-25,empty,0,1.009
2026-07-22T22:10:55.662208,1610612742,vs_opponent,1610612756,2024-10-25,2024-25,empty,0,1.051
2026-07-22T22:10:57.387404,1610612763,vs_opponent,1610612753,2024-10-25,2024-25,empty,0,1.011
2026-07-22T22:10:59.447939,1610612753,vs_opponent,1610612763,2024-10-25,2024-25,empty,0,1.327
2026-07-22T22:11:01.295584,1610612765,vs_opponent,1610612738,2024-10-25,2024-25,empty,0,1.125
2026-07-22T22:11:03.024345,1610612738,vs_opponent,1610612765,2024-10-25,2024-25,empty,0,1.019
2026-07-22T22:11:04.852663,1610612743,vs_opponent,1610612746,2024-10-25,2024-25,empty,0,1.062
2026-07-22T22:11:06.627295,1610612746,vs_opponent,1610612743,2024-10-25,2024-25,empty,0,1.055
2026-07-22T22:11:08.380839,1610612759,vs_opponent,1610612745,2024-10-25,2024-25,empty,0,1.038
2026-07-22T22:11:10.345422,1610612745,vs_opponent,1610612759,2024-10-25,2024-25,empty,0,1.178
2026-07-22T22:11:12.475390,1610612764,vs_opponent,1610612739,2024-10-25,2024-25,empty,0,1.419
2026-07-22T22:11:14.266275,1610612739,vs_opponent,1610612764,2024-10-25,2024-25,empty,0,1.084
2026-07-22T22:11:16.066841,1610612750,vs_opponent,1610612761,2024-10-25,2024-25,empty,0,1.088
2026-07-22T22:11:17.859740,1610612761,vs_opponent,1610612750,2024-10-25,2024-25,empty,0,1.08
2026-07-22T22:11:19.803086,1610612766,vs_opponent,1610612748,2024-10-25,2024-25,empty,0,1.238
2026-07-22T22:11:21.641518,1610612748,vs_opponent,1610612766,2024-10-25,2024-25,empty,0,1.11
2026-07-22T22:11:23.431084,1610612737,vs_opponent,1610612766,2024-10-24,2024-25,empty,0,1.076
2026-07-22T22:11:25.213594,1610612766,vs_opponent,1610612737,2024-10-24,2024-25,empty,0,1.066
2026-07-22T22:11:26.993273,1610612745,vs_opponent,1610612763,2024-10-24,2024-25,empty,0,1.065
2026-07-22T22:11:28.693832,1610612763,vs_opponent,1610612745,2024-10-24,2024-25,empty,0,0.982
2026-07-22T22:11:30.420463,1610612752,vs_opponent,1610612754,2024-10-24,2024-25,empty,0,1.016
2026-07-22T22:11:32.237327,1610612754,vs_opponent,1610612752,2024-10-24,2024-25,empty,0,1.114
2026-07-22T22:11:33.947159,1610612739,vs_opponent,1610612765,2024-10-24,2024-25,empty,0,0.996
2026-07-22T22:11:36.077137,1610612765,vs_opponent,1610612739,2024-10-24,2024-25,empty,0,1.364
2026-07-22T22:11:38.039838,1610612747,vs_opponent,1610612756,2024-10-24,2024-25,empty,0,1.187
2026-07-22T22:11:39.899963,1610612756,vs_opponent,1610612747,2024-10-24,2024-25,empty,0,1.132
2026-07-22T22:11:43.804470,1610612753,vs_opponent,1610612751,2024-10-24,2024-25,empty,0,3.194
2026-07-22T22:11:45.703322,1610612751,vs_opponent,1610612753,2024-10-24,2024-25,empty,0,1.187
2026-07-22T22:11:48.725610,1610612757,vs_opponent,1610612740,2024-10-24,2024-25,empty,0,2.316
2026-07-22T22:11:50.477599,1610612740,vs_opponent,1610612757,2024-10-24,2024-25,empty,0,1.027
2026-07-22T22:11:52.210303,1610612761,vs_opponent,1610612755,2024-10-24,2024-25,empty,0,1.019
2026-07-22T22:11:55.637051,1610612755,vs_opponent,1610612761,2024-10-24,2024-25,empty,0,2.718
2026-07-22T22:11:57.405052,1610612762,vs_opponent,1610612744,2024-10-24,2024-25,empty,0,1.061
2026-07-22T22:12:00.348149,1610612744,vs_opponent,1610612762,2024-10-24,2024-25,empty,0,2.241
2026-07-22T22:12:02.035938,1610612749,vs_opponent,1610612741,2024-10-24,2024-25,empty,0,0.98
2026-07-22T22:12:03.806351,1610612741,vs_opponent,1610612749,2024-10-24,2024-25,empty,0,0.992
2026-07-22T22:12:05.570543,1610612764,vs_opponent,1610612738,2024-10-23,2024-25,empty,0,1.059
2026-07-22T22:12:07.312255,1610612738,vs_opponent,1610612764,2024-10-23,2024-25,empty,0,1.031
2026-07-22T22:12:09.155418,1610612742,vs_opponent,1610612759,2024-10-23,2024-25,empty,0,1.133
2026-07-22T22:12:10.886831,1610612759,vs_opponent,1610612742,2024-10-23,2024-25,empty,0,1.021
2026-07-22T22:12:12.552698,1610612743,vs_opponent,1610612760,2024-10-23,2024-25,empty,0,0.96
2026-07-22T22:12:14.300015,1610612760,vs_opponent,1610612743,2024-10-23,2024-25,empty,0,1.035
2026-07-22T22:12:16.042708,1610612758,vs_opponent,1610612750,2024-10-23,2024-25,empty,0,1.032
2026-07-22T22:12:17.785233,1610612750,vs_opponent,1610612758,2024-10-23,2024-25,empty,0,1.04
2026-07-22T22:12:19.440220,1610612745,vs_opponent,1610612766,2024-10-22,2024-25,empty,0,0.949
2026-07-22T22:12:21.212889,1610612766,vs_opponent,1610612745,2024-10-22,2024-25,empty,0,1.046
2026-07-22T22:12:22.911145,1610612746,vs_opponent,1610612756,2024-10-22,2024-25,empty,0,0.995
2026-07-22T22:12:24.576469,1610612756,vs_opponent,1610612746,2024-10-22,2024-25,empty,0,0.959
2026-07-22T22:12:26.347148,1610612757,vs_opponent,1610612744,2024-10-22,2024-25,empty,0,1.062
2026-07-22T22:12:28.053230,1610612744,vs_opponent,1610612757,2024-10-22,2024-25,empty,0,0.996
2026-07-22T22:12:29.751123,1610612762,vs_opponent,1610612763,2024-10-22,2024-25,empty,0,0.98
2026-07-22T22:12:31.539048,1610612763,vs_opponent,1610612762,2024-10-22,2024-25,empty,0,1.079
2026-07-22T22:12:33.222723,1610612765,vs_opponent,1610612754,2024-10-22,2024-25,empty,0,0.976
2026-07-22T22:12:35.045165,1610612754,vs_opponent,1610612765,2024-10-22,2024-25,empty,0,1.116
2026-07-22T22:12:36.822519,1610612737,vs_opponent,1610612751,2024-10-22,2024-25,empty,0,1.012
2026-07-22T22:12:38.502758,1610612751,vs_opponent,1610612737,2024-10-22,2024-25,empty,0,0.974
2026-07-22T22:12:40.215728,1610612740,vs_opponent,1610612741,2024-10-22,2024-25,empty,0,1.006
2026-07-22T22:12:42.014656,1610612741,vs_opponent,1610612740,2024-10-22,2024-25,empty,0,1.086
2026-07-22T22:12:43.884488,1610612748,vs_opponent,1610612753,2024-10-22,2024-25,empty,0,1.159
2026-07-22T22:12:45.599985,1610612753,vs_opponent,1610612748,2024-10-22,2024-25,empty,0,0.989
2026-07-22T22:12:47.356366,1610612761,vs_opponent,1610612739,2024-10-22,2024-25,empty,0,1.05
2026-07-22T22:12:49.195027,1610612739,vs_opponent,1610612761,2024-10-22,2024-25,empty,0,1.119
2026-07-22T22:12:50.892823,1610612755,vs_opponent,1610612749,2024-10-22,2024-25,empty,0,0.988
2026-07-22T22:12:52.654621,1610612749,vs_opponent,1610612755,2024-10-22,2024-25,empty,0,1.058
2026-07-22T22:12:54.469091,1610612738,vs_opponent,1610612752,2024-10-21,2024-25,empty,0,1.1
2026-07-22T22:12:56.233665,1610612752,vs_opponent,1610612738,2024-10-21,2024-25,empty,0,1.023
2026-07-22T22:12:58.111241,1610612747,vs_opponent,1610612750,2024-10-21,2024-25,empty,0,1.155
2026-07-22T22:12:59.940689,1610612750,vs_opponent,1610612747,2024-10-21,2024-25,empty,0,1.123
